subject_id,source_file,gait_label,walk_id,left_knee_angle_mean,left_knee_angle_min,left_knee_angle_max,left_knee_angle_std,right_knee_angle_mean,right_knee_angle_min,right_knee_angle_max,right_knee_angle_std,trunk_lean_mean,trunk_lean_std,pelvis_drop_mean,pelvis_drop_std,sway_std,speed,knee_range_symmetry,ankle_height_range_symmetry
1,human1_antalgic1/human1_antalgic1_SkeletonData1.csv,antalgic,1,158.55940254725385,136.01684732219445,173.24922268185813,9.078099656110588,163.82745964336783,114.0920765670575,178.05577640699704,12.58235246657211,81.4239297691528,2.497303641036377,-0.021992415,0.017177567,0.030092813057283993,0.30061273264933863,26.73132448027586,0.56596994
1,human1_antalgic1/human1_antalgic1_SkeletonData2.csv,antalgic,1,165.05045254807132,137.708276681455,178.6281701777676,10.67558312414227,165.39027387876362,155.02541717447235,176.24884901727933,4.348127116300483,81.91704898493451,2.390018650657324,0.032233767,0.011312014,0.0312812947575931,0.18558783842264143,19.696461653505622,0.24714994
1,human1_antalgic1/human1_antalgic1_SkeletonData3.csv,antalgic,1,157.73926336782412,134.7610005088096,173.57319489376076,10.123511304270632,159.47000249930713,97.06328816179347,179.30750032430754,21.657877448771806,83.26396602856923,3.339967165747862,-0.019946398,0.019118257,0.03000917627670477,0.21663126830828736,43.432017777562905,0.22689605
1,human1_antalgic1/human1_antalgic1_SkeletonData4.csv,antalgic,1,165.51983505429436,135.74181580593992,178.54936432972443,11.348122189534893,166.71944187561394,139.3884563404444,174.64063431778862,5.049914950148005,83.03265292036895,3.092093690607886,0.032163624,0.011424084,0.030443697496466596,0.4700031442394661,7.555370546440287,0.40263128
1,human1_antalgic1/human1_antalgic1_SkeletonData5.csv,antalgic,1,158.23932759532002,134.40385856225427,177.25617716619624,10.598181924833685,163.5075494016588,123.05411896371197,177.39829670137084,12.75751482609118,82.15364957696346,2.5122207889179844,-0.015925718,0.0125176,0.03579268923078909,0.3003944017125724,11.4918591337169,0.6507499
1,human1_antalgic1/human1_antalgic1_SkeletonData6.csv,antalgic,1,164.5743357621202,135.2797789272168,178.4467784004454,11.599137500331288,164.3429250548689,148.88339453666728,174.6042298870528,6.943436774193123,82.97370387362072,2.1596093745840523,0.03126224,0.008949562,0.030754853253371812,0.19377126549127904,17.446164122843072,0.10628009
1,human1_antalgic10/human1_antalgic10_SkeletonData1.csv,antalgic,10,156.69032669183986,130.5633378000592,178.13673850925682,12.762496023522875,164.63474293631228,125.37210287308908,177.8986783042077,10.095874777713016,80.44832420193143,3.2210948043396503,-0.015309031,0.022016807,0.05103115118297537,0.3734685350961293,4.953174721921002,1.2014179
1,human1_antalgic10/human1_antalgic10_SkeletonData2.csv,antalgic,10,161.09001766805085,132.30438151828713,177.24767411956438,13.236120123164856,166.23201522321145,156.0974802653471,175.33747555098412,4.595272180694787,81.07879320511239,2.862866823068643,0.03630385,0.010158279,0.02309408943810264,0.21126816573960663,25.703297315640214,0.917155
1,human1_antalgic10/human1_antalgic10_SkeletonData3.csv,antalgic,10,158.89797154159663,132.5956532805539,178.4539039448726,10.372126768146922,163.6385528382291,116.78061757729682,179.57794043520116,10.062187599201039,82.34092627976966,2.81784957098856,-0.016439993,0.01769459,0.026599326583670944,0.23171658039958745,16.939072193585645,0.38102603
1,human1_antalgic10/human1_antalgic10_SkeletonData4.csv,antalgic,10,164.22457917446656,135.39907496855037,178.41020291226314,11.720474223145322,163.0423702320093,153.18210320931274,173.29580632999702,4.752636138744036,82.34935695228651,2.5587625276408117,0.032524526,0.014991596,0.0252807486746631,0.29257453053705273,22.8974248230285,0.024506092
1,human1_antalgic10/human1_antalgic10_SkeletonData5.csv,antalgic,10,157.43716123150372,122.79326019671196,175.52239207277506,11.099613124020923,160.30855929065132,97.26166876493723,178.39672193862714,16.4981938390654,80.43332449803682,3.0784332736572826,0.0007019538,0.021213997,0.03503359460681291,0.6252610816683913,28.405921297626804,0.55485106
1,human1_antalgic10/human1_antalgic10_SkeletonData6.csv,antalgic,10,163.753579255239,135.8718686659337,177.19220953824419,11.409277145141264,165.69579010645188,155.70448220049673,177.43876140337812,4.6410684795155355,81.36284393191782,2.9811712113694457,0.037438463,0.00867795,0.02750507722251522,0.18227021001908975,19.586061669429085,0.31067395
1,human1_antalgic11/human1_antalgic11_SkeletonData1.csv,antalgic,11,160.20474248100848,135.05819863454,174.7701583559785,10.15439003500561,166.1488373015662,145.66603269804767,178.59861162735965,8.639354674115078,81.66622609994727,2.6822850596174104,-0.014826173,0.017823974,0.05397756748127555,0.2522326706651692,6.779380792126545,0.594327
1,human1_antalgic11/human1_antalgic11_SkeletonData2.csv,antalgic,11,163.74913380450528,132.86866124775605,178.33707003647118,11.893362471867206,165.08526667619788,153.7130910720311,175.4137781758966,5.873647691336983,81.45572347996094,2.524696583308999,0.03745237,0.011906721,0.0341166265012014,0.20479064236223002,23.76772168484962,0.57973933
1,human1_antalgic11/human1_antalgic11_SkeletonData3.csv,antalgic,11,159.14449850033716,130.55741340770726,177.25890603284077,10.722647984921094,162.96439871196893,91.37798707877148,179.57188068231216,15.824717069091298,81.93284409797484,2.807720959577351,-0.018214129,0.018752338,0.026878260343905596,0.2327290763897469,41.49240097840716,0.05893302
1,human1_antalgic11/human1_antalgic11_SkeletonData5.csv,antalgic,11,160.0411318310338,30.876947374455256,179.95777668421496,25.480503523576544,155.05581838362113,21.12997360645069,178.2858688262461,27.35932976694134,79.98414768142631,3.699338617124611,-0.0077001634,0.013266094,0.04206046143409741,0.4125223033761351,8.075065910035704,0.45518994
1,human1_antalgic11/human1_antalgic11_SkeletonData6.csv,antalgic,11,164.15185360129138,135.10668592568445,176.86407100469307,11.706035998466872,166.41610406124587,157.39889000738484,174.55413919040154,3.9309255914287844,80.67955413484218,2.971246402239852,0.031352203,0.012600139,0.03147969358708611,0.20708614595700459,24.60213589599192,0.4705298
1,human1_antalgic12/human1_antalgic12_SkeletonData1.csv,antalgic,12,158.50693492840423,134.81495012892213,176.16354102889977,10.295505144714845,164.40939890221915,146.92736859560674,178.97028080428558,9.462721480266591,80.96048357419787,2.9031183631706114,-0.013893554,0.017325189,0.028781964598698764,0.29123151337577013,9.305678691298795,0.564057
1,human1_antalgic12/human1_antalgic12_SkeletonData2.csv,antalgic,12,163.19587591719764,134.6402631780224,179.78175044057716,12.402982762758468,165.50172318093547,153.17639436340318,174.9867740474344,5.101452726510281,81.53738925597564,2.880798730342363,0.032268733,0.011869322,0.032977656831258466,0.2045124897656781,23.33110757852353,0.47887278
1,human1_antalgic12/human1_antalgic12_SkeletonData3.csv,antalgic,12,158.33421527906572,131.9793473991882,176.557378247812,10.958468491291475,165.0637118675579,139.2816991203295,179.4775437945802,9.29467501070596,82.52746043049345,3.3131610843079113,-0.014765147,0.019027961,0.027405121458363515,0.2783329062556909,4.382186174373089,0.5826249
1,human1_antalgic12/human1_antalgic12_SkeletonData4.csv,antalgic,12,164.30378521464326,132.76375701711098,178.37742907909643,12.036674619379374,165.09044242077258,154.1702666570895,174.9580009885427,4.920240650380597,82.28742945216074,3.2611145930604155,0.03259033,0.014395405,0.028941536926084404,0.26381895368954317,24.825937730532274,0.18397021
1,human1_antalgic12/human1_antalgic12_SkeletonData5.csv,antalgic,12,161.47000652670388,134.68568206667763,176.6996103758503,10.910309595107371,158.3953838986634,113.85687888122483,178.74462062480296,17.97291402126199,81.58701683548372,3.6033401681086175,-0.0038848543,0.014249651,0.046724151845152675,0.45548461879558527,22.87381343440545,0.69582987
1,human1_antalgic12/human1_antalgic12_SkeletonData6.csv,antalgic,12,164.15672425979,133.48016206751484,178.6202186262002,12.811692906174999,165.96053382155847,152.59588703489385,175.96604519458467,5.070402565974646,82.14280407096985,3.332377406177117,0.03432343,0.010591173,0.028184295526820932,0.19743609740469234,21.769898398994542,0.50601983
1,human1_antalgic16/human1_antalgic16_SkeletonData1.csv,antalgic,16,159.0689514271319,129.5237222823632,177.47291031316593,12.571433172267525,156.65582508252766,78.61999829954452,176.23946106147378,26.027921383999725,81.54959141948176,3.9244042523777245,-0.013536466,0.01878698,0.032867736795688864,0.23540946707713722,49.670274731126526,0.091526985
1,human1_antalgic16/human1_antalgic16_SkeletonData2.csv,antalgic,16,163.7840667404312,136.7148505501046,177.33883244204262,11.064077548752119,165.1729590245025,156.3001935378139,174.42130905134002,4.5686071740842,82.83029893936424,3.0796996888365142,0.02577297,0.0106709385,0.035288688404610656,0.1771283099376914,22.50286637841191,0.015245676
1,human1_antalgic16/human1_antalgic16_SkeletonData3.csv,antalgic,16,159.63978219369517,129.9513698173177,175.77547597656903,10.668121923657406,165.87095883569845,144.31124953035643,178.25947955358583,8.540090635372533,82.77508794881645,3.1080788405767694,-0.01683926,0.01447564,0.02734463686440583,0.2270700236805045,11.87587613602193,0.24938679
1,human1_antalgic16/human1_antalgic16_SkeletonData5.csv,antalgic,16,159.70912862560215,134.6965764048662,175.37848951731172,10.04132215573598,165.8863902383256,133.86996736771948,177.4431468725495,9.272163208586688,80.90027283113886,2.876562039516555,-0.010810159,0.0133569725,0.035600137312491016,0.21047657414430132,2.8912663923844946,0.54412985
1,human1_antalgic16/human1_antalgic16_SkeletonData6.csv,antalgic,16,165.00148066745024,138.2463978387876,178.53820003481172,11.28040256232562,167.93239499043207,150.35875156660296,175.57477930623944,4.3461939356133,81.57787284655632,2.7224438199763212,0.031682767,0.01315392,0.03262338201540813,0.18378377588080788,15.075774456387649,0.32177997
1,human1_antalgic17/human1_antalgic17_SkeletonData1.csv,antalgic,17,159.8176989545623,135.62241375606476,175.83256001296277,9.945740412964527,167.04754936901924,149.05172267489613,176.73966793655788,6.729441781455476,82.01121846516567,2.877488331351672,-0.0117605245,0.017534196,0.03099111200140895,0.2321950582381729,12.522200995236261,0.060308218
1,human1_antalgic17/human1_antalgic17_SkeletonData2.csv,antalgic,17,164.62340004932932,133.41735438525203,176.99908442740445,11.821452516417587,166.20002230960114,157.7306906548105,175.0315742577835,3.4191913573795554,81.62769117050605,2.8248173300270754,0.030351084,0.008598807,0.04030423201086376,0.18021590673399807,26.28084643917944,0.17526484
1,human1_antalgic17/human1_antalgic17_SkeletonData3.csv,antalgic,17,159.370462162991,133.23693649799515,177.62507433760874,11.255241271899667,159.48624815838937,62.488690564353455,178.86224323603759,23.708455705123857,82.32827218667532,3.1702300433741444,-0.008809631,0.014557707,0.026088905954969547,0.2189701065851624,71.98541483207055,0.261806
1,human1_antalgic17/human1_antalgic17_SkeletonData4.csv,antalgic,17,163.95507750237232,132.54963565959392,177.45713363853045,11.689269155037445,166.37380245061527,156.60011621096157,174.44622647114585,3.35553449166169,82.3595154007977,2.652092776318703,0.03435885,0.015282694,0.024655681686938144,0.26812046827658825,27.061387718752258,0.16722107
1,human1_antalgic17/human1_antalgic17_SkeletonData5.csv,antalgic,17,158.8437565227721,130.22098431522963,177.38810556051143,10.475486018859142,165.55752419763,147.44407041632894,177.06265839503962,8.40405431812296,80.83423631868672,2.7932936024670654,-0.008041226,0.012216602,0.04723792050990646,0.2551329868679055,17.548533266571127,0.6105659
1,human1_antalgic17/human1_antalgic17_SkeletonData6.csv,antalgic,17,162.0983250885878,126.0345258729415,178.42204335102716,12.749334723243734,168.31401677186057,159.65060268741058,176.27674766442698,3.300141955446014,81.30594977895876,2.8009794656232727,0.03180834,0.010964185,0.02820228405120095,0.18689888028529758,35.76137250106926,0.53864384
1,human1_antalgic2/human1_antalgic2_SkeletonData1.csv,antalgic,2,155.8450686762934,124.99460736714683,174.90153756826425,13.092190323077595,153.0593544619146,84.7393151430863,177.7467723273622,26.603562530122318,80.85778129232024,3.2889797636938933,-0.015972773,0.022310851,0.03982461200383629,0.28175844996832056,43.10052698315849,0.5719769
1,human1_antalgic2/human1_antalgic2_SkeletonData3.csv,antalgic,2,157.72879026354755,131.0667934957084,175.52645673720326,10.68583814590563,164.25111076666394,137.40110375094022,178.1704498164248,10.019594364206752,83.55537778391377,2.7198981490622467,-0.020948954,0.016303787,0.02494236746499682,0.21927937561074606,3.6903171760102964,0.42211795
1,human1_antalgic2/human1_antalgic2_SkeletonData4.csv,antalgic,2,163.63495094481829,138.34816199285257,177.07885030034114,11.545805126264868,162.30183774675638,145.11744645360545,172.5169011138929,6.365633011210403,83.12737395682474,2.52093856686016,0.029739963,0.013644341,0.040170400839236946,0.36095748238628333,11.331233647201117,0.023061037
1,human1_antalgic2/human1_antalgic2_SkeletonData5.csv,antalgic,2,155.46863866378948,126.12222106330667,170.75090228773763,12.564232927402891,155.976841926705,71.48606889011279,177.2136632595815,26.861127937643367,81.38430506988857,3.296840749239303,-0.010648259,0.016701521,0.04429988721118772,0.25471154969487775,61.09891314503774,0.34004974
1,human1_antalgic2/human1_antalgic2_SkeletonData6.csv,antalgic,2,162.19267676578392,131.27319642470283,178.270451871164,12.581442928297776,163.8374353432418,145.21761674340112,176.81724317880696,7.227704579337692,82.87492117327741,2.042098329476646,0.03243317,0.0104471445,0.026656407805497506,0.21714769431571948,15.39762901105533,0.4435799
1,human1_antalgic6/human1_antalgic6_SkeletonData1.csv,antalgic,6,159.6670827270287,134.2702918271869,175.40336641102832,10.787770056581863,152.47010566460554,88.05243641743223,176.5100902489883,27.029697520629185,82.09485557813574,3.035480581263767,-0.013954388,0.015860736,0.031072662387534034,0.25379054515832333,47.32457924771464,0.6008867
1,human1_antalgic6/human1_antalgic6_SkeletonData2.csv,antalgic,6,163.5746015385561,135.7274947664136,177.60300547810442,12.448560572378085,163.67481590863665,148.42465037105276,174.7006654773211,7.059683125532577,82.3981403761437,2.608753182130375,0.034035277,0.0102430135,0.0280809699721221,0.21039447365964084,15.599495605422476,0.47667003
1,human1_antalgic6/human1_antalgic6_SkeletonData3.csv,antalgic,6,158.41639545127785,131.3867684638798,175.80101654067755,10.242417036356882,160.45476193951072,92.14043054764811,179.10804234105382,18.490425615533788,84.23780032346316,2.7808784680925616,-0.016689,0.014174624,0.023259915948490542,0.25720814419183186,42.55336371660796,0.30117702
1,human1_antalgic6/human1_antalgic6_SkeletonData4.csv,antalgic,6,162.93348824257825,133.5279105958728,178.44051796794923,11.538139957230962,161.7692618158811,146.73816976397512,174.534563659732,6.836175296820448,84.05401042196942,2.303798759500923,0.030280901,0.01283463,0.03145367023504898,0.4255111995678987,17.116213476319558,0.104669094
1,human1_antalgic6/human1_antalgic6_SkeletonData5.csv,antalgic,6,159.50154867176687,135.1297114002119,175.57936598810429,10.92998291748469,163.56475254252678,140.2795001793797,179.21522952424053,9.408598107887157,82.66357551696439,2.157867818660567,-0.0047071837,0.012909791,0.03777316565458432,0.2491228126384355,1.513925243031565,0.072920084
1,human1_antalgic6/human1_antalgic6_SkeletonData6.csv,antalgic,6,165.06583695999933,134.98192281528154,179.06201816186712,11.850427371282066,162.83110267776385,145.60311089206658,174.45329999245803,6.927445892111436,83.49659860583584,2.166925479966075,0.035922695,0.0103626475,0.031081370758171568,0.20192384675163358,15.229906246194133,0.031949997
1,human1_lurch1/human1_lurch1_SkeletonData1.csv,lurch,1,161.27973598176578,135.3286795705632,174.37854533288356,11.233422941791087,167.58387064546852,138.01127933496895,179.6279007742695,8.980070770886256,93.09928574961528,5.284423832279355,-0.026097672,0.029350607,0.04888799323628034,0.24003103630472464,2.5667556769801934,0.5585737
1,human1_lurch1/human1_lurch1_SkeletonData2.csv,lurch,1,160.5207644852333,131.32456482933313,178.25012933062945,12.333406686163029,163.40554761377328,143.5161427305298,176.772205111508,9.397812805993016,94.59900858485409,6.705607251992078,0.038179062,0.02616719,0.030847382792658515,0.2324406790727546,13.669502120318128,0.1092155
1,human1_lurch1/human1_lurch1_SkeletonData3.csv,lurch,1,163.25662449566167,135.71137263965198,175.88585921316735,10.78695286419191,161.7107876327027,122.00793780336578,179.00982189491026,14.22073728895543,96.38142922651885,6.093065395329014,-0.01845474,0.030873766,0.037293508224594596,0.2004492260874013,16.827397518029116,0.6464331
1,human1_lurch1/human1_lurch1_SkeletonData4.csv,lurch,1,164.39982621587765,132.391445133916,179.2796550785407,11.6083326531253,163.84772469194738,146.85057852391435,175.0128483569406,6.815929902648553,96.0641914641201,6.968701316451975,0.032657724,0.02860662,0.032966568483111296,0.3325777715066891,18.725940111598476,0.724314
1,human1_lurch1/human1_lurch1_SkeletonData5.csv,lurch,1,165.24692845367204,136.72270473976684,176.23144918413593,10.756566081268192,163.61283817815522,115.11134655215503,177.95922675157468,11.73343374274813,95.03708250697917,5.429456715471591,-0.007598017,0.032709166,0.059946706656613495,0.2185423202769757,23.339135755050563,0.60096
1,human1_lurch1/human1_lurch1_SkeletonData6.csv,lurch,1,161.075413487943,129.47713220756995,177.4634880282392,11.581008202994092,164.91828821746597,140.71415139288456,177.12613645418304,9.052090062843803,96.23757592798108,6.145693196745515,0.030828238,0.026625182,0.03372727821186545,0.20716615121555035,11.574370759370765,0.3879001
1,human1_lurch10/human1_lurch10_SkeletonData1.csv,lurch,10,163.45190114485644,138.58101062519367,175.14148343081908,9.808017986431606,160.29954698316087,119.15461020672804,177.17705155998004,17.191303046557383,93.09044782595257,5.909878595569391,-0.032211676,0.025728572,0.042725947163545434,0.25047632393504493,21.461968547626597,0.6162629
1,human1_lurch10/human1_lurch10_SkeletonData2.csv,lurch,10,161.2408241937279,131.64865105156693,179.32979565651047,12.17035302141386,162.68915023280542,132.80817255078472,177.32447547755788,11.372846141242956,94.4872822180038,6.922128438414663,0.03141955,0.02274594,0.028099525438546834,0.20300747252683285,3.164841678170376,0.23455858
1,human1_lurch10/human1_lurch10_SkeletonData3.csv,lurch,10,164.3864076734305,137.33614071312164,178.16084776191036,10.892005738070456,161.6481069540853,96.87133835849258,176.555772741072,15.850345833142791,95.52035056439881,5.545104916919454,-0.020630669,0.027470253,0.04295961736955632,0.2038847965439662,38.85972733379069,0.27433515
1,human1_lurch10/human1_lurch10_SkeletonData4.csv,lurch,10,165.2633133006462,130.87287126815107,179.50858741108792,11.627118717055046,161.95272067261328,132.1225001691818,176.626712875523,9.152871431125355,95.53986804434274,6.691469482222121,0.028519815,0.021099273,0.04032892153284511,0.3213556785687257,4.1315034365956365,0.43507218
1,human1_lurch10/human1_lurch10_SkeletonData5.csv,lurch,10,165.27887919577108,137.16082011718944,177.1687386946187,9.750727516095676,162.85388984571844,132.25031725558424,178.5927164527017,9.499280901058754,97.08213954506525,7.061877602073026,-0.008792805,0.024548693,0.059950376661604535,0.22049848622859408,6.3344806196882075,0.7318597
1,human1_lurch10/human1_lurch10_SkeletonData6.csv,lurch,10,160.41833745648384,137.83758191665038,176.5785021610422,10.4717512707082,160.70542666192898,134.19510117525172,177.69691365751527,9.68759148370725,97.69826168059426,7.574854716585258,0.032715034,0.0247728,0.032925246438362005,0.19863892736955832,4.7608922378717295,0.5251901
1,human1_lurch11/human1_lurch11_SkeletonData1.csv,lurch,11,162.5951749277134,136.2861352649958,177.19425220997988,11.796984450369528,163.31859559161566,117.75590296273256,177.94095963010673,14.116741083941927,95.70513432592259,6.913516914107975,-0.04537629,0.038414124,0.06617536898824575,0.3663210239488084,19.276939722390097,0.59213686
1,human1_lurch11/human1_lurch11_SkeletonData2.csv,lurch,11,164.1071539649033,144.25260190597626,179.47324526619485,10.774104368489413,162.22341781663022,134.7226061856357,177.1127024854647,11.442292453987505,96.80483216299841,8.030109268383406,0.03731448,0.028080378,0.029127034724243796,0.24193053703410292,7.169452939610409,0.105133295
1,human1_lurch11/human1_lurch11_SkeletonData3.csv,lurch,11,162.10210026671066,135.89907868423114,176.69887096820557,9.762124741249947,156.77688181903235,91.63038911805418,175.8203139890565,19.510667530622612,97.88373271115847,7.109718957214724,-0.03478472,0.03423017,0.04756845826844608,0.29145488779278267,43.39013258702789,0.8475871
1,human1_lurch11/human1_lurch11_SkeletonData4.csv,lurch,11,153.94733195319932,89.84016568970176,176.42696520955582,20.18941871505256,163.66592240205975,138.29697021037245,176.38492142081384,9.262674110136258,98.16563009874903,8.546153526786751,0.032429535,0.023982529,0.04534544027313715,0.30110253935187264,48.498848309412665,0.6281738
1,human1_lurch11/human1_lurch11_SkeletonData5.csv,lurch,11,164.1074716693794,140.54898401122497,177.00991163942948,9.100131076054508,163.21209317527675,116.84807592727797,178.04098527861365,11.31017928476461,97.4569258562142,7.20231711234541,-0.014427781,0.02319027,0.08424771237843291,0.24227817529626106,24.73198172313117,0.68964005
1,human1_lurch11/human1_lurch11_SkeletonData6.csv,lurch,11,148.0337744474119,94.8100038548813,177.56746920646586,25.589995593077298,164.4034987775817,137.16769466220842,178.67703645338025,9.676305711041932,98.6822416078735,8.418662001432162,0.03150625,0.021852726,0.05363703810719561,0.22722437313030305,41.24812356041272,0.24932003
1,human1_lurch12/human1_lurch12_SkeletonData1.csv,lurch,12,163.58956675222265,134.1513373486042,176.19282073383295,10.568437725628918,162.64580676283646,108.64820078909868,177.1921113820849,14.717852516873945,94.26882567981072,6.139604091375337,-0.03337507,0.035206087,0.05201068026589028,0.26846843399972214,26.502427207757464,0.7708504
1,human1_lurch12/human1_lurch12_SkeletonData2.csv,lurch,12,162.4974893773053,130.37860463067852,179.4149397204706,12.224341809748145,162.5045706502836,137.40223438695293,177.70673198903256,10.782009483372555,95.74342265925341,8.416360051212994,0.03240665,0.024642346,0.031926775695049904,0.21369136466421576,8.731837487712454,0.34775805
1,human1_lurch12/human1_lurch12_SkeletonData3.csv,lurch,12,162.94842896517764,133.02302336646838,175.60018101420644,11.208464024843657,161.75655646098957,133.29257831055537,175.81886565054123,11.130150228567052,97.24129057695959,6.277549350434419,-0.025894726,0.028603803,0.050526570358547136,0.24750635762988937,0.05087030775220569,0.27231383
1,human1_lurch12/human1_lurch12_SkeletonData4.csv,lurch,12,164.61011488677997,129.07489463470446,179.55597585798043,10.90295190638642,160.90068914373612,126.69532326495273,175.62791896751307,10.720794136811415,97.35469586117635,7.6598189306114035,0.02656899,0.022327203,0.04224920637900113,0.29037418997047737,1.54848552071563,0.036297083
1,human1_lurch12/human1_lurch12_SkeletonData5.csv,lurch,12,165.05364820467273,139.88883869947668,178.76454022917324,10.227915251161777,162.34116214718486,133.09521480155203,177.29646585620964,10.675113021039932,96.88468246936594,7.958499097377832,-0.01706322,0.022311253,0.047927613965486,0.19543535396515177,5.325549524961048,0.52913976
1,human1_lurch12/human1_lurch12_SkeletonData6.csv,lurch,12,156.98810529250258,115.40546662847767,177.7944868135184,14.093032318727127,161.91643871085972,143.43738850996084,175.18270903773148,8.910824503746767,98.12826277633951,8.777562941514692,0.027039926,0.023354385,0.037887155910401926,0.21507557730888852,30.64369965727009,0.44229603
1,human1_lurch3/human1_lurch3_SkeletonData1.csv,lurch,3,160.61491029568992,133.7041003313479,174.37989405946186,10.225639083236988,160.11245235208102,89.89130580377837,175.76403136480187,15.17706791879935,94.92433018549336,6.292669151375033,-0.031459875,0.028930847,0.05306983396036351,0.2552785126301591,45.19693183290953,0.24766588
1,human1_lurch3/human1_lurch3_SkeletonData3.csv,lurch,3,163.12697526063016,136.99063048181822,174.9274376285516,9.711098797645468,165.83457697566942,126.84844737120932,178.03964588776495,11.18433995957544,97.10493005260015,5.364649282629846,-0.030731378,0.033862457,0.04720227647203092,0.2242248629571854,13.254391369822258,0.68022776
1,human1_lurch3/human1_lurch3_SkeletonData4.csv,lurch,3,161.13232922473162,130.28816547429295,179.0025502147984,13.19464100871012,165.96320085845755,126.82474179163104,177.33428211800097,10.188458819236159,96.78720517922778,6.466036193195134,0.031575743,0.021238308,0.03760113533095343,0.3365853537094437,1.7951555858644923,0.78938866
1,human1_lurch3/human1_lurch3_SkeletonData5.csv,lurch,3,164.36427737461148,139.06452126582607,177.93013481020472,9.781173527527569,165.36783997950735,134.71210401549405,176.88432297143444,8.788895883973074,95.19048042576632,6.2011773960521,-0.007046187,0.023759164,0.062451808302051985,0.2043653186130482,3.3066054115617476,0.3410139
1,human1_lurch3/human1_lurch3_SkeletonData6.csv,lurch,3,154.12871443329345,103.73200117136123,179.15954222955781,19.57651994793575,164.7915111520144,143.15435696503093,176.1730482324097,8.587724563099908,95.89022958541027,6.898441976195965,0.027629847,0.020063074,0.04514932592680475,0.21119099264961633,42.4088497908178,0.35737514
1,human1_lurch6/human1_lurch6_SkeletonData1.csv,lurch,6,163.1589324228365,138.1879437220383,175.71283348242378,11.084887718204179,163.39105129727153,100.44416465315724,179.66194474901292,17.333245492932317,94.39453515166852,6.721130166807344,-0.02988581,0.0323909,0.06272898245959543,0.2473109401566621,41.69289033547021,0.87008166
1,human1_lurch6/human1_lurch6_SkeletonData2.csv,lurch,6,159.00806147229446,138.07516147297844,177.6846382951878,11.724816319279515,163.61563059767644,138.41328409527054,177.68586778870517,11.314045857348164,96.28563402100453,8.485115178907387,0.034399197,0.018624058,0.03146453174263404,0.2214447208882486,0.336893128774733,0.3015058
1,human1_lurch6/human1_lurch6_SkeletonData3.csv,lurch,6,160.50475282707833,119.30480382979307,174.11270116955836,11.254219028793942,163.66574073482514,127.92363843276547,175.98531673865264,10.574479679037076,97.26941013036138,7.4480345524967,-0.025706884,0.025246918,0.04361842719834909,0.21039410377601625,6.74621903387812,0.3011849
1,human1_lurch6/human1_lurch6_SkeletonData4.csv,lurch,6,151.70949550657997,82.32322612122731,179.4236416913395,26.666814200667762,165.5832676226,141.07413950720962,177.70306720251799,9.320435559068983,97.24418852240619,8.900804071352896,0.025785323,0.021625627,0.0404005731351912,0.2316331962382168,60.47148787480383,0.43640995
1,human1_lurch6/human1_lurch6_SkeletonData5.csv,lurch,6,163.58879293165433,137.23701069403234,175.51110622551587,10.264889314771835,163.7250693371368,124.62421611559377,177.41980065856882,10.773294618731208,96.32334733361182,6.909700176442706,-0.014798357,0.023702191,0.05768668651317063,0.2165716096200841,14.52148901149151,0.16676998
1,human1_lurch6/human1_lurch6_SkeletonData6.csv,lurch,6,152.6216917469898,82.4288402583162,178.1285903112221,23.012723196225593,164.60628943472722,139.44110400210852,176.44365146880682,9.045508155525763,97.41146278037465,7.926072085965269,0.025592512,0.020403167,0.032032537774453716,0.20185111519039506,58.697202586207595,0.08232021
1,human1_lurch7/human1_lurch7_SkeletonData1.csv,lurch,7,162.8143500091067,134.41897857743064,175.81098547335822,11.567942034092797,166.0024198786942,132.73652708355706,177.16249332678373,10.11871459467001,94.76763531185489,5.931848844799674,-0.025124058,0.030202845,0.06216658506054257,0.2568595060474389,3.0339593472990884,0.58302283
1,human1_lurch7/human1_lurch7_SkeletonData2.csv,lurch,7,152.74510085674203,94.60017615514424,177.17553787073126,19.153202808155253,151.9178334965214,58.41828317622533,175.31983355113778,30.034334583635186,95.19223377510203,7.162873897026544,0.025545461,0.023908593,0.03880956131043321,0.23148413210566804,34.326188659325425,0.13760972
1,human1_lurch7/human1_lurch7_SkeletonData3.csv,lurch,7,162.78109101431582,133.41538712838494,174.58384625031658,10.867140912944098,158.75487690017374,101.37110224767662,178.63837288062746,19.99682736821157,96.47094144472635,6.4601494272787034,-0.027587095,0.022663677,0.04742605012463636,0.21385145497967514,36.09881151101919,0.16413474
1,human1_lurch7/human1_lurch7_SkeletonData4.csv,lurch,7,162.53239698163304,129.7202920912211,179.21192100828006,11.795716096566835,161.86704044076913,140.6607779236357,171.14790506414988,7.427890324892635,96.53041876744433,7.066875973410817,0.024806334,0.022674438,0.05190628434689531,0.5104319847920366,19.00450177654477,0.41282916
1,human1_lurch7/human1_lurch7_SkeletonData5.csv,lurch,7,164.9088690422323,134.78190693842345,178.67060985894463,11.432297984037106,164.02979736316513,129.75046510951438,176.67100646484093,9.671427981214526,95.9581320221019,6.814355201117839,-0.015191328,0.023319036,0.04495345310697022,0.2087121889143491,3.0318384348053655,0.39573002
1,human1_lurch7/human1_lurch7_SkeletonData6.csv,lurch,7,149.27394818599407,80.22307151611123,178.16329431207564,25.754030859201865,166.53690116732275,137.5060160324681,178.93798947934047,9.266948078072273,97.15377784632646,7.483203301908967,0.022626782,0.018544473,0.03314807807643558,0.22022716320946853,56.508249349092026,0.07257986
1,human1_lurch9/human1_lurch9_SkeletonData1.csv,lurch,9,159.96180486652986,138.5197303912106,175.30267923636373,9.399454926094188,164.80116316752793,129.19624844799822,177.22709851021185,11.34531440348575,95.45977150222187,6.594454883364727,-0.03484756,0.035131223,0.05199011089468526,0.2476477759102697,11.247901217060502,0.21026134
1,human1_lurch9/human1_lurch9_SkeletonData3.csv,lurch,9,164.32991687586448,135.34033602458257,176.74405730045285,9.450846852402286,160.49622147870605,122.24328105978297,177.32878745637478,12.880727132852394,98.35660137522945,6.50987708520062,-0.03142963,0.02920612,0.051217285951579594,0.1932633084235893,13.681785120721528,1.1894655
1,human1_lurch9/human1_lurch9_SkeletonData4.csv,lurch,9,163.57584335026274,132.9115477446538,178.1302894716306,10.92091677207268,163.45519506096832,128.55659211067254,177.8458917349534,11.77156242401835,98.65103013991049,7.637247317679084,0.034146305,0.029248087,0.03603985260035771,0.2891393842065613,4.07055789730407,1.0619309
1,human1_lurch9/human1_lurch9_SkeletonData5.csv,lurch,9,163.7659417258654,125.50849748454317,176.53250024675697,11.49700882981656,163.04389702717745,135.8660436534911,176.8788692607799,9.826300087059698,95.47179296839062,6.0789012944474985,-0.013153639,0.018973075,0.0438535852382128,0.20319794567270244,10.01117715492498,0.26157403
1,human1_normal1/human1_normal1_SkeletonData1.csv,normal,1,159.83308430311297,133.46941947037834,176.22586917288115,11.765083271352724,156.43202957333665,99.09798706832798,179.41800552139898,19.572905650467813,86.69592146615356,1.5426002063941746,-0.019751316,0.025507135,0.04922298495684559,0.26173843149276005,37.563568750568194,0.39776945
1,human1_normal1/human1_normal1_SkeletonData2.csv,normal,1,159.99373745362863,130.44196832465227,179.08197349090608,13.100731845069223,161.65065564349695,133.8346391169118,175.11083390729118,9.752224669906708,87.71299344379784,1.3757195247528926,0.032607835,0.009864479,0.024029874858925507,0.22899348484833834,7.363810375874436,0.05324626
1,human1_normal1/human1_normal1_SkeletonData3.csv,normal,1,159.76027399470988,135.7292566475486,174.57109079519495,10.963640744110194,163.26237806886996,135.53188664374792,179.0861266888229,12.270364175974231,87.85472065018956,1.457118263179997,-0.027246716,0.018179476,0.03309952104626118,0.2168882446188328,4.712405897428624,1.076848
1,human1_normal1/human1_normal1_SkeletonData4.csv,normal,1,164.42495973040593,129.40941221085333,178.74467814972334,12.071129132894091,160.0908264487448,130.6949966680873,174.98321587835633,11.94358302911456,87.79995351950652,1.6961393722405418,0.026779614,0.023000713,0.03291923260961425,0.40833943507477616,5.047046728600975,0.898628
1,human1_normal1/human1_normal1_SkeletonData5.csv,normal,1,162.94783408169212,138.01059875925458,174.97622444751616,9.486611468629903,161.66913654307453,127.42975401318294,179.79143826814408,15.05576399695777,86.53736883249987,1.7027791291551886,-0.016626908,0.013933957,0.02641132112548887,0.24677112859694714,15.396058566699551,0.7757001
1,human1_normal1/human1_normal1_SkeletonData6.csv,normal,1,159.95293248757682,117.18329933741731,177.1380791825075,15.623399792786211,159.9738893250482,131.22426894671332,178.6121793715411,13.625777510196473,87.65190463628537,1.670332483879532,0.026688732,0.013838386,0.03510521025250135,0.20430594165629515,12.566869420262435,0.69782996
1,human1_normal12/human1_normal12_SkeletonData1.csv,normal,12,160.31597169351483,136.4035256301883,176.89875568338056,11.262206548557241,161.535497627967,129.91480973010687,178.61808134973634,13.311370872077314,86.6513388455743,1.495808295394306,-0.01705196,0.016005104,0.0291665168362097,0.28070473495155307,8.208041566437231,0.04328513
1,human1_normal12/human1_normal12_SkeletonData2.csv,normal,12,163.04379277310463,127.69073964410923,179.08930107751118,12.77684989780786,157.4016385946686,131.09170757436902,173.4630828233176,13.428517966170052,87.25190454866433,1.3521367644955424,0.028687216,0.013801616,0.02828683171518767,0.2209821365812286,9.027186184453384,0.06798291
1,human1_normal12/human1_normal12_SkeletonData3.csv,normal,12,161.5685546251925,137.00720374485647,175.32167873413155,10.586306051785053,162.64868739598265,121.70313543276146,179.0400273494493,14.788311157936173,87.73682424580703,1.6289536637803885,-0.028368412,0.017980808,0.02690441292328427,0.25802574836673775,19.022416927412763,0.8464768
1,human1_normal12/human1_normal12_SkeletonData5.csv,normal,12,158.77891345028885,106.85143258646929,179.03510676905523,13.53123410557717,162.68795936005492,130.18258674359782,178.40619530918406,12.97177793713955,86.12890926860481,1.8970428224112563,-0.021228999,0.016733458,0.03922626620421573,0.46598267407439253,23.960065616999714,0.32794
1,human1_normal12/human1_normal12_SkeletonData6.csv,normal,12,157.89651156645579,114.75517517877768,178.91695234389036,16.341851159381967,161.8917616742443,134.13397403990032,178.18513456324408,11.73292705997467,86.92981860547292,1.676612799384629,0.023095077,0.01194449,0.019740171445603243,0.22182637239475378,20.110616641768928,0.18157005
1,human1_normal15/human1_normal15_SkeletonData1.csv,normal,15,162.1264083858042,128.89642455695332,175.9153453257007,11.807777398059049,158.04175065341127,117.46759783979914,177.9719256174853,14.733911933002709,85.92761040197004,3.1507394829590187,-0.030095113,0.02625126,0.03585382875457512,0.31825369459917946,13.485407008938779,0.046772003
1,human1_normal15/human1_normal15_SkeletonData2.csv,normal,15,161.93349392325055,125.33967705121397,177.0406006903454,14.201218799901843,158.2747422242729,126.49217889276188,174.50966309993638,13.560789015721653,86.8798236334175,1.6228758636269571,0.028002989,0.01173406,0.02502739555210013,0.2017046686920191,3.6834394319569412,0.055463076
1,human1_normal15/human1_normal15_SkeletonData3.csv,normal,15,160.2139297970481,129.94975626174545,176.20742949658765,11.891013879211133,161.35906263322693,129.38268361202083,178.75610723719967,13.444376895546402,88.60922404944,2.0693741204643104,-0.027172955,0.01719475,0.028269953054926213,0.2471551426558807,3.1157503903366432,0.51116014
1,human1_normal15/human1_normal15_SkeletonData4.csv,normal,15,158.16361589963475,124.04717998253902,179.6695293266904,15.699615271648245,158.5789751924863,130.51024369044015,175.9614613843428,12.763983139319935,88.24136324659527,1.7011969202591273,0.030000221,0.018404668,0.033509619963277705,0.4552429101829216,10.17113165024871,0.19863701
1,human1_normal15/human1_normal15_SkeletonData5.csv,normal,15,161.77453473960702,135.2148675148175,172.89552252366622,10.253714452795531,156.10520588134847,119.2902050445622,178.50436033973966,15.916106199299513,86.68132051461514,1.468559418683381,-0.017920142,0.013317637,0.039301375874953304,0.23591651607338338,21.53350028632876,0.23517013
1,human1_normal15/human1_normal15_SkeletonData6.csv,normal,15,164.1215550974316,127.993722129355,178.47297108605846,12.172386198935618,161.3078615171924,132.37395005061677,178.48530608658024,12.515750715815939,87.39805573388026,1.4437674976955202,0.029372744,0.010186726,0.021626958251744044,0.20946709886757361,4.36789292073999,0.31123018
1,human1_normal16/human1_normal16_SkeletonData1.csv,normal,16,159.69994580370152,134.94192707691974,173.35562400645287,10.815848764496995,162.05125450903452,122.06717774708751,179.0102911618495,14.268596375054116,86.1156650743732,1.6295334494715403,-0.0266876,0.020230468,0.032555783932499104,0.28167613344851156,18.52941648522885,0.1133101
1,human1_normal16/human1_normal16_SkeletonData2.csv,normal,16,160.1596988456229,124.57984042278464,178.4877727897325,14.41069264899325,157.70712184214858,129.83220729287723,173.6920504152071,13.090946922357247,87.0103213674547,1.2374787971599965,0.019967873,0.012921994,0.02858755459865967,0.2405889023788737,10.048089244617998,0.10037255
1,human1_normal16/human1_normal16_SkeletonData3.csv,normal,16,162.2961332817069,136.6104896332176,173.18236162489495,10.737251523175942,157.52450212226603,103.74875679294061,177.6049672965772,19.303111263414877,87.78829746694288,2.0351510379502207,-0.027285563,0.016958475,0.032170970602721186,0.2692428717297451,37.28433851195925,0.7696099
1,human1_normal16/human1_normal16_SkeletonData4.csv,normal,16,162.21606489373337,109.93232224120688,179.17642847056183,13.485027235262427,157.5256588109733,131.04058021004113,177.0509377758485,13.547692680060132,86.52656588751908,9.536793766804458,0.028103406,0.016467044,0.03176803704388061,0.7434054790345734,23.233748663547587,0.48958993
1,human1_normal16/human1_normal16_SkeletonData5.csv,normal,16,159.23291230784423,131.95967259177388,174.81062403276852,13.471466462008667,161.37361656872756,130.478181595044,178.2993569682167,13.213482123112794,86.86844278636713,1.798513423893385,-0.021485101,0.009606364,0.03295083272447407,0.23788115560602074,4.970223932178072,0.50321984
1,human1_normal16/human1_normal16_SkeletonData6.csv,normal,16,158.00083357458945,109.11153304594309,177.39690859114535,17.750770990666528,161.4799492466116,135.3169585511655,177.47767914455343,12.302567595660834,87.43453666087447,1.4254640816022244,0.02799679,0.008380477,0.02864908493389962,0.23766139844966497,26.12465495181432,0.16970015
1,human1_normal18/human1_normal18_SkeletonData1.csv,normal,18,160.4842870481981,138.19818255941456,175.77070908444836,10.424081096764024,159.92906929585072,131.72926416444398,177.74408454300507,13.991901081580586,85.90738257576052,1.9042909536068657,-0.023352548,0.016807774,0.02586008849045536,0.248113759395221,8.442293853527303,0.40734315
1,human1_normal18/human1_normal18_SkeletonData2.csv,normal,18,163.9444137609401,131.0346073706389,178.7870188749942,11.954423157195214,156.64385406163257,128.6908641097297,172.9326909009608,13.8837400051255,86.8045271631743,1.8327162187441086,0.030091051,0.014112755,0.03791131632069812,0.23107085109159256,3.5105847131241887,0.140594
1,human1_normal18/human1_normal18_SkeletonData3.csv,normal,18,161.7346542855377,132.10896514415242,175.08179512934262,10.763311416236279,159.33517887550127,100.80979956702188,179.31730752007002,16.23410186761354,88.11955066391229,1.54873676472926,-0.023788111,0.014891113,0.023100280177256308,0.2275892761725903,35.53467796785793,0.24047709
1,human1_normal18/human1_normal18_SkeletonData4.csv,normal,18,157.5396803180089,100.41393097889102,179.36204738847886,16.894762047675297,155.83155116731857,124.59461637483712,176.83123672523902,13.618941571315187,87.91535869784009,1.5330241945936305,0.030150615,0.019022822,0.032256073111397054,0.6038663425966745,26.711496059185933,0.6391721
1,human1_normal18/human1_normal18_SkeletonData5.csv,normal,18,158.84750154896702,133.2018403442175,173.57128092031965,12.173239020499821,164.19593311261286,131.61787570105017,179.65816700987216,11.277212203401223,85.84021731589687,1.5013552578527,-0.017018236,0.016293414,0.036965833938342955,0.4778913039035883,7.670850732719828,0.5644598
1,human1_normal18/human1_normal18_SkeletonData6.csv,normal,18,162.70791827461278,121.37029816537431,179.79743743944314,14.674911673552108,162.24691214015198,130.66861816887126,177.13250443573705,12.40299761793312,86.36265558040438,1.3792087736852663,0.027174858,0.009642335,0.020173384575248934,0.20176333815542058,11.96325300720305,0.62078977
1,human1_normal3/human1_normal3_SkeletonData1.csv,normal,3,159.7547973159291,131.0531561437314,174.42814821591196,11.595612703706793,161.51179089984407,122.06027720322916,178.0847344410032,13.128576382398329,85.88778167149819,1.677758313237981,-0.017848069,0.018468613,0.029075884318000834,0.21417352570919893,12.649465165593483,0.22568917
1,human1_normal3/human1_normal3_SkeletonData2.csv,normal,3,162.29860173135137,125.0575292662983,177.74185953780767,14.402147060933173,158.23088273837948,122.85965936157716,176.7724265892176,13.118496519564015,86.40525240613869,1.5657462089028429,0.02579994,0.011645131,0.02821249599013219,0.20796863457378217,1.2284369561310626,0.051691055
1,human1_normal3/human1_normal3_SkeletonData3.csv,normal,3,159.63204369792743,133.79777767306328,176.93717265973396,11.519898751763064,160.15946203460118,126.10123927066572,179.043957930805,14.517855134054072,87.6202360405166,2.025565506372474,-0.023772877,0.018213743,0.03016372312130744,0.249513884506482,9.803323673468597,0.909884
1,human1_normal3/human1_normal3_SkeletonData4.csv,normal,3,159.48732046609828,104.47770130675597,178.62520435150782,14.912774593697533,159.79082690816492,97.4439252794981,175.48579261395238,13.06773552643148,87.7026721860909,1.8512171181589914,0.025332216,0.015042055,0.03490866242503815,0.6541591836456475,3.8943642897024375,0.73603034
1,human1_normal3/human1_normal3_SkeletonData5.csv,normal,3,162.11026381186065,138.89718328188079,177.1779873523457,9.940735790287825,159.39506402675974,118.95489926451451,179.59855623884684,14.689078594267265,86.68985056020198,1.9974254065617243,-0.01511555,0.012010176,0.03840025548728312,0.19934439962352063,22.36285290386742,0.71938014
1,human1_normal3/human1_normal3_SkeletonData6.csv,normal,3,163.1423724738976,130.07602456515363,178.26402277334313,13.120294167236668,160.92062225965105,128.83735119395004,179.22092934794296,13.852292530028643,88.14951936749695,1.9058168519279233,0.030436793,0.009517162,0.020319303608942914,0.2035314297053074,2.1955799458034164,0.6304803
1,human1_normal6/human1_normal6_SkeletonData1.csv,normal,6,159.90457939426548,131.90547538688085,175.6076846090674,12.294882668999392,157.8152131846464,120.12307135146311,179.23451021703383,16.88320174397889,86.88940912559944,2.153900362499434,-0.023697073,0.018293217,0.03138539514635128,0.2912161882917454,15.409229643384165,0.53155136
1,human1_normal6/human1_normal6_SkeletonData2.csv,normal,6,159.88852295822642,128.1794133895666,179.2417260487885,13.948116161821105,158.61359616518376,122.87234749349793,178.57322802380597,14.73432077075025,87.13899547174316,2.022004239394771,0.029867437,0.010690026,0.02413514573063639,0.22461133211616516,4.638567871086138,0.6871046
1,human1_normal6/human1_normal6_SkeletonData3.csv,normal,6,160.86183429923761,134.66895789317587,176.8566581682378,11.433926947806388,159.13949667733905,127.48118563817933,178.40579914546683,14.055194160682854,88.25860044068996,1.7039109430984547,-0.026342753,0.019318286,0.024994990861545156,0.2229963664437254,8.736913232225575,0.6254349
1,human1_normal6/human1_normal6_SkeletonData4.csv,normal,6,163.10313789517025,126.81928525689581,179.45932270550705,13.896843521089004,160.7345357409759,131.92766644966073,176.18517654100123,12.03528409124692,88.2416332200607,1.542445685645713,0.027751658,0.014728352,0.022141871263028443,0.36293623990965324,8.382527357270746,0.7598641
1,human1_normal6/human1_normal6_SkeletonData5.csv,normal,6,161.85290199821083,132.53188458734,176.5219251641239,10.726373479971155,158.1673455668079,125.74788101835026,179.1691129437593,14.294964573945165,85.90206028642908,1.9733275812575748,-0.01694907,0.0139854485,0.05052846448503682,0.7474669975352234,9.431191348625134,0.59535
1,human1_normal6/human1_normal6_SkeletonData6.csv,normal,6,161.5459948651809,131.11721313721412,177.09040743257376,12.70456407221759,159.98790775490193,128.60950602860726,177.12171569420417,14.739908884470346,87.06788609729536,1.5617329031427831,0.030741882,0.010652733,0.016981092281154523,0.21395421968741482,2.53901537023728,0.5066302
1,human1_normal7/human1_normal7_SkeletonData1.csv,normal,7,159.9402087035885,128.6324283134176,176.22083034310086,11.738823148007299,159.88291028618556,125.70723081982958,179.5153209826953,12.831862930170287,86.1384892320923,2.1581394435319132,-0.015314635,0.020728434,0.035099621324407276,0.2817560259179851,6.2196881331824585,0.15131783
1,human1_normal7/human1_normal7_SkeletonData2.csv,normal,7,161.2246103428081,123.5408418610167,177.13550394274765,15.039611019562392,157.4518848196532,128.62649023516656,174.01825798358675,12.5124310847675,86.05022389934136,1.8097455967981304,0.03211102,0.014650994,0.026386653303635092,0.24683089568870192,8.202894333310752,0.07869005
1,human1_normal7/human1_normal7_SkeletonData3.csv,normal,7,160.6318317912204,128.695194004788,175.23146948481414,11.660815002210974,161.5253599306185,126.8641266213261,179.33697363116343,14.224954584483328,88.35178556562686,1.8143551321972364,-0.028359516,0.01799157,0.024412831188495826,0.25318217400330334,5.936571529811189,0.39749384
1,human1_normal7/human1_normal7_SkeletonData5.csv,normal,7,160.8507641950938,131.02424409473934,173.31578236820667,12.234708425500967,161.13750027607824,117.50446340265248,179.23777821205874,14.481694660763063,86.71243182462975,1.7481641537335326,-0.021861156,0.012441597,0.04085021292590379,0.24242973909501742,19.441776535938942,0.3150599
1,human1_normal7/human1_normal7_SkeletonData6.csv,normal,7,159.90200303610692,122.71514520554797,178.91539602521888,15.016608271947284,161.4815956984683,132.13799650911358,177.3522656588677,12.078688979427021,87.46624029552794,1.5363144021929442,0.023538345,0.012274698,0.01785909447992018,0.22138497973441476,10.985981669916782,0.42411995
1,human1_steppage1/human1_steppage1_SkeletonData1.csv,steppage,1,163.31290792877786,136.1186956360881,176.27652407266822,10.156021017517926,152.44653132327042,100.25609158563508,177.23567836138108,17.05426109855342,87.75114975156048,2.4303660789876207,-0.025386095,0.024240699,0.03103933816732087,0.3282802862524658,36.82175833916587,0.8271642
1,human1_steppage1/human1_steppage1_SkeletonData2.csv,steppage,1,163.65045074045716,112.32863638726117,178.71287045985844,12.460641810229529,151.84102478598163,122.62135316480753,173.10474551590363,15.688049423208318,88.97821409171182,2.0360450168185285,0.030966803,0.010278089,0.03283755578634859,0.18629917372592483,15.900841721501166,0.49005508
1,human1_steppage1/human1_steppage1_SkeletonData3.csv,steppage,1,162.5649358712831,131.5122106239218,175.46641619040815,12.1058593004373,151.3443473488538,99.7792970801636,176.07907847608135,18.212081615617937,89.22733892166718,1.6551752247477127,-0.026849175,0.021824915,0.0273890767668326,0.20427754633230424,32.34557582943138,0.15831995
1,human1_steppage1/human1_steppage1_SkeletonData5.csv,steppage,1,163.5855061706559,135.7476680846857,174.6332350010336,10.586212712812253,146.6369898129369,98.82179859347629,176.10428060050728,19.700579731697292,87.78141078321737,1.8196110596930792,-0.022023512,0.016887398,0.058174994071467666,0.19010674172768188,38.396915090683095,0.3631401
1,human1_steppage1/human1_steppage1_SkeletonData6.csv,steppage,1,165.50391382391928,132.17557680261092,178.6416063974015,10.779164380836123,151.09236312992647,115.00137458361745,174.02323500142217,17.437403783569657,88.44205620807952,1.8849852081583582,0.02369719,0.012672029,0.029815216712090507,0.20226594596110095,12.555830823014148,0.68948007
1,human1_steppage11/human1_steppage11_SkeletonData1.csv,steppage,11,163.9077734888297,130.2485779198022,177.67476550548756,12.011118054198901,143.83957083808374,87.63861099338826,175.36799036548655,26.600546912014725,88.59971759569807,1.9098548100504735,-0.023338286,0.023569837,0.028238488353577104,0.21477395174025293,40.303191786412924,0.30116796
1,human1_steppage11/human1_steppage11_SkeletonData2.csv,steppage,11,164.8973715476274,132.1470012392919,178.84804880147692,12.90904222647265,143.9836473118382,102.27739062093111,171.4432038917558,22.32198238983905,89.06532955526741,1.9064923159124478,0.026772287,0.014897657,0.03923783143128258,0.20354968385030958,22.46476570863966,0.4216931
1,human1_steppage11/human1_steppage11_SkeletonData3.csv,steppage,11,162.88595229475516,132.7969722004974,176.07096986527,12.74362976775925,140.4944057795718,91.25813474894773,174.98794889355472,26.015868450060562,89.90268944410651,1.8357672322348924,-0.023657227,0.020441854,0.028719806258130493,0.2076516176976878,40.4558164798344,0.3636241
1,human1_steppage11/human1_steppage11_SkeletonData4.csv,steppage,11,165.4153148915046,130.46266432385733,178.93897743195512,11.585591633920368,143.03069021709774,102.82073534708498,173.11172188412164,22.50259143263485,89.81085343862337,2.0437965716254514,0.02653558,0.016337898,0.02485414198058347,0.2965283923715918,21.81467342893886,0.25104403
1,human1_steppage11/human1_steppage11_SkeletonData5.csv,steppage,11,162.8565722786004,134.3674895751776,178.98281101830798,12.346938184895786,143.48787802406116,97.2558620816561,175.2594594410985,24.196333980665067,87.57858003885012,1.6005302871531986,-0.021757903,0.016676921,0.04429468475623139,0.2199645596036274,33.388275916312,0.52846
1,human1_steppage11/human1_steppage11_SkeletonData6.csv,steppage,11,166.46740876698402,129.39523225953312,179.6664914999254,11.147683960190461,148.63985242075313,107.50463101299849,173.3979810996988,21.159974028808854,88.57509393626769,1.5854215364967759,0.020212675,0.0114229,0.025086719009696758,0.25041300479286216,15.622090846308026,0.41362405
1,human1_steppage12/human1_steppage12_SkeletonData1.csv,steppage,12,162.60091923416743,86.32310055080046,177.80069066915786,14.062675357496419,154.51552888360595,102.36150712524686,179.05540727115132,21.786865499156818,87.57953158832608,2.4865062015622628,-0.028981172,0.017596921,0.032979121063653964,0.29513429739013936,14.783689972452933,0.42197394
1,human1_steppage12/human1_steppage12_SkeletonData2.csv,steppage,12,165.3755453060591,137.4481108377204,178.72569909750732,10.979554228682833,145.38660765902787,106.63434944404146,172.3353628320175,22.29344253611762,88.3957539127764,2.0155471018017965,0.015791595,0.010161501,0.029297916723709506,0.20764076963774197,24.423425128189123,0.163059
1,human1_steppage12/human1_steppage12_SkeletonData3.csv,steppage,12,163.88919258237223,135.01446343645526,175.60548632811012,11.57260780726438,145.2058960517413,96.87742248948815,175.4724666596878,25.426777960141507,90.35708862045307,1.5891052149465568,-0.033926576,0.014625312,0.035031696951838165,0.2580259144106997,38.00402127854478,1.2244129
1,human1_steppage12/human1_steppage12_SkeletonData4.csv,steppage,12,165.37646725995137,129.53736029128783,177.91595554261932,11.098598736882613,146.99441198349388,108.34508198400093,176.62695047939556,22.18564970907142,90.31986708198318,2.104041782952186,0.01650532,0.012322575,0.03573003330979316,0.5939277313665707,19.903273244063143,1.264441
1,human1_steppage12/human1_steppage12_SkeletonData5.csv,steppage,12,160.3741006272759,130.44834949303979,173.6681569398679,13.153766926457815,149.6093345951576,104.01453743472409,175.43912602747608,21.397331237023103,88.36688052693765,1.6587314346954847,-0.024847673,0.012021277,0.03739911377645757,0.20058342955068345,28.20478114592386,0.66058016
1,human1_steppage12/human1_steppage12_SkeletonData6.csv,steppage,12,161.3292409053065,128.8392132075859,178.82290402896015,14.021337509390875,148.7899909114777,105.63423870298013,173.63861918211373,21.63980721881012,89.12655144608937,1.8665349586836173,0.01856929,0.010643427,0.028841148265278314,0.22291993595766696,18.020689657759362,0.4972999
1,human1_steppage13/human1_steppage13_SkeletonData1.csv,steppage,13,163.4905213823613,131.43326798563112,176.99496277595168,12.595014311593669,146.45524712048282,93.7886033655419,179.0772835923949,24.740718120156433,88.14877279608925,1.8633370639856979,-0.021707939,0.024881,0.04065067342629862,0.24129034375279254,39.726985436532445,0.608675
1,human1_steppage13/human1_steppage13_SkeletonData2.csv,steppage,13,164.02632770054555,131.06999900281704,179.45667395714014,12.988308323025395,145.63125087456248,105.19746196305951,173.08706542660866,21.602889034147502,89.78420222922706,1.6288214624264932,0.029092452,0.011278953,0.020837130140958608,0.1890380351898796,19.502928509226052,0.5259421
1,human1_steppage13/human1_steppage13_SkeletonData3.csv,steppage,13,162.47157823921765,131.7448319560715,174.98928611265504,12.475719643786379,145.63811991739752,100.35085362870774,176.54455891684626,23.24436731836298,90.02635376505273,1.6858963512492888,-0.022081077,0.021422086,0.03455536138499001,0.22815988432366324,32.94925113155497,0.49707294
1,human1_steppage13/human1_steppage13_SkeletonData4.csv,steppage,13,163.90215417811206,125.82713516156615,179.52004119973654,13.093528469150051,146.85305147371298,108.28777416828854,174.90949787673972,19.900403835733243,90.19664437076173,1.820522668523451,0.026821105,0.015554513,0.022593606886283236,0.2869141762573962,12.928817670280793,0.58341503
1,human1_steppage13/human1_steppage13_SkeletonData5.csv,steppage,13,164.1442126671574,134.91962792070825,176.0928851696451,11.290541177738042,141.8961343419611,89.59093017466704,175.39165864128645,23.41766693804513,88.30574478879485,1.778518253821987,-0.022178782,0.014162394,0.03462256023110296,0.21736671686120565,44.62747121768258,0.26004982
1,human1_steppage13/human1_steppage13_SkeletonData6.csv,steppage,13,166.63533137717525,128.17904567243735,179.3730772786955,11.359511272775123,146.98163924471365,104.06854502853811,173.89811517185098,22.126981310533182,89.17906626670522,1.8225388112484464,0.023126626,0.011995199,0.03253076745755909,0.2225848797737052,18.635538537054728,0.53043985
1,human1_steppage14/human1_steppage14_SkeletonData1.csv,steppage,14,162.86478656607608,135.0172060080464,177.80100367360205,11.8876094740266,151.39044357579212,96.68430724005003,176.1465875510897,23.655250846090226,87.7719101457685,1.584727446795906,-0.031522572,0.020435132,0.027752226607472494,0.21977519081927335,36.678482645484024,0.15337181
1,human1_steppage14/human1_steppage14_SkeletonData2.csv,steppage,14,165.0240703425149,134.5863293190408,179.3769046287119,11.348381879262678,146.1594699072654,106.43573523864761,172.44265295804635,22.17235807241085,88.21563041454723,1.4747844435027122,0.020465426,0.011479473,0.04482160232374399,0.2051480757111079,21.21634240972763,0.07373619
1,human1_steppage14/human1_steppage14_SkeletonData3.csv,steppage,14,164.13377932958608,132.7357557813631,176.04390693342037,11.639451696128088,142.47973317076645,98.77904984353259,177.76151584251957,24.279334733447403,90.15922177528893,1.6662190200741003,-0.025461102,0.017935492,0.030132722349357998,0.20992050432493617,35.67431484692972,0.0045199394
1,human1_steppage14/human1_steppage14_SkeletonData4.csv,steppage,14,164.1881795331573,113.92982909605917,179.61618326036884,13.107112108196635,144.2508200996447,107.22286639885242,171.20728746109904,20.76594005884528,90.09679964592794,1.9633931991609623,0.022035452,0.0144540565,0.028545491876655643,0.2714998705715908,1.7019331020630517,0.753685
1,human1_steppage14/human1_steppage14_SkeletonData5.csv,steppage,14,162.04463114111408,128.86873713266857,179.16141915207493,13.047359273190324,151.46213477477403,103.04306218845593,178.17525307658693,20.54953747444513,88.41999424950113,1.2924127834781893,-0.021289684,0.012404018,0.03902407486630457,0.20005785402515286,24.839508868724636,0.3722
1,human1_steppage14/human1_steppage14_SkeletonData6.csv,steppage,14,163.33793289551335,126.45846731623432,178.85718822972723,13.246246086077115,151.31185084422233,106.75729614458444,173.22658748469507,20.492534553334053,89.1548933605218,1.4574491022683371,0.02272555,0.0092755165,0.026680892027216345,0.1991559231293244,14.07057042661772,0.34995985
1,human1_steppage17/human1_steppage17_SkeletonData1.csv,steppage,17,164.46252413068737,133.34237172250874,175.64129285214,11.666801235026542,149.1206276560784,99.1782714986011,176.30562355151255,24.423841200853943,88.31796482418775,2.065662084605352,-0.027240274,0.022387637,0.02632154526821903,0.21921015010391617,34.828430923280195,0.14887023
1,human1_steppage17/human1_steppage17_SkeletonData2.csv,steppage,17,163.39213688038708,131.4925798518813,179.61157576906234,13.567758056518615,145.76570437128862,107.46552748627107,170.66480298808048,20.653437881019958,88.58898179649475,1.9805503260683262,0.024087168,0.012853401,0.03320516368309983,0.20438033000559178,15.080279584628357,0.40178895
1,human1_steppage17/human1_steppage17_SkeletonData3.csv,steppage,17,163.44482559334975,132.79307891802995,176.3471171312268,11.707008665085816,143.54081492150925,98.46482113149446,178.91836767627655,23.030984330964298,90.38298995552044,1.8682461394515704,-0.02659994,0.022397352,0.03150804422957098,0.22336545092171095,36.899508331585224,0.15378118
1,human1_steppage17/human1_steppage17_SkeletonData4.csv,steppage,17,162.86443818266014,1.346929093385039,177.9528704304821,27.671407994405474,143.52780346989363,11.224737763540142,176.68480753973788,25.79642111002812,89.11407564766795,7.473772813747241,0.025886653,0.026022866,0.03465779174516444,0.41123616742090024,11.145871560899337,0.57483673
1,human1_steppage17/human1_steppage17_SkeletonData5.csv,steppage,17,163.32835813696374,131.0895246579464,179.48169046469224,12.384551401361733,149.55536923111885,105.41134415371424,177.5634933370305,21.023536348147474,87.99859050770634,1.651619742633167,-0.020646738,0.014990597,0.036460612217332586,0.19454798808641421,23.759983376570446,0.5940881
1,human1_steppage17/human1_steppage17_SkeletonData6.csv,steppage,17,164.0455366251184,130.25854939347553,179.0065291028959,11.17736811463447,150.28044600286105,109.14917502103513,172.54344945011314,20.025588687803104,88.87388181828223,1.578864613573201,0.020682396,0.012288937,0.025900927470370268,0.18930885262709335,14.646294719657632,0.27722526
1,human1_steppage19/human1_steppage19_SkeletonData1.csv,steppage,19,163.11979807281395,134.9461769902284,175.18576461322985,11.578692287001124,148.59195993601384,106.25292532063143,176.06222327482317,22.69162095208503,88.83071762664743,1.5630636859253408,-0.021636281,0.02237802,0.030078257449750477,0.22009213586066984,29.56971033119028,0.123106
1,human1_steppage19/human1_steppage19_SkeletonData2.csv,steppage,19,163.34022395337462,137.27922924385746,178.25901139678288,12.573410659421555,146.96004011100746,110.40709587316586,170.72039954287501,19.54165217505391,89.24291181572633,1.558658082138939,0.026538946,0.014823883,0.03466872769991233,0.22369864294812472,19.333521516783733,0.35913205
1,human1_steppage19/human1_steppage19_SkeletonData3.csv,steppage,19,163.2972256939045,132.81967316180726,176.03527669225332,11.80769885209262,145.39841744804932,99.45143145889925,176.33596014173173,21.384211521954793,90.24965229805454,1.540963303253102,-0.02328976,0.021994753,0.032290229939350545,0.23120833340823216,33.66892515238642,0.19488382
1,human1_steppage19/human1_steppage19_SkeletonData4.csv,steppage,19,165.0442717063029,131.0140623128801,179.00406378639585,11.579877336677413,146.13493905837055,110.13856905989383,174.01349762373644,18.28503211666987,90.00438842681174,1.527869494148832,0.032399338,0.018548692,0.031031690468960878,0.49297714069149606,15.884927090326869,0.4794531
1,human1_steppage19/human1_steppage19_SkeletonData5.csv,steppage,19,163.25008502677727,134.1426369596283,178.41165815634082,12.253567601127894,149.44842847932583,101.45011427800917,176.01960419869314,19.119368555675692,89.24321157091646,1.8532515845940756,-0.022014866,0.01797038,0.040046451394614026,0.20436703608686077,30.300468723971463,0.3549602
1,human1_steppage19/human1_steppage19_SkeletonData6.csv,steppage,19,165.6825932197249,138.34063534143493,179.51682903064625,10.96325960611992,151.20650052919999,112.10841710794242,172.96292505681805,18.305835556299638,89.86151408883353,1.9323752706119957,0.022698116,0.014981954,0.023814446496978347,0.22314217322280902,19.67831425966432,0.2674899
1,human1_steppage3/human1_steppage3_SkeletonData1.csv,steppage,3,162.85934778897072,133.37925185683383,175.8928869639986,11.92263514358511,150.1072686225753,103.94769607350962,177.75415217475148,21.15140275207856,87.85512670868287,2.0049766032152236,-0.02842151,0.02681004,0.03402539637625516,0.24886719964890933,31.292820994077104,0.54005
1,human1_steppage3/human1_steppage3_SkeletonData2.csv,steppage,3,166.39662798110004,135.11845254868274,179.42799456980907,11.601944820898042,148.17648749082474,111.52274814310017,173.7658742462452,19.494058460305503,88.57132687990087,1.5366475759064917,0.026404144,0.010043278,0.039139794863239694,0.20142423903801462,17.933584082018697,0.5911143
1,human1_steppage3/human1_steppage3_SkeletonData3.csv,steppage,3,162.58014786406937,132.7419535458264,174.77331096834538,11.701967007515409,144.9282620969224,100.4804777703216,176.44230014412128,20.658202204258576,89.78928330890997,1.6656298404837389,-0.028418032,0.020535517,0.031245393800189248,0.2163163558474952,33.93046495128068,0.1918521
1,human1_steppage3/human1_steppage3_SkeletonData4.csv,steppage,3,166.33284889793228,134.9409069804463,178.49229524268654,10.341170935427021,148.3949371961541,111.91078525362911,176.346199817793,18.88229345998665,89.42734095542451,1.8513174135108028,0.02461688,0.012173558,0.024998709628568615,0.23928606107209946,20.884026301923655,0.31055808
1,human1_steppage3/human1_steppage3_SkeletonData5.csv,steppage,3,164.56120059107704,135.72150173705762,178.48735882844696,10.66647148387901,144.3550639392548,109.15398088802023,177.09198648399618,18.759237597236783,88.4949785661267,1.6256401542618113,-0.02033606,0.014939621,0.040327303259061774,0.22521057317963447,25.172148504586616,0.613492
1,human1_steppage3/human1_steppage3_SkeletonData6.csv,steppage,3,166.59987028159202,141.30586774289432,178.28946015674876,10.529095655356688,145.3878269443371,113.87295160608129,174.82400128111115,19.006688904854975,89.15564505890342,1.7582031977251225,0.023398835,0.009562105,0.025762628180983335,0.2076730746577741,23.967457261175426,0.85147
1,human1_stiff_legged11/human1_stiff_legged11_SkeletonData1.csv,stiff_legged,11,159.0975036506844,131.1180080710171,174.68243905030806,11.46392279341512,171.39305082370439,146.78208684419738,179.93857958848184,7.105274436387727,87.61130531070228,1.685583832485969,-0.022075672,0.02119712,0.03508248101363476,0.25611755397988695,10.407938235006498,0.25532198
1,human1_stiff_legged11/human1_stiff_legged11_SkeletonData2.csv,stiff_legged,11,161.5631509160283,129.81675805753636,177.142122288969,11.978199927056608,168.22088058846037,157.13586931169664,177.0892511652217,5.289443920585977,88.17178670324193,1.8213919453646132,0.026967403,0.0148561215,0.04734316567244864,0.19517746824402013,27.371982377907585,0.0103366375
1,human1_stiff_legged11/human1_stiff_legged11_SkeletonData3.csv,stiff_legged,11,160.0203177845881,132.05622263904436,175.3471533136904,11.166410998443487,162.41689318845408,99.80280479564499,179.36751684919457,19.931122763435102,88.01203221457477,2.2178124297492747,-0.022985924,0.026311373,0.02833391305369831,0.21771589319016893,36.27378137890355,0.39425373
1,human1_stiff_legged11/human1_stiff_legged11_SkeletonData4.csv,stiff_legged,11,163.31302261153368,125.15285238351608,179.2762260541131,12.705977232920555,169.57810282971568,154.43724667854994,179.0897933043278,4.855358778617316,87.66230246168098,2.292113107456933,0.03336083,0.017094616,0.022082335959688563,0.26309725199606904,29.47082704481916,0.26663017
1,human1_stiff_legged11/human1_stiff_legged11_SkeletonData5.csv,stiff_legged,11,161.32019382853068,126.91264404419451,174.5201679814486,12.0067138758094,171.9170767685116,136.22294693379627,179.57440308515072,7.799683502933647,86.80629319960089,2.300967111210703,-0.010253872,0.021530228,0.04727955677992884,0.23437694200038223,4.256067785899631,0.12502003
1,human1_stiff_legged11/human1_stiff_legged11_SkeletonData6.csv,stiff_legged,11,162.90543521493356,127.37852813340908,178.64814808317973,12.11755981970824,172.09949310135335,160.66522789905036,179.62721892297952,3.6422692843789917,87.73729106091764,2.345464788821627,0.03190835,0.017416406,0.020681215571264393,0.17897280741692076,32.3076289258415,0.3003602
1,human1_stiff_legged12/human1_stiff_legged12_SkeletonData1.csv,stiff_legged,12,160.6055900612937,136.02652091600308,174.8362326469854,10.110035321342473,171.1521279440439,149.32039475081498,177.6658006423038,7.023363055153763,85.96356718789175,1.9548844120778155,-0.024090117,0.017911399,0.0235954907025555,0.2242740743544845,10.464305839493505,0.085944176
1,human1_stiff_legged12/human1_stiff_legged12_SkeletonData2.csv,stiff_legged,12,163.59741682144377,131.47468317261493,179.0771323726598,10.710955360356794,166.8621659165208,148.45765538459835,177.94881138939556,6.096307178690701,86.38902693513585,1.845001193571291,0.0282007,0.017514428,0.037550685961827174,0.18507769523982007,18.11129319524767,0.18446517
1,human1_stiff_legged12/human1_stiff_legged12_SkeletonData3.csv,stiff_legged,12,163.29397316470042,135.62863247638538,175.15530142283635,10.22257345537556,163.23901582572609,100.72635118085886,179.688975146303,20.66727284677153,88.15866498846172,1.4589464222921797,-0.015680674,0.016373515,0.03138343675640492,0.2377158238434465,39.43595501899317,1.0599389
1,human1_stiff_legged12/human1_stiff_legged12_SkeletonData4.csv,stiff_legged,12,164.67388190677644,133.76316952804433,178.32855843868748,10.400945057190716,168.81142211946727,145.3096620243308,176.96865240088957,5.2706447314775815,87.57627488343387,1.7214050420256803,0.035461076,0.021083687,0.03130795464620965,0.27381545588765444,12.906398534084389,1.0688579
1,human1_stiff_legged12/human1_stiff_legged12_SkeletonData5.csv,stiff_legged,12,155.6432032319061,5.54634020953169,178.58083281304962,28.440693157920595,170.0029667585274,131.26887899723,179.0091259253222,8.4885319090778,86.75996017437407,1.8296820451552211,-0.0075625847,0.02115666,0.04631760026550007,0.2847153328170377,125.29424567542574,0.3220899
1,human1_stiff_legged12/human1_stiff_legged12_SkeletonData6.csv,stiff_legged,12,160.8458084449936,128.4339460180862,179.1476175688696,13.065019797397195,170.1536835274112,155.67681814200313,177.33370934151446,4.4813726750846445,87.66784572221563,1.939881736304116,0.033726763,0.017612725,0.03472499767396783,0.18461684670645254,29.056780351272067,0.32624984
1,human1_stiff_legged14/human1_stiff_legged14_SkeletonData1.csv,stiff_legged,14,158.92018798730496,134.57055318906018,174.095599752135,11.492670545135452,166.37578231100093,119.81371129498034,178.0790437123571,12.915630518428308,85.92690078273709,1.33751371158364,-0.021237891,0.019057868,0.03324824943712637,0.2178704853608802,18.740285854301945,0.11050415
1,human1_stiff_legged14/human1_stiff_legged14_SkeletonData2.csv,stiff_legged,14,162.92893213744563,127.0008778810774,177.6835733984076,11.272936495667684,165.71271345711853,149.6193986360737,178.96643876860918,7.095124813369076,86.65529636152851,1.2675517284546467,0.030475581,0.01705952,0.02402894046562205,0.1779948209779058,21.335655384794705,0.25322604
1,human1_stiff_legged14/human1_stiff_legged14_SkeletonData3.csv,stiff_legged,14,161.48153979094695,137.29824272255865,174.9845324247279,9.77415610304839,162.89326168298703,101.76252654634159,179.11391050917456,19.605547064658037,87.52547672346753,1.5379777702792912,-0.02835378,0.020832382,0.028469445180900395,0.19325484091512934,39.665094260663736,1.0269501
1,human1_stiff_legged14/human1_stiff_legged14_SkeletonData4.csv,stiff_legged,14,163.59734543058218,134.0057265854233,178.47502806451368,10.705279222273038,166.13354248192456,131.73329500524173,178.1465526700381,8.023108966534732,87.34006441839614,1.500173479042961,0.02523293,0.018327774,0.025902488817940127,0.39724587636771563,1.9439561857059857,1.0259202
1,human1_stiff_legged14/human1_stiff_legged14_SkeletonData5.csv,stiff_legged,14,161.4337589870304,136.539303383792,176.25123803170038,10.491717768990766,168.9089869373486,144.0063275650366,178.70959809952205,8.288800763914574,85.67229104955004,1.443662512222263,-0.01669445,0.015645413,0.040602001548901014,0.19523673788772997,5.008664113422924,0.0376997
1,human1_stiff_legged14/human1_stiff_legged14_SkeletonData6.csv,stiff_legged,14,158.9777104950599,104.64299888599145,177.00488303694146,16.519076340366265,167.9441670390656,152.54290924221903,176.38457079768452,5.799787240952225,86.5759443945376,1.4840729702618627,0.028186385,0.014134733,0.02649102522227074,0.18611278671125903,48.520222595484526,0.06198001
1,human1_stiff_legged19/human1_stiff_legged19_SkeletonData3.csv,stiff_legged,19,162.68941890294576,132.09685932983805,174.91172733646522,9.235514854545057,164.8601124303151,103.21036210589666,179.67989925292284,20.265624740139323,87.87621059678892,1.3309305805005551,-0.022027703,0.020280864,0.02756613697352311,0.2079122349731486,33.65466914039901,0.80980897
1,human1_stiff_legged19/human1_stiff_legged19_SkeletonData4.csv,stiff_legged,19,165.50941745139352,132.1906255078288,177.78304995475443,9.740547401704287,168.48166263316793,153.92054153840846,176.70702690502824,5.520176734951819,87.57551337961118,1.296895218405423,0.030604826,0.019375397,0.02942679803876895,0.24379493559587045,22.805939080305848,0.8931751
1,human1_stiff_legged19/human1_stiff_legged19_SkeletonData5.csv,stiff_legged,19,160.43802186579916,131.7119413955934,174.02338070556166,11.952843262024341,171.3479628643786,126.67373703457284,179.36811295061975,8.908625902334302,86.57812374623836,1.506430250728367,-0.014781183,0.017157674,0.02818647877640912,0.2189236053523279,10.382936606078658,0.57709
1,human1_stiff_legged19/human1_stiff_legged19_SkeletonData6.csv,stiff_legged,19,163.74595587033946,121.05996433230533,178.7155712152297,12.550872148651859,170.0878206792945,152.93774618156903,179.58091207650108,4.986944315274948,87.37832761032051,1.8676309388350152,0.028942721,0.018082637,0.038599965253198136,0.1872578727892063,31.012440987992306,0.60409
1,human1_stiff_legged20/human1_stiff_legged20_SkeletonData1.csv,stiff_legged,20,161.4371337174408,137.68622528946224,173.83124288164367,10.712158589056218,168.24117498906955,126.81622282381852,179.44346357995215,11.283233883761367,86.7325254069119,1.7877991997627722,-0.02231501,0.019265773,0.03176435817816162,0.24755313150167782,16.4822231639522,0.12978053
1,human1_stiff_legged20/human1_stiff_legged20_SkeletonData3.csv,stiff_legged,20,163.11580804402828,135.59755775092154,176.8635839143621,9.998608317545141,164.8249180346103,121.91084221788975,178.6982865366445,15.245392924524491,88.91105709915243,2.1196044292206406,-0.022551391,0.021361282,0.02780373015990814,0.25167816202595217,15.521418155314194,0.82089424
1,human1_stiff_legged20/human1_stiff_legged20_SkeletonData4.csv,stiff_legged,20,165.1032392073638,134.7485709258185,178.5537569195237,9.947227837036975,167.54003009456164,148.1605826528616,176.85352705505022,6.8040377043519875,88.61847548803598,2.190127843624031,0.0330466,0.020647235,0.029977243371109408,0.3259530446921609,15.11224159151655,0.74979377
1,human1_stiff_legged20/human1_stiff_legged20_SkeletonData5.csv,stiff_legged,20,164.2687277094675,138.59000264743,175.4575392435879,9.746555919879208,168.11604293129528,94.69742290088216,179.5631203301736,12.180304186530059,87.5171806122669,1.74259328867106,-0.008145604,0.01898209,0.04325579494648125,0.19968976336063796,47.998160833133554,0.51828
1,human1_stiff_legged20/human1_stiff_legged20_SkeletonData6.csv,stiff_legged,20,156.98008265162355,109.04187507042482,178.56033472966996,19.029165196811963,169.6967575258907,154.70156193568536,178.002429405699,5.565118533836262,88.62008725758942,2.2323119544972725,0.035589132,0.016032511,0.025519693171432566,0.17768623533629108,46.21759218923151,0.3609898
1,human1_stiff_legged3/human1_stiff_legged3_SkeletonData1.csv,stiff_legged,3,159.89084956645573,136.2381209293079,173.32707792874598,10.635828283941432,169.1589255120987,138.13779116913514,178.92417362971594,9.072630357898992,86.72718482577136,1.6646768793067745,-0.024299193,0.015523942,0.027459764821334113,0.2000022064700455,3.6974254611427284,0.060964108
1,human1_stiff_legged3/human1_stiff_legged3_SkeletonData2.csv,stiff_legged,3,163.87034542493907,131.0057033972028,178.0226228729677,11.372707687309784,165.38273176630253,150.04957686381698,175.2051369286718,6.974443673853894,87.32755917494879,1.6466749382429133,0.03000751,0.02021183,0.04250591660483719,0.17896233095580594,21.86135941091007,0.008581877
1,human1_stiff_legged3/human1_stiff_legged3_SkeletonData3.csv,stiff_legged,3,162.55782720777927,136.91416090133984,174.2747691919015,10.281064833956822,167.71165973943567,125.81146333596615,178.87554690940271,10.15394344441792,88.93177908083949,1.558027022685669,-0.022435583,0.017386759,0.026020842250208315,0.21244949116160586,15.703475282874905,0.8752768
1,human1_stiff_legged3/human1_stiff_legged3_SkeletonData5.csv,stiff_legged,3,160.32300263981463,129.68579329419495,175.80856675804688,13.175181587735361,168.27427759396033,144.30014252043287,178.03300074396816,8.828944198836686,86.98932303011459,1.393231525209758,-0.0125627965,0.015227472,0.040778889962753646,0.21124698396978928,12.38991524031664,0.44642997
1,human1_stiff_legged3/human1_stiff_legged3_SkeletonData6.csv,stiff_legged,3,162.65757633530913,129.34701327450244,176.49081192141745,12.048503690834622,167.23756851449096,150.06234066679093,175.30354096338198,6.264215942853346,87.87783336738852,1.5326475562831934,0.032098968,0.015388446,0.021025536314456084,0.18450205796805588,21.902598350323956,0.37818003
1,human1_stiff_legged4/human1_stiff_legged4_SkeletonData1.csv,stiff_legged,4,160.5699571376611,136.56860086133833,175.0171447872327,10.251828190024746,166.31505877229955,136.17228940783178,179.48932035758597,10.39667860842539,87.14197872556687,2.259983984834579,-0.029458817,0.02143256,0.02568460830551353,0.20044648035434104,4.868487023859814,0.045812607
1,human1_stiff_legged4/human1_stiff_legged4_SkeletonData2.csv,stiff_legged,4,162.9495344741156,129.9565734809994,178.32257208917028,11.234416957773893,165.47737074927196,147.97390701714713,177.3362843688557,6.602115180807024,87.44680962639207,2.578780346232268,0.019471431,0.016692676,0.04232414409626235,0.20277303877229771,19.00362125646231,0.30627084
1,human1_stiff_legged4/human1_stiff_legged4_SkeletonData3.csv,stiff_legged,4,160.58649215222965,134.68306412962056,176.16583900781595,11.126572154341241,169.08421731808966,140.69640991509772,179.27866218286795,8.706857370177579,88.98571902438098,2.68933454501838,-0.030791553,0.022657862,0.029981342534729002,0.21966711746396048,2.9005226104251562,0.67882705
1,human1_stiff_legged4/human1_stiff_legged4_SkeletonData4.csv,stiff_legged,4,163.69124466059824,134.38078619220295,179.7201715009581,11.350158753937324,164.243948833289,112.07876120120591,178.00479167713002,10.844695462414752,89.02048693337285,2.8720428460488843,0.024131421,0.019502237,0.031062517356886706,0.45945613863987456,20.586645167168967,0.7471998
1,human1_stiff_legged4/human1_stiff_legged4_SkeletonData5.csv,stiff_legged,4,162.70064216128347,140.6180552057994,176.67852331390588,9.989968652598396,167.00490961818045,140.78250816198,178.14489381040337,10.762551291522819,88.62475719980431,1.9400355855412739,-0.01253808,0.01897735,0.04477191503712849,0.20531688129321052,1.3019175403169072,0.41095996
1,human1_stiff_legged4/human1_stiff_legged4_SkeletonData6.csv,stiff_legged,4,157.9263817345179,107.30997575759004,178.15855157362404,18.47416705421952,167.04225109598693,147.88244904431804,175.96619173599603,7.361821473706013,89.49229340438649,2.374808743241431,0.027180498,0.018672027,0.027881239665272388,0.19700945880207002,42.764833124356,0.36918306
1,human1_stiff_legged8/human1_stiff_legged8_SkeletonData1.csv,stiff_legged,8,160.38743582574352,137.45206095156394,175.90664549152706,10.081043967826979,170.20718795404088,151.99054032228733,179.16277112676127,8.360942557185464,86.21162411031297,1.390133848926269,-0.02233677,0.022884307,0.03093080947146848,0.21972007971818014,11.282353735489181,0.062376022
1,human1_stiff_legged8/human1_stiff_legged8_SkeletonData2.csv,stiff_legged,8,162.336093199745,125.30105929183554,179.37640400031924,11.483989040679113,169.4990750029911,144.47262332028427,178.2025723905749,5.900777219500803,86.0305292975409,1.3729247328945,0.03458665,0.018020734,0.026149399946561232,0.17246218851712725,20.345395638193082,0.09991932
1,human1_stiff_legged8/human1_stiff_legged8_SkeletonData3.csv,stiff_legged,8,162.92688429204296,135.32208637142566,174.80136803925427,10.12261395354764,163.14456956386047,103.5536478639508,179.7326474062885,21.511728466981644,87.44927900887588,2.187620164060787,-0.02758226,0.023424983,0.0306426471463202,0.2135641421646553,36.699717874509076,1.0045502
1,human1_stiff_legged8/human1_stiff_legged8_SkeletonData4.csv,stiff_legged,8,163.41821824874944,134.4587341717994,178.9180679875624,11.065585718641891,169.103036131958,133.23958282029832,178.41005115179783,6.343657335698876,86.91055495907102,2.367755102432802,0.03151767,0.018678742,0.039699238130177984,0.804142160750562,0.7111345157364894,1.0463829
1,human1_stiff_legged8/human1_stiff_legged8_SkeletonData5.csv,stiff_legged,8,156.66770715803216,113.99022351937417,175.89128302003692,15.355919507141351,170.72559808420965,144.42195800283707,179.57451850645185,8.458363138642365,86.69050867358989,1.6394811716977853,-0.01814999,0.017986929,0.03196319965350555,0.19046381966451692,26.748498997047975,0.3070898
1,human1_stiff_legged8/human1_stiff_legged8_SkeletonData6.csv,stiff_legged,8,158.66834124756974,115.44312972589331,178.67160448805163,15.088086224080074,171.5367064227841,161.56028320850206,177.8338125514608,3.6814697297795815,87.31111218519209,1.633917259422805,0.025449658,0.015826605,0.03734914771200046,0.16864157336096292,46.954945419199575,0.19113994
1,human1_trendelenburg10/human1_trendelenburg10_SkeletonData1.csv,trendelenburg,10,161.00051884000925,133.32410985797165,174.31893432404783,9.289434149478282,159.508514079212,128.08016934603057,176.06387141575908,12.414109546661551,88.76666254404292,2.798408558733174,-0.02524616,0.020470913,0.03651485229141047,0.21519454726691456,6.988877603652327,0.34021544
1,human1_trendelenburg10/human1_trendelenburg10_SkeletonData2.csv,trendelenburg,10,159.85730519315402,119.07551890584203,179.12277545020362,12.202419038601548,156.96687152437494,132.05086088322489,171.07246634393596,10.232859609337327,90.12583782158092,3.055751514419532,0.015394161,0.022312222,0.055822473482934405,0.22204073089063678,21.025651083650516,0.12692285
1,human1_trendelenburg10/human1_trendelenburg10_SkeletonData3.csv,trendelenburg,10,163.2515549588763,131.04680414522358,177.050753925071,8.981245542540243,161.49625396954252,131.84816164167785,178.76340770115132,10.739063797183205,91.65669533830362,2.2894526295691464,-0.032620385,0.020162273,0.04006849482097304,0.23114829222993424,0.9112962796260433,0.433892
1,human1_trendelenburg10/human1_trendelenburg10_SkeletonData4.csv,trendelenburg,10,163.5854133022406,117.44813659183264,178.74605417608691,13.609451441743806,157.82287469890778,131.49867413150437,174.30457642805717,10.66793041378866,91.49632444489208,2.656753720940426,0.022643028,0.016687246,0.04624541937263387,0.23837228354779444,18.492015287701477,1.0397243
1,human1_trendelenburg10/human1_trendelenburg10_SkeletonData5.csv,trendelenburg,10,161.4257085255701,134.9552414274858,175.98179375653737,10.55219925228973,161.11889850303373,133.52219599112647,174.84605422006481,7.9840065291560105,89.90098074440368,2.3980567664287094,-0.025668766,0.01767173,0.044335780477224494,0.23715022425838783,0.2973058998867657,0.35615993
1,human1_trendelenburg10/human1_trendelenburg10_SkeletonData6.csv,trendelenburg,10,164.45347057897982,133.84839339799282,177.59173683596057,10.326453362424127,160.26664161338186,139.08713536247078,173.16444673144608,9.66193300570301,90.50318374688445,2.8778493661113664,0.015226608,0.017531857,0.05166202251307008,0.2113176974350153,9.66603206899245,0.28403902
1,human1_trendelenburg12/human1_trendelenburg12_SkeletonData1.csv,trendelenburg,12,159.93987697161126,139.27678685191734,175.18365856515618,8.602457645393681,160.5364243990732,129.7217152178287,179.50012479173625,12.47859978661955,89.24273487556992,2.5025572206096984,-0.037147447,0.01626644,0.04362439703811697,0.27291240530239347,13.871537860668724,0.49043775
1,human1_trendelenburg12/human1_trendelenburg12_SkeletonData2.csv,trendelenburg,12,162.77730007062854,128.51928925973576,179.4237600004338,11.860888584525918,156.15129987066214,131.39959397821968,173.41569553843263,10.990586706463535,90.35447581284008,2.1061055945332123,0.018012572,0.019922249,0.05119021009036636,0.2549047784109901,8.888369180485086,0.08166933
1,human1_trendelenburg12/human1_trendelenburg12_SkeletonData3.csv,trendelenburg,12,163.2338953959442,140.31429661636614,178.9478114720317,8.8503131636536,158.98324511128823,129.2391566668107,176.45461052813693,12.179738755511702,91.26996516349419,1.760594190750995,-0.041093126,0.021695262,0.04419779245174314,0.2329900187409965,8.581939005660672,1.0725322
1,human1_trendelenburg12/human1_trendelenburg12_SkeletonData4.csv,trendelenburg,12,160.65269307006525,100.8185194242877,177.96823098093876,15.536075069430371,157.33622512805155,130.10317898226123,175.2110949778331,11.058100472751356,90.99131775659446,1.9242687969883905,0.022478294,0.028165018,0.044090754348953785,0.23861715615114562,32.04179556107917,1.087985
1,human1_trendelenburg12/human1_trendelenburg12_SkeletonData5.csv,trendelenburg,12,161.61815565974777,136.4121247086932,175.6742243728505,10.367237633935286,159.71161399183205,130.1878564439704,178.0609919814643,9.859752579049877,89.64672828841385,1.8067594511040372,-0.02932421,0.020766417,0.043147580887074946,0.3700507713450224,8.611035873336618,0.21303797
1,human1_trendelenburg12/human1_trendelenburg12_SkeletonData6.csv,trendelenburg,12,160.1683327214513,125.5401908742546,179.04851877109527,12.307550983616396,158.58710452635398,135.5116997786494,174.50878568636645,10.175949206413689,90.43077855250219,2.2391962034191484,0.017939402,0.024318215,0.05160177579929411,0.2640218379248379,14.511241989123604,0.08386493
1,human1_trendelenburg15/human1_trendelenburg15_SkeletonData1.csv,trendelenburg,15,160.3187809291496,139.3396230103823,176.67041651493668,10.278568743325721,157.0861268104643,111.26661434931654,178.26272286930336,13.800668007474208,90.00080685769,2.423272375347418,-0.031708747,0.021182002,0.05525423958557336,0.2945942292961559,29.66531501543244,0.0039122105
1,human1_trendelenburg15/human1_trendelenburg15_SkeletonData2.csv,trendelenburg,15,163.58904144663848,137.55172501320206,179.13697545911896,11.06320988647747,155.02109131732283,132.26017019859552,170.6758727796058,10.559615853010994,91.20000975659357,2.15131975614541,0.0244824,0.023479627,0.06722488813545148,0.2633537397529213,3.1695478649066047,0.004400015
1,human1_trendelenburg15/human1_trendelenburg15_SkeletonData3.csv,trendelenburg,15,163.8972669568155,137.77455256518274,176.5710797998774,9.382154965907631,160.75109848200395,127.08532783225219,178.29211290037713,10.422779110314982,91.40841576082263,2.0602780943839614,-0.03591923,0.023734063,0.051486255997965365,0.2780698114728273,12.410257833430293,0.8600409
1,human1_trendelenburg15/human1_trendelenburg15_SkeletonData4.csv,trendelenburg,15,162.96554304040677,132.72586580864808,179.16269881272967,11.194598413009642,156.63299549357626,131.8207053401391,174.49785874473034,10.647152747911496,91.42443101108674,2.0223767866417677,0.022050736,0.02293205,0.05272789146616274,0.2863922280840404,3.7596795994903687,1.0623927
1,human1_trendelenburg15/human1_trendelenburg15_SkeletonData5.csv,trendelenburg,15,160.66202721481852,127.64670970296218,176.56826423757605,11.87994115280817,157.56378081779275,129.33140495932233,176.27562044612432,10.05038243015902,90.25801223582391,1.9558436988921983,-0.027131692,0.019115787,0.048857959171239286,0.2624498844509369,1.977339047811867,0.24910021
1,human1_trendelenburg15/human1_trendelenburg15_SkeletonData6.csv,trendelenburg,15,159.1979120384091,124.81851399713486,179.3677939022944,14.392185697288163,157.5360624886017,135.71005492591053,173.41160433496188,10.082953850659072,91.09933989780174,2.6150562922655327,0.016524091,0.020693168,0.048033847867469136,0.2411392117802037,16.8477304961082,0.13137007
1,human1_trendelenburg17/human1_trendelenburg17_SkeletonData1.csv,trendelenburg,17,160.42525444029636,81.39709753802363,178.80076334982226,14.56644770334476,156.6750656757996,88.40679396752917,178.1298073853376,14.106645959132475,89.06728929218693,2.8252136043205174,-0.04569516,0.026980584,0.046354909823646984,0.42900055373498164,7.6806523939901865,0.22951508
1,human1_trendelenburg17/human1_trendelenburg17_SkeletonData2.csv,trendelenburg,17,161.301004821302,132.5166782772049,179.03500647365055,11.488192338311599,154.399252599727,132.5559950728495,170.67631959530416,12.571229794077285,90.07893174656972,2.0223619800598827,0.022781301,0.02785318,0.038189041226939724,0.2526412292032338,8.398003673990985,0.042057276
1,human1_trendelenburg17/human1_trendelenburg17_SkeletonData3.csv,trendelenburg,17,161.71406719802542,134.83728104639576,178.78515296279252,11.048320325133602,148.96085528900522,97.19347319573986,175.59061748812482,18.729269638585286,90.73205454698683,1.8938802989969616,-0.047193382,0.030330574,0.05833634821891199,0.2873842204447019,34.4492723759882,0.9635198
1,human1_trendelenburg17/human1_trendelenburg17_SkeletonData4.csv,trendelenburg,17,163.03010861144716,129.13324909838548,179.33294959274085,12.076945603268964,155.01560644673685,133.7269172636353,174.6113893433206,12.238902847189879,90.88402190665373,2.169341342237461,0.021002745,0.022889303,0.06230745773499196,0.2778393187813317,9.31522841467006,0.8410611
1,human1_trendelenburg17/human1_trendelenburg17_SkeletonData5.csv,trendelenburg,17,162.83195065441515,135.0541005372017,179.05957471898282,10.655215951835435,156.2336465541691,130.3260410614585,178.64443589756948,10.715569805653248,90.14336926681682,2.04059826112519,-0.027761336,0.022085827,0.05543136119804157,0.2750599797199066,4.312920654329844,0.06253004
1,human1_trendelenburg17/human1_trendelenburg17_SkeletonData6.csv,trendelenburg,17,161.85301313936486,133.93051899903142,179.39234452689914,12.440035065268455,156.2208338500718,130.87639354182636,174.06811752132563,11.359025165918,90.90836911444238,2.88687827058635,0.019722158,0.030188369,0.04923904417940735,0.2903500346157635,2.2701015483684444,0.13344002
1,human1_trendelenburg4/human1_trendelenburg4_SkeletonData1.csv,trendelenburg,4,161.35325564110792,136.32119349827045,176.70442222040342,9.56118379734663,160.36334702090298,123.19786161171847,176.07375636257544,12.147071119770988,89.60380333498689,2.1902389519620695,-0.034124974,0.026998207,0.039832231760494906,0.25617106073859197,12.492666028724003,0.40309
1,human1_trendelenburg4/human1_trendelenburg4_SkeletonData2.csv,trendelenburg,4,159.95360567292474,136.66521418097744,178.79273435615846,10.64965025067495,156.2181856783387,131.2191034206334,172.51497665110077,11.907069651732256,90.35527040465655,2.10065945241721,0.024845114,0.028145865,0.04250018206270047,0.21736623133530103,0.8316469447136399,0.16930532
1,human1_trendelenburg4/human1_trendelenburg4_SkeletonData3.csv,trendelenburg,4,162.0702743348388,138.26258301327394,178.02631842741843,10.025804303820745,160.41415678122019,129.14587731352643,177.62539424702283,10.816374596702305,90.79964392895413,2.1963842549856873,-0.033210155,0.024644624,0.04588741231819065,0.26438415506816276,8.715781519351907,0.9668317
1,human1_trendelenburg4/human1_trendelenburg4_SkeletonData4.csv,trendelenburg,4,163.1979715362726,128.64472486570952,178.9270536859885,10.982544810978224,157.44131185700277,134.76198987745937,174.74814625753257,9.969099440035889,90.41410121208625,2.411546589924264,0.021549901,0.023774737,0.04607843976582278,0.32324517891075616,10.296172440205794,0.87021685
1,human1_trendelenburg4/human1_trendelenburg4_SkeletonData5.csv,trendelenburg,4,164.17085429557693,141.78512043732715,178.18064829267394,8.62818866306154,160.46102880003892,132.9743039719764,179.3803383524798,9.651601918347357,89.59986047088623,2.500133818821831,-0.025397759,0.020472758,0.05124405145849903,0.21836198400106124,10.010506525156615,0.03963995
1,human1_trendelenburg4/human1_trendelenburg4_SkeletonData6.csv,trendelenburg,4,162.0048878793103,133.87267927266464,178.09327804363613,12.273658168963122,158.9160136893579,135.78568404665592,173.90623783360704,9.782525196166635,90.51817017749312,3.3160828888485487,0.018792555,0.02091354,0.03759560073619891,0.22001291183194904,6.100044984020371,0.07061005
1,human1_trendelenburg6/human1_trendelenburg6_SkeletonData1.csv,trendelenburg,6,160.7563655224032,141.80075258057133,176.22322437081715,9.260231759869535,160.84643666746985,131.96724282340816,177.1922489551152,12.075426146843723,89.17747358776425,2.6770983912490847,-0.028370187,0.02269726,0.03460460073435369,0.2317809838764015,10.802534341461211,0.6368644
1,human1_trendelenburg6/human1_trendelenburg6_SkeletonData2.csv,trendelenburg,6,159.07085915823438,136.83678532601564,176.32435810785037,10.727598859412112,156.94721790266513,132.73464990694887,172.02438427858553,10.779238372986478,90.68146463928632,2.532862870625927,0.013644644,0.027744684,0.048496226468075214,0.22554930241426763,0.1978384101980737,0.024721384
1,human1_trendelenburg6/human1_trendelenburg6_SkeletonData3.csv,trendelenburg,6,161.80563041288815,136.6370578741031,175.86150306700415,9.98839180560464,157.64975446753274,128.79895556069684,175.0444511373513,13.043894407410546,90.7788664515542,2.1801816218265473,-0.02773186,0.025428731,0.04589681084347145,0.2523361338838317,7.021050383753419,0.7118869
1,human1_trendelenburg6/human1_trendelenburg6_SkeletonData4.csv,trendelenburg,6,161.11316167631577,119.01775701234705,177.5473636540811,13.020951108854154,157.19868946011442,134.6483055698336,175.64803237117664,10.247887642182723,90.20720197527905,2.3016515555516555,0.023865612,0.022340044,0.04292700676923285,0.35580646656321246,17.52987984039102,1.0970309
1,human1_trendelenburg6/human1_trendelenburg6_SkeletonData5.csv,trendelenburg,6,158.0880096933276,129.29638526284543,177.5610655117241,12.330438139327317,159.45835107766663,129.5326710798912,173.04220704313173,8.582777291219847,89.17159727229254,1.8877991879374545,-0.022552356,0.01932005,0.03783255655629109,0.22034288469925253,4.755144285638153,0.02898407
1,human1_trendelenburg6/human1_trendelenburg6_SkeletonData6.csv,trendelenburg,6,160.7002855161515,125.62114788589405,177.58798470284023,13.154856605684362,158.80236943524503,133.83144525081303,172.78774031985176,9.758199946572013,90.11072857965718,2.623910445120178,0.01849278,0.022036506,0.04358294485011217,0.2117301024336584,13.010541747907453,0.08471513
1,human1_trendelenburg7/human1_trendelenburg7_SkeletonData1.csv,trendelenburg,7,160.8939729340248,137.2192661893464,179.13604449934235,10.900986017199353,158.25420137943956,131.29847943143866,175.62919947705035,12.342121936771242,88.91713276433288,2.528336436502406,-0.03201387,0.023704806,0.0325963132960497,0.23304723761621993,2.4139417356157367,0.41162205
1,human1_trendelenburg7/human1_trendelenburg7_SkeletonData2.csv,trendelenburg,7,159.3858016534097,134.6731419249478,179.05586155511259,11.965438780570317,154.42823640278803,130.45689527810532,173.2967059845815,11.6242641380332,90.0232099178487,2.708470182583132,0.021632237,0.02861595,0.04231231694715914,0.2241219660380381,1.5429089236886,0.0060219765
1,human1_trendelenburg7/human1_trendelenburg7_SkeletonData3.csv,trendelenburg,7,161.45717471989752,128.9620406418739,176.97629166434555,10.938759396835783,158.0780630584457,122.47653796206411,177.5719560986298,12.3145436470497,91.15769401319407,2.2499042845608956,-0.033923913,0.024173405,0.04173392607852205,0.24723095108431606,7.081167114094043,0.6953199
1,human1_trendelenburg7/human1_trendelenburg7_SkeletonData5.csv,trendelenburg,7,161.77512739469967,135.42080085865877,179.14802108779514,11.205193823467534,155.77897086831038,96.21964658874573,171.99716449526488,16.52797259140094,89.73532809102379,1.6917251443557397,-0.026619004,0.019759722,0.044548733133602955,0.2249054196849166,32.05029767738277,0.1096499
1,human1_trendelenburg7/human1_trendelenburg7_SkeletonData6.csv,trendelenburg,7,158.97247329435365,136.90022431643374,178.67673692010547,12.017447779333509,158.65384710428654,136.15613823690583,174.03212816105543,9.233949569203572,90.23862942075687,2.4547973568066723,0.014818164,0.024547871,0.043304038909318436,0.20720778629823963,3.9005226795221404,0.0131008625
1,human1_trendelenburg9/human1_trendelenburg9_SkeletonData1.csv,trendelenburg,9,161.19512280570467,136.14529389194675,178.10421986801313,10.85541528775583,156.82578433785187,122.38075091848614,175.57581928891608,13.614425450617382,89.68973774346871,2.173557575075369,-0.03371649,0.021758666,0.03806432580108819,0.23459891229995672,11.236142394363554,0.60341024
1,human1_trendelenburg9/human1_trendelenburg9_SkeletonData2.csv,trendelenburg,9,161.04732732760965,133.44062932552578,178.31914862276355,12.181107305335066,155.61226855252295,129.5344511607887,169.90039880290846,11.288599898759172,90.60975139742526,2.1782460879743404,0.010430149,0.026607947,0.052403545705144605,0.24335128900995945,4.512571655118023,0.06219721
1,human1_trendelenburg9/human1_trendelenburg9_SkeletonData3.csv,trendelenburg,9,162.38974676429325,131.97493671843483,179.20042851102963,10.905585269040824,153.69994270559482,95.65411437908983,175.64382462183255,19.251248473229907,92.3378717350755,2.0535520031406267,-0.02851544,0.02376384,0.04069659187889597,0.2649067193552465,32.76421845014792,0.5203898
1,human1_trendelenburg9/human1_trendelenburg9_SkeletonData4.csv,trendelenburg,9,163.68652297710057,132.09820150807337,178.1031832739245,11.424212132722248,157.1652454433464,131.53425995276766,175.94647056188813,11.18025597796802,91.89398707021485,2.2415326529114923,0.026357131,0.023155445,0.04227758456716393,0.2564958314811877,1.5927711567306346,1.2511892
1,human1_trendelenburg9/human1_trendelenburg9_SkeletonData5.csv,trendelenburg,9,161.0082091993737,97.19190809781801,177.09141667356784,13.397914232959716,161.80417580724674,139.1213383895274,176.04984605570573,8.340744831767502,90.87784081318915,1.8180277362292256,-0.021504682,0.022265403,0.04238491812385932,0.24181358118400814,42.9710009095715,0.37882972
1,human1_trendelenburg9/human1_trendelenburg9_SkeletonData6.csv,trendelenburg,9,162.13035580180383,131.26998367968122,178.56693336368292,12.514604090057679,160.80200626850666,133.71245188522778,174.83890295669997,9.771591916397696,91.37334904901009,2.167334549595455,0.01795621,0.023019152,0.048607504510594056,0.2055818249048957,6.170498612529514,0.33965015
10,human10_antalgic1/human10_antalgic1_SkeletonData1.csv,antalgic,1,168.90699596252213,149.63456286594243,179.45848045104916,7.69361467271769,166.29572268104,140.33342472744843,179.33137131662545,10.527780908541,83.82732724011744,3.0612444458922963,0.02347079,0.008952543,0.0329413578460526,0.24699801537991473,9.174029004070292,0.12464583
10,human10_antalgic1/human10_antalgic1_SkeletonData3.csv,antalgic,1,167.05958732511118,144.01067698672014,179.43306878962312,9.786194215130973,165.27414602513335,144.09283015265186,177.23516995474526,8.91978398788708,84.16461126770706,2.98073332086324,0.020598868,0.015724486,0.03068127672601425,0.3242898407742876,2.280052000809576,0.69153094
10,human10_antalgic1/human10_antalgic1_SkeletonData5.csv,antalgic,1,167.4783123920769,134.95646275692079,179.41248809096354,10.429978859525995,162.60413167797768,119.09018070862724,177.7816528742321,11.760002853125652,82.214164212809,3.772176637198357,0.032407653,0.0081837615,0.05599963533447444,0.2731870167125112,14.2354468315621,0.011759996
10,human10_antalgic1/human10_antalgic1_SkeletonData6.csv,antalgic,1,169.1208417951765,77.69453227668714,178.12749606817215,11.30438368431938,169.93516117123815,153.97070841769568,179.00293466864494,5.877468863508855,83.5029630728845,3.492292555672877,0.047738247,0.016181242,0.02087057868219932,0.14812778528683906,75.40073754053574,0.06722021
10,human10_antalgic11/human10_antalgic11_SkeletonData1.csv,antalgic,11,167.8158912035037,146.8987227935449,178.88306946915426,7.15952077553225,167.16720548306,143.96355243659852,179.12201354506976,9.942550170546443,84.5950100947398,2.9892156221370705,0.0062165926,0.009958617,0.03062890739540824,0.2755826120510405,3.1741144328618702,0.40234315
10,human10_antalgic11/human10_antalgic11_SkeletonData2.csv,antalgic,11,171.98644162612277,156.69283094420737,179.4846523633737,6.307424765561542,166.62274422565775,149.73483557900425,173.8734528187817,6.9153254874490955,85.43686766219066,2.676868934999345,0.027762368,0.014571102,0.04489168468446967,0.17867426887623572,1.3467958206111064,0.6900176
10,human10_antalgic11/human10_antalgic11_SkeletonData3.csv,antalgic,11,167.14403015124103,146.53980033870437,179.58526171093825,7.784382606910514,166.28467311938377,147.5855729149592,178.52026080489068,8.818379372418379,86.01279550981012,2.7626431137131076,0.007148228,0.013996394,0.03602944663123196,0.3518267409823416,2.110773482302392,0.1522038
10,human10_antalgic11/human10_antalgic11_SkeletonData4.csv,antalgic,11,170.73259738851237,147.62821813380802,179.66936821022878,7.311097527160207,167.77058423302188,154.05889877625648,174.08522584790066,4.9697447492374165,86.3813267866128,2.9844669510373625,0.028002923,0.018006658,0.032879034071522435,0.1768995908251099,12.014823004776588,0.053755045
10,human10_antalgic11/human10_antalgic11_SkeletonData5.csv,antalgic,11,167.75326084082678,149.0856700099095,178.457969496136,7.194525681117311,165.33325706106373,130.3653947061637,179.66580392719982,11.467644259219652,82.48124995674866,3.5595384138126342,0.013673676,0.017544853,0.0595453343101602,0.3031687255178581,19.928109734809624,0.33399796
10,human10_antalgic11/human10_antalgic11_SkeletonData6.csv,antalgic,11,169.86655336797548,151.8907393198001,178.31864878320312,6.2218373445077635,167.93353520893638,114.89719393382546,175.2137586853368,7.9555599209714485,84.63646964656584,3.3658726071056315,0.03189299,0.021159144,0.035148659020878666,0.16598671138919938,33.88865528810834,0.09296012
10,human10_antalgic12/human10_antalgic12_SkeletonData1.csv,antalgic,12,166.56896383762134,152.8265510422757,179.242359149318,7.6660793231174615,167.22976923480658,143.5105883712361,179.29881482563715,9.018264585515498,83.01137711701418,3.8287901395453114,0.0023208081,0.007551268,0.03264269014344284,0.2922841874365622,9.372418347358746,0.6363003
10,human10_antalgic12/human10_antalgic12_SkeletonData2.csv,antalgic,12,171.05254196726975,145.70845545323,179.7726121071598,8.298281931035925,167.42039095395836,143.9258075441889,175.42376370543482,6.050992340635114,84.05554747609187,3.842359986858258,0.015582168,0.015786037,0.04429986285230173,0.18657509049775636,2.5662004926838904,0.73726726
10,human10_antalgic12/human10_antalgic12_SkeletonData3.csv,antalgic,12,167.2884571654665,142.7961693837547,179.664414725092,8.631019912368691,149.58856817785255,6.110524378271627,178.8569020211843,44.15005389677214,85.38226206394712,3.433443597960878,0.00087220874,0.015371323,0.03221826546540009,0.335375069748515,135.87813230157536,0.20645285
10,human10_antalgic12/human10_antalgic12_SkeletonData4.csv,antalgic,12,169.47865256484013,144.3445539393917,178.02942906098062,7.483994138480472,167.43024022118468,152.44657180048418,175.20951802590594,4.885811594422988,85.34150441337493,3.2957974371353953,0.01867686,0.01578574,0.03037095003425758,0.17534131151984036,10.921928896167174,0.095409155
10,human10_antalgic12/human10_antalgic12_SkeletonData5.csv,antalgic,12,168.85082598758768,151.4559815063784,179.07298752503223,6.823115949697975,164.7677142418262,120.44102375687598,177.84837803604285,13.502216619182624,83.44703166789175,2.9847436646125693,0.0036438066,0.008954833,0.05700124172812544,0.21083284681725042,29.790348260513042,0.045160294
10,human10_antalgic12/human10_antalgic12_SkeletonData6.csv,antalgic,12,169.7440365227862,153.32651589540671,179.69702123541276,6.237085209543453,165.53679433516112,120.3921258474237,176.4485085470646,13.738221751464787,84.05277582693714,3.023760241453102,0.01923782,0.013086238,0.030326846157752402,0.1868394255825714,29.685877359634844,0.30525017
10,human10_antalgic15/human10_antalgic15_SkeletonData1.csv,antalgic,15,167.32286341165445,154.18100904963026,178.8968885082215,6.0721319318320255,166.77243098996126,89.57861105978144,179.73461866228232,17.44639527916471,83.79762573132113,2.865148493251571,0.003994236,0.012063704,0.03221749693317687,0.21579420411557254,65.44012814390963,0.28646564
10,human10_antalgic15/human10_antalgic15_SkeletonData3.csv,antalgic,15,167.3358748339504,127.09521653787095,176.85081295734057,9.12613386752671,156.60315842401417,23.902312322846587,178.97023174351054,27.830591724803174,83.75402922069541,3.414479302255381,0.0041559646,0.009436098,0.03239461955047931,0.26762687338321106,105.31232300119433,0.17352605
10,human10_antalgic15/human10_antalgic15_SkeletonData4.csv,antalgic,15,170.8674403490096,158.2114636655031,179.4439454591171,5.581968991480084,168.32802994198872,147.41294475764963,174.6268010164628,4.509075035578087,84.30560405323881,3.7687891725468647,0.023946416,0.011907103,0.026658100448699183,0.1519496573409409,5.981374465199167,0.25984597
10,human10_antalgic15/human10_antalgic15_SkeletonData5.csv,antalgic,15,167.64398544519347,153.32680141979094,179.1724003575891,6.093577552180656,167.63212683365487,147.88302660796504,178.8338246048969,8.381741029594119,81.15746013837509,4.075864846739585,0.011614942,0.010306612,0.04226797414314278,0.20618540577120142,5.105199059133696,0.0665102
10,human10_antalgic15/human10_antalgic15_SkeletonData6.csv,antalgic,15,171.11042669395434,155.0484670341506,179.25617355480028,5.553641375746893,169.81775750546984,136.9108923400438,177.9983514133266,5.816011427389983,82.43195753700509,4.369441390880601,0.02497191,0.011568912,0.037398559618208614,0.15652190942539884,16.879752552633107,0.05027008
10,human10_antalgic18/human10_antalgic18_SkeletonData1.csv,antalgic,18,166.6893443219731,147.25055463149928,178.0118036740782,6.523981398577119,168.46795599232243,144.15479395454582,179.68705451607835,8.324658249503113,82.93749659349395,4.5321882753463045,0.013415828,0.0141058,0.03891903218248989,0.27581170111172715,4.7710115189536,0.43878675
10,human10_antalgic18/human10_antalgic18_SkeletonData2.csv,antalgic,18,170.32022521611972,153.97712461531628,179.25036809261132,6.211610461007463,168.69413687937742,157.71097114733288,176.67273277639194,4.285157334839229,84.08219294763376,3.926541205620205,0.025973666,0.012865612,0.03827260351210152,0.1551783238445484,6.311481848235985,0.67740893
10,human10_antalgic18/human10_antalgic18_SkeletonData3.csv,antalgic,18,168.08764345495123,141.7060609652976,179.2043580265352,7.701076146994031,165.21302124860645,128.62812750833257,179.15319162617698,9.892585483024162,86.31076428667863,3.420413443042224,0.0002122303,0.009395781,0.023406943369728945,0.28042896598872635,13.026767056606815,0.51059055
10,human10_antalgic18/human10_antalgic18_SkeletonData4.csv,antalgic,18,171.43792677036845,148.2223739363509,178.9720778617227,6.490040170918832,169.03537292569877,156.76440483839758,174.90587277350753,3.4282946084572283,86.15133573497046,3.4982350476939157,0.020101404,0.01532776,0.028145393348770323,0.14918190387484717,12.608235990261875,0.062836885
10,human10_antalgic18/human10_antalgic18_SkeletonData5.csv,antalgic,18,169.30967558768177,154.80590110901065,179.11664052826816,5.3526573304335265,165.08738108109702,12.610280479025013,179.84943111604076,15.612115041838392,83.58949864239821,3.0537674136518,0.007988735,0.009516253,0.03156858171663489,0.18547223320988798,142.92841121775822,0.5252321
10,human10_antalgic18/human10_antalgic18_SkeletonData6.csv,antalgic,18,171.77718295125584,156.81282113749097,178.3320781886412,5.062896644426736,167.48328513766998,12.71321279886749,176.18587312422963,17.435471064333413,84.61435179340192,3.3676222147695762,0.021532886,0.011380451,0.033723631005600774,0.15450534101378524,141.95340327421192,0.3566029
10,human10_antalgic19/human10_antalgic19_SkeletonData1.csv,antalgic,19,167.55420644257944,152.67131604858477,178.95581065316054,6.631119060937737,168.81544455205355,149.1673180511368,178.97310006541085,8.185935200693008,85.53061096515646,2.9643894292334596,0.013738744,0.012463953,0.044211510837157804,0.25602880667906486,3.5212874096982887,0.087285995
10,human10_antalgic19/human10_antalgic19_SkeletonData2.csv,antalgic,19,171.48219089057423,151.14401333111672,179.67448451984262,7.050817255281096,170.15922692842443,158.8886125311568,177.47506408973965,4.193096306645386,86.27704341537674,3.457006709783113,0.026306117,0.011493848,0.044964342518811304,0.1673441308849221,9.94401963014306,0.1969111
10,human10_antalgic19/human10_antalgic19_SkeletonData3.csv,antalgic,19,167.40665970992694,149.5237134941467,178.18035304777487,6.8352193437292,168.95774554120086,149.79481667132455,179.19611641902927,6.8819361080471975,85.94443763865954,3.271291701504854,0.0075667086,0.0132987555,0.025723285318132574,0.223860948465849,0.7446601940765447,0.19038391
10,human10_antalgic19/human10_antalgic19_SkeletonData4.csv,antalgic,19,171.15740498147753,153.46154858407664,179.64072742152587,5.950111282698957,169.22208805097068,157.71018453931504,177.38537757059188,4.204020300764172,85.61946904868452,3.525399013441837,0.024989933,0.013446944,0.0325344299944988,0.1552959265865747,6.5039858061723805,0.009808302
10,human10_antalgic19/human10_antalgic19_SkeletonData5.csv,antalgic,19,167.92244516936736,152.12687075790993,178.99969500405032,6.042924701335558,166.56996521433717,132.5796807114737,178.89921803216694,10.763487325555383,83.92570650887517,3.4396649919592672,0.013683569,0.009725635,0.05327384237131476,0.21993558482697745,19.446713074552832,0.31132007
10,human10_antalgic19/human10_antalgic19_SkeletonData6.csv,antalgic,19,171.5338380866474,154.34772773286963,179.4491795462319,6.007598637180402,169.84552839150192,146.06756986831073,175.2651060613378,6.164978773891193,84.81561458855158,3.4338531707736255,0.028205743,0.011962004,0.03062252363848871,0.18823133023273902,4.096084379664802,0.2179091
10,human10_antalgic2/human10_antalgic2_SkeletonData1.csv,antalgic,2,168.206359910369,156.29722351775433,178.9264634974247,5.5415047802321284,167.6436401000807,153.4597706330952,178.9388673875077,7.479618624798506,83.08386504657813,3.990559173832316,0.028924912,0.014156398,0.026096327730957627,0.2347435303688711,2.8498567747421646,0.17218184
10,human10_antalgic2/human10_antalgic2_SkeletonData2.csv,antalgic,2,171.1768457037835,155.8558056769155,178.99911357760516,5.48537503230979,172.07076925111318,161.61309287223315,178.94066282930197,3.205726587048699,85.54811805430572,3.0120434959038707,0.050904147,0.011917534,0.03340712886826088,0.15683015331145347,5.815737943620832,0.051612854
10,human10_antalgic2/human10_antalgic2_SkeletonData3.csv,antalgic,2,170.62390444903085,148.70968333375117,179.37012342000517,5.620301180386673,164.94301071201284,130.29102757467066,179.20845036974612,10.385049335617133,83.55810069128285,3.2195973588844664,0.02455681,0.015451889,0.04284143885316259,0.3616373891773804,18.256982708821454,0.047542095
10,human10_antalgic2/human10_antalgic2_SkeletonData5.csv,antalgic,2,170.01371586346733,147.46816802509164,179.72632430815477,5.516720026741382,157.41037640010643,29.368896345041033,178.15425522966214,31.765502105826876,82.8070821000644,3.4056882399894155,0.029401246,0.0102009205,0.048282318644313885,0.22855375515553922,116.52720260155797,0.109129906
10,human10_antalgic2/human10_antalgic2_SkeletonData6.csv,antalgic,2,166.81879887128744,27.296899559596728,178.67012034928186,20.0442337699631,171.64765618325526,116.34155740617305,178.65591541612918,5.4733862871975525,83.65446851464509,3.394252187364039,0.039586347,0.012431767,0.0353039636266742,0.14824500729498244,89.058862779729,0.037069798
10,human10_antalgic7/human10_antalgic7_SkeletonData1.csv,antalgic,7,167.3951699635101,153.2677219624977,177.77067809481062,6.649836228928249,167.17101977272762,143.93286443266993,178.7127462177161,8.853019855356736,82.90110081829923,3.7692032729717155,0.02604452,0.014901889,0.03544150133745946,0.33016069826602285,10.27692565273324,0.7825929
10,human10_antalgic7/human10_antalgic7_SkeletonData2.csv,antalgic,7,170.18521478281357,154.31396412881986,178.6337253691553,7.082948542427644,166.95516397050278,153.4252925959761,177.09953728015708,5.286026700956671,84.1134855780032,2.9914475632682036,0.033643633,0.009110015,0.030340212235174253,0.15883180788952325,0.6455165561544334,0.7803359
10,human10_antalgic7/human10_antalgic7_SkeletonData3.csv,antalgic,7,167.39592229978248,150.5441782930283,178.32746231175457,7.126352728074726,162.39319947846812,103.54238740252232,177.42455152637964,12.231981551693272,85.03888338994278,3.6250255599596746,0.021177383,0.012424303,0.038004254047461626,0.36121273287114386,46.098880105131045,0.25128222
10,human10_antalgic7/human10_antalgic7_SkeletonData4.csv,antalgic,7,171.06427051233098,153.937291183744,179.39726599363416,5.969207060208977,169.3845853607368,157.39534023663495,176.8101167664178,4.35530816256283,85.60855552995585,3.878741724801244,0.042159572,0.012717808,0.027269484517909608,0.15316957245836793,6.045198280107314,0.080645084
10,human10_antalgic7/human10_antalgic7_SkeletonData5.csv,antalgic,7,168.17456915727254,153.63158544906128,179.07261185202924,6.490758301838792,161.79293513180485,115.70561468289735,178.36114327365965,16.327704804858126,83.34772581211298,4.216801273820709,0.02894637,0.009684141,0.04320505516744999,0.2456399628535731,37.21450218779434,0.58567977
10,human10_antalgic7/human10_antalgic7_SkeletonData6.csv,antalgic,7,169.29474790863458,154.5622357246966,179.35481497586994,5.781705268585629,170.74836205741565,116.5784344933258,179.15848286155676,8.122940363568397,84.59836020474556,4.026873278178971,0.04572899,0.012913344,0.030540379724532173,0.15437294495553622,37.78746911705761,0.39095998
10,human10_lurch11/human10_lurch11_SkeletonData1.csv,lurch,11,162.73908706597294,138.42415513832287,176.6660307773463,10.08750960590167,167.2114393645078,139.15956166741066,179.6159939488927,8.273981411837823,97.34436865468405,12.75226806543958,-0.033790257,0.033432674,0.058606212102737164,0.2503571087909778,2.214556642458632,0.714303
10,human10_lurch11/human10_lurch11_SkeletonData3.csv,lurch,11,163.25174134020733,141.5415841870767,178.55587435782948,8.822963905051353,159.34646504241493,126.04816274093619,175.94340005744323,11.324987503120846,96.97642242784924,12.27595061733987,-0.03102759,0.03146609,0.03963770495194322,0.21104084863703423,12.880947145754249,0.06321859
10,human10_lurch11/human10_lurch11_SkeletonData4.csv,lurch,11,156.52146902132043,67.57936863063196,179.28458083371345,28.12833252514965,160.13146439383223,129.9283069812471,176.37935324733152,10.223323610062875,99.59169116683813,13.883668025184996,0.0064731673,0.023467522,0.02972788866645766,0.41429999494038383,65.25416593699705,0.27796102
10,human10_lurch11/human10_lurch11_SkeletonData5.csv,lurch,11,166.43664318434355,139.44218143824304,178.18873846132882,9.516590879524598,168.23031408297481,141.29204241108738,179.481589207084,7.703622115851974,94.028934067477,12.090690698282527,-0.016581982,0.012836424,0.0751667535702738,0.18468309218300286,0.5570102270891653,0.3389101
10,human10_lurch11/human10_lurch11_SkeletonData6.csv,lurch,11,162.77835946129707,136.36548705461985,179.23642749304733,12.569231137957788,165.04838459864433,141.01693032708064,177.18555902014307,8.133251255563161,95.70743735406656,11.660751725612686,0.004916504,0.017416805,0.03825553113317398,0.19159385347153296,6.702311745365051,0.21343994
10,human10_lurch12/human10_lurch12_SkeletonData1.csv,lurch,12,162.85966252235946,138.6807589136833,175.19553715667178,9.118420145321288,163.4287223113342,131.67915578573238,179.1803302815345,10.465280794655406,97.01323324000371,13.516271831237527,-0.036519114,0.038653545,0.04770356380081229,0.2643322036336529,10.986396252813648,0.06767821
10,human10_lurch12/human10_lurch12_SkeletonData2.csv,lurch,12,147.33293537171372,66.34520106330719,178.05170469837884,34.620591157620694,157.73529470346529,133.90755044702186,176.73965058582988,10.556955768648075,98.12846838005491,13.573807551451916,0.009220045,0.015255376,0.03637355959166194,0.3134029263790477,68.87440349626364,0.12156105
10,human10_lurch12/human10_lurch12_SkeletonData3.csv,lurch,12,162.97252968171892,135.91084403302708,178.22596033754013,11.000512117738358,164.05240014724404,129.66216549166538,176.55795784571657,9.01496496228487,95.57013878605395,11.358484121862936,-0.037280787,0.037690632,0.05270905360816424,0.22498193755975235,4.580676049538141,0.7603142
10,human10_lurch12/human10_lurch12_SkeletonData4.csv,lurch,12,158.80103321708654,66.07837988697968,179.14828768567253,26.717542803887653,157.50592567609465,106.80868541460903,176.22915549268046,12.35135156931705,98.41942646745728,11.88512727359482,0.011287137,0.029493254,0.04371850881798672,0.3374449135223499,43.64943772062142,0.2814281
10,human10_lurch12/human10_lurch12_SkeletonData5.csv,lurch,12,165.92854517231342,140.13797809511064,179.33230244932525,10.757129143649593,164.0384480432173,132.2626569953751,179.30262575582023,11.174417738693903,94.01408397766954,12.086128738569203,-0.017259499,0.015368594,0.06529121764759707,0.21858397416301478,7.8456444062305195,0.26145983
10,human10_lurch12/human10_lurch12_SkeletonData6.csv,lurch,12,166.92010617683803,128.92301354734286,178.83413603327824,10.50765278062596,161.00995579420353,130.12090501892797,176.5276746414944,11.870403168802364,97.94415274354624,13.511575796048659,0.0048959646,0.018372634,0.04456299010692402,0.21640950242523302,3.5043528633689505,0.01869011
10,human10_lurch13/human10_lurch13_SkeletonData1.csv,lurch,13,162.17597408104575,119.30613629006028,177.6851619467347,11.104250089020798,166.11377882967622,137.41738154473776,179.4972971819961,10.151388304213437,95.96599353880566,12.652815111951076,-0.035431415,0.03969997,0.05799415293386073,0.3088118066747826,16.29911001941609,0.35064626
10,human10_lurch13/human10_lurch13_SkeletonData2.csv,lurch,13,142.04111345259378,82.2096145549804,178.09015672051362,29.884292378757927,154.34187060795492,112.40958142215042,176.7921031025727,21.22703152456624,100.49499047042046,14.794596514701103,0.014316577,0.012429132,0.033695933866461976,0.219618139012961,31.498020485110942,0.85333836
10,human10_lurch13/human10_lurch13_SkeletonData3.csv,lurch,13,164.13243103626598,141.2901087592106,177.9742086558416,9.741948257949714,167.3592338433384,128.3200354735355,177.80709789681086,10.239216952829683,95.18222856642774,12.345720080008274,-0.039899763,0.042333055,0.04676170146498806,0.23521690048674215,12.802962526644336,0.14533973
10,human10_lurch13/human10_lurch13_SkeletonData4.csv,lurch,13,165.67305938073073,120.47374795747675,178.64413239608106,10.682269515658088,164.1546811181904,129.02440855271715,179.09836573729905,10.62015596981889,96.97417741528221,12.842989981527515,0.0066978754,0.022859942,0.046391728979471525,0.3141312423949449,8.096427254022416,0.39861298
10,human10_lurch13/human10_lurch13_SkeletonData5.csv,lurch,13,164.75614766125562,139.19699117738512,177.40715667285133,9.772478347703489,169.73183490192477,144.3591724408177,178.62700099156487,6.894461885245659,93.57103915117732,13.243621405190492,-0.01922143,0.015552807,0.04818532841748535,0.1854633576853745,3.9423369447190453,0.1159699
10,human10_lurch13/human10_lurch13_SkeletonData6.csv,lurch,13,158.8295419534258,63.29009321941532,178.4800677097988,23.3866501193882,167.09405219731514,141.65353276115925,178.20107071145637,6.960790218510425,95.16823301897455,13.275958519146025,0.0011883031,0.011910322,0.03864799832109278,0.2518403117560324,78.64243654008635,0.03545022
10,human10_lurch16/human10_lurch16_SkeletonData1.csv,lurch,16,165.92543867832632,135.0247222328434,175.75756241315503,8.989659440495046,165.30692657320026,140.3401676037646,179.94314268728135,11.288478960967574,95.91446085485816,11.119509525658957,-0.02500807,0.025770271,0.06036487398512472,0.2696286352600642,1.1298650967948731,0.9240922
10,human10_lurch16/human10_lurch16_SkeletonData3.csv,lurch,16,166.10964154186402,139.40913985417612,177.5554075441886,9.130606177930472,170.03022686813017,145.4955875163203,178.30538963431403,6.676314723750372,95.59776362659206,12.073822552393175,-0.03743534,0.030511968,0.04090884462517482,0.20792647591702962,5.336465572018767,0.21162796
10,human10_lurch16/human10_lurch16_SkeletonData4.csv,lurch,16,163.28061121218008,62.93864248634032,179.59988749758776,20.51303774636673,162.5529852588101,116.04929435382962,177.3554801176997,10.878643625442713,96.2982412286307,12.034725944205805,0.0104427915,0.026062408,0.036639589355711946,0.5204960391489328,55.35505924737737,0.46739292
10,human10_lurch16/human10_lurch16_SkeletonData5.csv,lurch,16,166.0185811923935,139.62445011664977,178.72228548323272,10.006949082631245,166.8000243963024,139.4068890995737,178.5046474399962,8.771035742874822,92.24179579378644,13.178269071658836,-0.018277088,0.014687017,0.061007265614701156,0.1911925863544932,7.702616045435207e-05,0.49046993
10,human10_lurch16/human10_lurch16_SkeletonData6.csv,lurch,16,162.60253701295466,65.49482160314287,179.52355476395658,16.226086691082223,164.48446869808294,140.0778827800447,178.38868485163374,7.390048790733303,94.621410570457,12.631790395151505,0.0072891745,0.024723746,0.03520358077097501,0.3631355092679636,75.71793108922466,0.23847985
10,human10_lurch18/human10_lurch18_SkeletonData2.csv,lurch,18,143.83633410473922,61.43778514825474,179.4679309047673,38.2788989868882,162.40177442412954,139.40542954524324,178.0506876743489,8.21930193060631,100.3991268449133,11.94047753072045,0.00806928,0.01970352,0.0374720560251684,0.33223422352393783,79.3848876274069,0.674423
10,human10_lurch18/human10_lurch18_SkeletonData3.csv,lurch,18,162.17257264626642,131.3754605704773,178.18992628977927,10.74085787153498,164.0056195083717,127.4117098651141,179.6495311672826,11.123010791681489,98.64262825353832,11.348321350061502,-0.031052643,0.04533107,0.054632204581510656,0.2579637840346814,5.423355582866506,0.05597043
10,human10_lurch18/human10_lurch18_SkeletonData4.csv,lurch,18,147.44704489084017,63.06609754330876,179.3411639994759,36.119609488963704,159.26634736688342,90.95193411390458,176.6928786316819,14.42195590650224,99.51557526354144,11.232929032049478,0.007822017,0.017471727,0.052941089054178304,0.8847287317055588,30.534121938389816,0.57609844
10,human10_lurch18/human10_lurch18_SkeletonData5.csv,lurch,18,165.61046894858544,143.60354131693018,179.58962830265358,8.987719514874305,166.74096215756418,139.1447523031382,179.62190028432553,8.75591695252893,96.35844125159352,12.450251398046206,-0.01407527,0.01707958,0.05477762191931692,0.177611673077824,4.491060995463926,0.23382998
10,human10_lurch18/human10_lurch18_SkeletonData6.csv,lurch,18,153.20162521072464,72.05220640487462,179.1154867017205,27.431510334609573,160.37284219175893,116.95122044478079,178.83223418285124,13.416106525966507,97.55070529843712,13.25194846943805,0.00347997,0.017534262,0.03935880418401539,0.27650120664510214,45.182266558775424,0.21110988
10,human10_lurch19/human10_lurch19_SkeletonData1.csv,lurch,19,164.54792391281936,137.7178051694001,177.3072594158625,9.039810208066326,164.6629423791372,138.54606581318794,178.37701550985796,10.309090732746492,99.50646453870222,11.05971961477969,-0.031455584,0.033825103,0.049024279742448974,0.2561657446171316,0.24149545020762275,0.2528243
10,human10_lurch19/human10_lurch19_SkeletonData2.csv,lurch,19,167.39642482825732,140.07078933683817,179.30136419620396,10.128107329953487,160.30711719715526,137.15386945899328,174.28561499043394,10.302419673510139,100.98650509140981,12.571519150739926,0.017566066,0.017399479,0.04354182028854938,0.4112322256344451,2.098829327925131,0.9680146
10,human10_lurch19/human10_lurch19_SkeletonData3.csv,lurch,19,165.45333006448482,143.85556187034106,178.7710484820366,8.91857727844593,167.42481543446976,132.13462754480145,179.60020676963194,9.818953751613677,97.60056236891877,11.5690272535518,-0.036715984,0.034977827,0.04260813840986472,0.20947700572075195,12.55009261313495,0.3076892
10,human10_lurch19/human10_lurch19_SkeletonData5.csv,lurch,19,165.12946620510792,127.66866462324995,179.45030107145104,10.09854917694117,167.17973606842654,140.01657711244587,178.18817807644444,9.051590646755965,91.94585587945289,13.337065147960567,-0.01590046,0.014170947,0.0519396139756703,0.18334009518725813,13.610035484202513,0.09654999
10,human10_lurch19/human10_lurch19_SkeletonData6.csv,lurch,19,158.8935662719667,81.54138315904439,179.2564056502673,21.039889908890057,165.52613660810113,138.13154332227307,178.23717052858066,9.014820588238882,94.06992973302184,13.939919029754744,0.0017324577,0.013510686,0.03137911067998112,0.2973654252279006,57.60939528491534,0.061690092
10,human10_lurch20/human10_lurch20_SkeletonData1.csv,lurch,20,163.52099244330373,136.2959197296557,177.6772785288531,9.499496382814947,163.0841839186735,133.324843789682,177.88196234661984,8.613054331268524,97.42120324350033,11.673554880740209,-0.0108567625,0.025568709,0.061197483192368785,0.290233949929525,3.175759757740451,0.21522212
10,human10_lurch20/human10_lurch20_SkeletonData2.csv,lurch,20,156.3109607002648,79.26313601497584,178.90676664624263,28.912275744669515,160.13468512994442,129.43907765116094,173.91032422548975,7.800227650774876,100.42517249019305,12.274928215785158,0.0058411728,0.018050073,0.049523086301444946,0.29313069399469394,55.172384056937986,0.7793784
10,human10_lurch20/human10_lurch20_SkeletonData3.csv,lurch,20,164.92655221393304,137.2839403455917,179.5131020717541,9.303885368954637,161.40025284094642,130.96231484278186,178.13287762355887,11.032136699365319,95.78878772761188,11.246563786846835,-0.023920847,0.021876946,0.04812822087326546,0.20956678610249935,4.941401054614602,0.074462175
10,human10_lurch20/human10_lurch20_SkeletonData4.csv,lurch,20,166.21088852026926,94.05473897925613,178.65131997121497,12.303199820450333,161.26611183365523,119.90238605027398,178.39076193079805,10.150928546784213,97.88256818822113,12.606282284837317,0.00066719495,0.025324624,0.04874379020231821,0.6479466576570572,26.10820511143477,0.32732654
10,human10_lurch20/human10_lurch20_SkeletonData5.csv,lurch,20,164.88035943467872,138.9824119898005,178.06880532104998,10.156390551432736,168.06470712585656,141.8336420803731,179.4924264720298,7.358646017279062,92.76704456304051,11.68185219625569,-0.0136288535,0.016264757,0.06887819161729485,0.18984139709486103,1.4276089395927727,0.2959299
10,human10_lurch20/human10_lurch20_SkeletonData6.csv,lurch,20,164.25528302040615,135.22713661321316,178.90214658154144,11.527629499624085,162.81503499558434,136.5441860177451,178.13207498482222,9.169848425674138,94.0539412433244,11.200617094207736,0.004200037,0.01319096,0.02533919235655005,0.2783524005075424,2.0871210012511483,0.1321001
10,human10_lurch7/human10_lurch7_SkeletonData1.csv,lurch,7,164.196872941921,139.79237106186534,177.42304756977353,9.361479418846976,166.90122677251495,139.1400187492805,179.06622236437963,7.712411878701898,97.92681285387086,10.635694887421044,-0.0020372786,0.020939868,0.06370053763140461,0.2716499449798179,2.295527107190935,0.6437094
10,human10_lurch7/human10_lurch7_SkeletonData2.csv,lurch,7,164.9159386521626,138.23375380347866,177.65643005962062,11.355972878929567,160.58440039287865,126.41849153745724,174.45240714920965,11.266214520183109,97.97236782175638,11.227562527546114,0.012665826,0.011346191,0.03690857465202878,0.25402964535908784,8.61123935561045,0.9328129
10,human10_lurch7/human10_lurch7_SkeletonData3.csv,lurch,7,162.61371201996377,135.71860660377183,176.72656538669688,11.238020240459928,165.93030758151448,134.88914656731896,177.87963067967883,9.489431435152516,95.83908918958915,11.388261121324087,-0.030095987,0.022136332,0.04383769048870408,0.21322389659215518,1.9825253294348215,0.941046
10,human10_lurch7/human10_lurch7_SkeletonData4.csv,lurch,7,142.77276549885522,63.852469483500535,179.1360030494209,38.222857989740156,157.57338908065748,109.01617532804013,178.71156168886907,13.491838941699719,97.42937305729156,11.759314180024104,0.002325747,0.021791495,0.029336721872298983,0.3423291042143223,45.588147205091445,0.12619424
10,human10_lurch7/human10_lurch7_SkeletonData5.csv,lurch,7,165.04449798573629,135.40702355690914,178.496182274981,10.133224612923492,162.49585104547023,126.92195063920067,179.54400133442297,12.37266577046534,95.54816288448028,11.19507359280534,-0.013724012,0.0092659695,0.06338370436719834,0.18143027426488595,9.532891977150427,0.19245005
10,human10_lurch7/human10_lurch7_SkeletonData6.csv,lurch,7,162.8843710747386,117.86424632345087,178.02097955376712,13.742169820440848,161.9599080104431,143.81612852191174,178.2829215613342,8.811327068978263,98.61378772072281,11.418854671892085,0.00048027688,0.010003195,0.025704661287951333,0.26242070185754945,25.68994019089378,0.037890196
10,human10_normal13/human10_normal13_SkeletonData1.csv,normal,13,161.82226695499452,135.108613160216,177.4280520179992,12.182475789245556,164.1345180084283,132.15926504273844,179.36349765432195,12.910121665876689,86.25536323045304,2.429696445462401,-0.010933169,0.007520238,0.03451642111383933,0.29577280142326906,4.884793753800324,0.29320526
10,human10_normal13/human10_normal13_SkeletonData2.csv,normal,13,161.14259297429618,135.83369251202691,178.9722573430107,13.452331936997748,160.8941504720687,134.01143732936222,176.0026621476371,11.214403614977819,86.97014685479591,2.0831081935720337,-0.01155447,0.0077160522,0.02096354322103902,0.20858068014875603,1.1473400127089235,0.35555744
10,human10_normal13/human10_normal13_SkeletonData3.csv,normal,13,163.4865564944364,132.64349833376536,175.63178416840688,12.511637430409573,162.7370576622281,136.97242848146766,178.67135974008048,12.36709833871748,89.28910012229723,1.6287740435820757,-0.016605103,0.008445441,0.026497785972340482,0.2548337589425907,1.2893545760286997,0.20098591
10,human10_normal13/human10_normal13_SkeletonData5.csv,normal,13,163.62345240894925,135.2285619261294,179.48627531585618,11.674664787556665,162.2990165492218,132.32334231134277,179.41384008925576,13.975195288946171,87.31225188905456,1.7242897294080584,-0.007940857,0.008116168,0.04439125157092056,0.23536678809748293,2.8327843881862123,0.45017004
10,human10_normal13/human10_normal13_SkeletonData6.csv,normal,13,166.7249976084846,135.45884100088412,179.28879055429314,11.026889656975465,162.92990493763676,135.3968252600086,178.7097851890543,13.570171399630839,88.59120150585129,1.5635906235877373,0.007030351,0.0063452153,0.02456061495711474,0.22125280944400025,0.5169896243633332,0.22827983
10,human10_normal14/human10_normal14_SkeletonData1.csv,normal,14,162.31636620724723,136.51518553772786,176.5441799532855,11.685922349818592,160.9753732146742,131.8889108028414,178.9998510289922,14.042035701092809,87.17461733311933,2.0225657125263083,-0.010682704,0.007616948,0.031611032738707724,0.24613841499577432,7.081945810593169,0.015095711
10,human10_normal14/human10_normal14_SkeletonData2.csv,normal,14,161.15302608999562,127.151126989159,178.54136854832842,13.682112585449254,161.26979298071427,135.42921914386488,176.1758654221289,10.974534123079078,87.93569759283459,1.9936295418740773,-0.011512778,0.0070150695,0.02468528642608617,0.2181608812727406,10.643595280905402,0.043067932
10,human10_normal14/human10_normal14_SkeletonData3.csv,normal,14,163.32876525678654,131.77919688406547,179.45610379031166,12.186215814711739,162.85029335833994,133.3830946171354,178.82075664304887,11.851201548764806,90.7349573512764,1.4770770010857408,-0.016276471,0.008812697,0.023761916207293843,0.26224405632331194,2.239244880332734,0.7934313
10,human10_normal14/human10_normal14_SkeletonData4.csv,normal,14,163.80977130199406,136.4288850895108,179.46522435207117,13.495143633934754,163.10007884274702,135.94003055244357,178.89046042168752,12.047919619407217,90.4281214652692,1.515197008058929,0.0019530372,0.007880199,0.023629477464735496,0.21113728873403945,0.08590939331642744,0.46820927
10,human10_normal14/human10_normal14_SkeletonData5.csv,normal,14,163.48282625299757,135.56906523351802,177.3983876236669,11.61239987863219,165.0806503848367,141.6287583144,179.73048543758765,11.97214875811727,88.75039211591535,1.249331492270243,-0.011122457,0.0068389294,0.03358718251039537,0.18856745422441007,3.727595266961231,0.057864904
10,human10_normal14/human10_normal14_SkeletonData6.csv,normal,14,159.09649593869682,119.33973575045648,178.11353571866974,15.052241029409215,165.86777072250885,138.512215232301,179.20323648156003,11.349304357372498,89.92551214885965,1.148532430588254,0.002312247,0.005754919,0.022815918465559745,0.18522625287913244,18.08277871895423,0.12410998
10,human10_normal15/human10_normal15_SkeletonData1.csv,normal,15,162.03668605540244,132.7490912649909,175.07930004946544,12.889489165016181,163.23587692982358,139.4950437500511,179.61446188180344,12.476890684529305,87.32993731300326,1.7710103893307576,-0.011449252,0.017767427,0.05150382699111603,0.3226253679742996,2.21079065272221,0.3744731
10,human10_normal15/human10_normal15_SkeletonData2.csv,normal,15,162.91378261251836,136.20797341246907,179.32158043798123,13.387176428045683,164.38848647184457,135.86067049916954,178.46151054540576,11.681628103944721,88.21661512558993,1.40987543098352,0.0019424456,0.007668497,0.029987542504811247,0.24490904193609547,0.5127669792759377,0.43845177
10,human10_normal15/human10_normal15_SkeletonData3.csv,normal,15,161.81967629838752,135.17688709247489,175.39337829923846,11.854435204968267,163.12540875743107,123.60124689375616,179.4598035625708,12.76109190646562,90.12965774376207,1.7432708761386806,-0.017339718,0.012633833,0.022646818951025893,0.2445184068266315,15.642065462051079,0.89220095
10,human10_normal15/human10_normal15_SkeletonData4.csv,normal,15,159.85709068650567,127.59608027386517,179.82318791249642,14.53885187872307,164.70804057133145,133.70446078581088,177.89026094201367,11.954630750976929,90.26885726856497,1.6410418413577332,0.0035203986,0.0060386765,0.025233801714003197,0.2456773308320967,8.041307482428465,0.549129
10,human10_normal15/human10_normal15_SkeletonData5.csv,normal,15,163.68913953182965,136.3959427998288,178.03539487271823,12.307282145933936,161.2864938977625,125.30809580181088,179.15271941332603,14.291411644811765,88.078318177111,1.451634234727297,-0.009631001,0.0074348226,0.030579154416080896,0.20540977118463447,12.205171538625706,0.06153989
10,human10_normal15/human10_normal15_SkeletonData6.csv,normal,15,162.7658636201292,127.57306971492939,178.44201033686946,13.044184112122295,164.1218207335643,139.98091203252247,179.40231091990327,11.536435460740423,89.46246893192396,1.1513487626321885,0.0036325855,0.007679389,0.021429493464931434,0.2108677650656008,11.447541734559266,0.046344995
10,human10_normal19/human10_normal19_SkeletonData1.csv,normal,19,160.85407891338355,134.0267565957705,175.5845985593899,11.952073872070377,162.76623295854284,138.33995703310262,178.74474140133108,12.125479502429389,87.27699870730075,1.6432415544342136,0.0006190979,0.015388184,0.034645320227319976,0.2945974184485551,1.1530575953909192,0.33786607
10,human10_normal19/human10_normal19_SkeletonData2.csv,normal,19,160.17869103544695,122.75428870992951,177.87917023039873,14.716410804032437,163.85855600339957,135.41280849722952,179.68372122313934,11.432444644813467,88.31423193467626,1.1690885620810798,-0.002478665,0.006663244,0.02976667325514572,0.25911636155475987,10.853968794559393,0.16626
10,human10_normal19/human10_normal19_SkeletonData3.csv,normal,19,161.7244406693375,133.07141244932208,178.25709630553715,12.418868189387593,162.74900958713005,136.83084260778173,178.8969056587188,12.928544576710134,89.9300060117975,1.6272004298306206,-0.01719836,0.012493484,0.023484928444115153,0.3382544782729516,3.1196208052780037,0.73493814
10,human10_normal19/human10_normal19_SkeletonData4.csv,normal,19,161.20126056059584,131.65566820426886,179.25512299619504,13.201055222673288,164.7478510350426,135.03628272024352,179.53364401215987,12.214833299335965,90.4449271919783,1.7250442557071821,0.00406139,0.008578572,0.028960783853403966,0.22470101803371795,3.102093500009829,0.058463812
10,human10_normal19/human10_normal19_SkeletonData5.csv,normal,19,162.98779958841752,136.19887476435844,175.7443361644517,11.922655599467392,159.34709891261852,100.20561932917015,178.34690074435582,16.884466335338768,88.0072262074495,1.0664332393970155,-0.008853504,0.007653554,0.05107664710179338,0.21434150386082815,38.5958200150924,0.1606102
10,human10_normal19/human10_normal19_SkeletonData6.csv,normal,19,163.18460722808805,129.07736620074115,176.69983321860596,12.351313149853793,164.24618359839258,137.95121182365253,178.00113853716942,11.423370487460488,89.50986507298695,0.9568318327737881,0.003713639,0.008170516,0.019486204065979788,0.20887794127540504,7.5725403043479105,0.010780096
10,human10_normal2/human10_normal2_SkeletonData1.csv,normal,2,161.8468756731412,134.0515738483014,175.10501589484986,12.07877790004878,162.104252141206,129.7467807023752,177.14485265759942,12.968830421625396,86.41809622084901,2.514624275972529,0.008205182,0.006776093,0.03207668953390758,0.2771560542528151,6.344629908675756,0.4834361
10,human10_normal2/human10_normal2_SkeletonData3.csv,normal,2,164.4752620752028,136.58809747679598,178.14864145286094,12.241712042607213,164.59163433485745,138.08526278288798,179.70914843816183,11.007865947105618,89.25625969352765,1.7115225958200513,-0.015044649,0.012080448,0.028548541246138957,0.21521434671981388,0.06334167920888945,0.35825396
10,human10_normal2/human10_normal2_SkeletonData4.csv,normal,2,163.417103645297,123.0753957911063,179.35741732439453,14.27772631874377,165.1097565281921,139.51836121550642,178.04555795165666,9.984836402929382,88.91131950526365,1.4266497102925886,0.004387388,0.0070593925,0.02631523780796757,0.200919532864615,17.754824797137985,0.50687814
10,human10_normal2/human10_normal2_SkeletonData5.csv,normal,2,164.0142121672345,137.18772185803522,178.5208021894252,11.433923740872112,162.59140437704193,136.37758559649197,179.0245837391681,12.707646192284564,87.5748749567371,1.275713451763261,-0.008250766,0.00812105,0.030329082193677318,0.21500055437939428,1.3139178112861316,0.18411994
10,human10_normal2/human10_normal2_SkeletonData6.csv,normal,2,165.25885981336043,136.11967355416613,179.20170677799948,12.108999496750288,163.26500395704227,135.5281904230067,178.72858693240082,12.998412579214536,88.50700945560173,1.456824015048572,0.004949952,0.005674045,0.037388070502072816,0.1969887905007871,0.11836328556077547,0.24970007
10,human10_normal6/human10_normal6_SkeletonData1.csv,normal,6,161.5203494086846,134.40885178829586,176.80050552211765,12.310219244454512,163.87985192430975,132.0671120585329,179.78287733514813,13.039137698795438,86.87553369450222,1.5471955676506315,-0.008992135,0.008455426,0.029742716419858227,0.29393821576728096,5.324111542793446,0.03821206
10,human10_normal6/human10_normal6_SkeletonData3.csv,normal,6,162.95563281214626,133.15094700172907,177.53492896065887,12.936752819051948,160.72668848917812,132.2641588160553,177.91668241618487,12.921026574052254,89.17324498996284,1.6692887373899234,-0.013270841,0.0077085122,0.028718768554488548,0.27231465269155014,1.2685416411997608,0.13139796
10,human10_normal6/human10_normal6_SkeletonData4.csv,normal,6,162.56006859874805,126.31950164928357,178.84906009345286,14.596476229038796,164.13246440399692,139.36105952259203,178.09500156419415,10.582458952749494,88.97107117128476,1.443669296601955,0.005637189,0.0071147163,0.021943284657381903,0.24241281538282836,13.795616402567177,0.07850218
10,human10_normal6/human10_normal6_SkeletonData5.csv,normal,6,164.06580439318316,135.15141100919843,178.89238461055038,12.330105150796326,156.98788015828794,101.21539809467876,179.2501102912147,19.72114309406684,86.63316826190541,1.557748718679744,-0.0061303177,0.0077077923,0.037456556474756555,0.37020694249064423,34.29373859518398,0.070660114
10,human10_normal6/human10_normal6_SkeletonData6.csv,normal,6,164.00084387913043,135.56960934018804,178.97656789782815,12.515856513393613,163.4498044353092,137.3018510599329,179.50251472513446,13.063404133032549,88.08422415708999,1.5414792917962301,0.0087892655,0.0060490826,0.027515276770654767,0.20248879969675326,1.2062948924385353,0.055870056
10,human10_normal7/human10_normal7_SkeletonData1.csv,normal,7,162.29518868943578,136.4042038837903,176.3484065682128,12.797143703926212,163.59229945389853,133.4951545880298,179.2818071494052,13.847971024834372,87.28599212116764,2.1047680541913967,-0.0065942407,0.0072080093,0.028083649750700473,0.2799909183816389,5.842449876952912,0.18744397
10,human10_normal7/human10_normal7_SkeletonData2.csv,normal,7,161.35146449884587,133.97566542363006,179.10056506716217,13.321805628374012,161.58275816396394,138.2993319753257,174.50757326101308,12.03357611166106,87.63697296039302,2.199907622920112,-0.0062455153,0.0062808855,0.032719574429434274,0.249314154271667,8.916658357844739,0.22324777
10,human10_normal7/human10_normal7_SkeletonData3.csv,normal,7,163.63811126380747,133.3662842054774,175.99162379422165,12.613912978329864,162.19928106322104,138.01002244829814,179.77849863149834,11.96431751074284,89.7270630468426,1.604378284821899,-0.01410992,0.0124884285,0.026261448793929294,0.26092437357727516,0.8568634055440612,0.27147293
10,human10_normal7/human10_normal7_SkeletonData4.csv,normal,7,162.84026849610794,124.98956677800136,179.25446516486744,14.374808808255022,163.8998617814554,136.64580627933307,177.82023863388048,10.950189729927015,89.53764918747426,1.346052289164001,0.0074901064,0.007774331,0.020707788168147417,0.2763145985240721,13.090466032318673,0.2455101
10,human10_normal7/human10_normal7_SkeletonData5.csv,normal,7,164.93312334193533,139.19907304179276,178.2804687428949,11.266074362823836,163.80611419535217,137.39175178967548,179.35125472036512,13.588059764988254,88.7588378128008,1.6570999284832582,-0.0091559775,0.008119317,0.040901602603257585,0.2160194760249685,2.878107229587499,0.08152008
10,human10_normal7/human10_normal7_SkeletonData6.csv,normal,7,163.60472561997952,132.39802830139186,179.56615157280717,13.149440128189399,163.9277543471653,137.01938379462814,178.63965672685353,13.484162702753157,89.91276888934733,1.4689982987399448,0.0060056206,0.00591129,0.018739130817485485,0.23088990771038354,5.547850339189921,0.22654986
10,human10_normal9/human10_normal9_SkeletonData1.csv,normal,9,163.91310873220618,136.38069045842803,174.8487875949441,10.19542425153155,163.84264199858055,137.77804441422813,178.9071197489836,12.597461937561379,87.73554717992029,2.178297967336013,-0.0085963365,0.010245015,0.03197826961795687,0.2726301062436061,2.6609781982394054,0.6123791
10,human10_normal9/human10_normal9_SkeletonData3.csv,normal,9,163.25611730748062,136.50835794600715,179.51212854463964,11.683799386242407,161.119066484243,120.78686808606166,178.25560138526026,13.927377444359964,89.78427823610923,1.564888013005742,-0.014502077,0.0062368517,0.02776044808076999,0.24822018042459912,14.464962700566119,0.8895941
10,human10_normal9/human10_normal9_SkeletonData4.csv,normal,9,163.8521092205165,132.11038512475722,178.70235940599053,12.367193940011987,161.36420302269133,135.6495559119537,178.1825498705853,13.547168326042922,89.43308520929398,1.594476622946021,0.006083237,0.0068848203,0.027314224641197607,0.23278473746273423,4.058980322601741,0.69889283
10,human10_normal9/human10_normal9_SkeletonData5.csv,normal,9,162.36839497606792,123.5682447714602,177.8754341461656,13.573862811919014,164.0936555196672,140.22478560223016,179.59033929361507,12.278967637426655,87.66969563767722,1.4116422237133204,-0.00859656,0.0062838686,0.030376551629340446,0.23345718222546966,14.94163568332047,0.03576994
10,human10_normal9/human10_normal9_SkeletonData6.csv,normal,9,160.8817747049934,130.33816336438804,177.92299785002712,13.590726629508163,164.90705798248,136.90959747779652,178.390652175261,11.680268342206364,88.94623157332809,1.3480428140358434,0.0049851625,0.0070096366,0.023889478418648115,0.21316615368194541,6.103779788174592,0.2228198
10,human10_steppage11/human10_steppage11_SkeletonData1.csv,steppage,11,164.77989287287423,134.67173494540887,175.1397247409354,11.117579916945916,150.76987481735313,81.53437621150495,178.1327522182965,26.07467004137705,87.597761335759,1.3617381656168617,0.010899836,0.015941821,0.03223105539831362,0.23763259361757902,56.13038621126502,0.27638412
10,human10_steppage11/human10_steppage11_SkeletonData2.csv,steppage,11,167.2421038790792,130.92783525975236,179.2996895251379,11.799471097992205,142.5886824905272,73.27121613396153,173.42723098936918,30.531745874284056,87.27327413627967,2.035855408807719,0.0044379095,0.012067363,0.02697214077686702,0.21902296673368576,51.78416059002211,0.16268682
10,human10_steppage11/human10_steppage11_SkeletonData3.csv,steppage,11,166.41489520366576,130.87664094498476,178.97579312716863,11.569181696443053,153.76101694849459,76.19494726358893,178.5974030522001,28.737934670726723,89.64293704367955,1.6871571866385786,-0.0041274903,0.015056889,0.031993927780376644,0.23234327420895085,54.30330360642729,0.50972295
10,human10_steppage11/human10_steppage11_SkeletonData4.csv,steppage,11,167.22431405792096,137.94872238049163,179.8188300908001,10.276619016844244,150.88543007455647,83.12325779812497,178.52105764245317,29.793751407955824,89.56748328616102,1.6184484327490885,0.013368902,0.01030893,0.03131994802534728,0.23689920186127406,53.52769213401973,0.39262772
10,human10_steppage11/human10_steppage11_SkeletonData5.csv,steppage,11,166.8094297340458,131.45123160155316,178.32005879187287,12.40214206503227,148.55971610696014,87.27123002982135,178.90269014476047,29.862429966432835,87.86597676090848,1.5085365700872675,0.0017255902,0.008482371,0.0347136881799573,0.21347293747076387,44.76263292461941,0.16064978
10,human10_steppage11/human10_steppage11_SkeletonData6.csv,steppage,11,165.49649039011425,113.15261859400452,179.88862339870545,12.855167173435882,146.90548793507338,75.85768527477502,179.62865505494665,32.3001963803865,88.2351358035485,1.2050774499524168,0.017444192,0.010840318,0.03466089761506747,0.2079351131965331,37.0349649754707,0.26812983
10,human10_steppage13/human10_steppage13_SkeletonData1.csv,steppage,13,166.66802505093557,138.524650943695,177.2101721458663,10.593913700234793,147.35860414546957,71.85453377369726,178.49253729549284,32.96064652207085,86.30692925365884,2.3962390123184716,0.0070271622,0.014862221,0.036877840131582205,0.26947247496940835,67.9524823196243,0.092865944
10,human10_steppage13/human10_steppage13_SkeletonData2.csv,steppage,13,167.19395039850806,131.36078944574174,179.1658209450652,11.739878586461572,142.9431777295297,79.54598899102075,177.2034582440435,33.62203641026877,87.60726465615981,1.911974414393458,0.020991415,0.013710369,0.03436460442713591,0.20981350626719555,49.85243775369929,0.2708192
10,human10_steppage13/human10_steppage13_SkeletonData3.csv,steppage,13,166.09980006989113,134.59950182113488,176.66844775967797,11.488495946121787,148.40750524175576,68.09604265538505,179.0933619483121,30.591542785106004,90.56811797482025,1.843595269960211,-0.0007751384,0.014923108,0.038069008322904066,0.2427535997549361,68.92837335438395,0.49568105
10,human10_steppage13/human10_steppage13_SkeletonData4.csv,steppage,13,166.0023007712194,136.48854199093688,179.0608331868871,11.508679083949797,151.76844035476634,77.31299441982704,177.28278978158235,29.329474392809608,90.17619827234647,1.699045613787318,0.018763656,0.011959656,0.031520804262108834,0.2085301471774156,57.3975041658051,0.49160695
10,human10_steppage13/human10_steppage13_SkeletonData5.csv,steppage,13,165.6369325285445,126.37804433079602,179.67355876806693,14.077827979987154,147.81649253592633,76.60933466286893,178.74501308646762,30.60161116497223,89.11889793705244,1.2455356202642889,0.004148024,0.011428066,0.034596996942065625,0.21759123025922228,48.84016398632778,0.37163997
10,human10_steppage13/human10_steppage13_SkeletonData6.csv,steppage,13,164.6626911477834,132.69628737745543,178.9004716601222,12.067800290389387,148.21950020880482,69.49535826747461,176.3994133944302,32.55863619074003,89.56704380134495,1.149134477311424,0.017617619,0.012742569,0.04215680455695332,0.20964702780254404,60.699870844288824,0.27846003
10,human10_steppage14/human10_steppage14_SkeletonData1.csv,steppage,14,168.0692500300151,138.87304009069484,176.3860595521384,10.002454910202667,142.1249068711037,71.5924299258174,178.24337398068818,34.429963638384976,87.90016160136626,2.5078414746219018,0.0015362853,0.018733218,0.04630397723204898,0.24610982762345854,69.13792459342723,0.2615657
10,human10_steppage14/human10_steppage14_SkeletonData2.csv,steppage,14,167.85508705054957,126.72889803417068,177.19983311725989,8.994978296992434,142.07690324701326,69.24993556011984,178.69823551301278,33.62849625728976,89.38680037704769,2.284058839786116,0.007880215,0.01595849,0.045663118385804266,0.22252644993311807,58.977364869803736,0.8770255
10,human10_steppage14/human10_steppage14_SkeletonData3.csv,steppage,14,166.05013952370015,134.93741791266947,178.1318976151422,12.560829084320718,147.51323543147967,75.01059246665565,177.05958212783418,30.48364213567421,90.24471587892153,1.382840433568975,-0.002948354,0.01602978,0.03660120544820498,0.2501895216265077,58.85450995870579,0.24289608
10,human10_steppage14/human10_steppage14_SkeletonData4.csv,steppage,14,164.72718190696256,135.095508316836,178.17684761578082,11.719461194395064,151.48022090135095,76.24120336503482,178.48715116503024,29.689884362925447,90.38618549289528,1.2681265246973779,0.017187832,0.016198091,0.03426617070940744,0.21607505059850154,59.16460850105061,0.3769598
10,human10_steppage14/human10_steppage14_SkeletonData5.csv,steppage,14,163.59858100026725,125.4700750527124,177.78344086971245,13.422640927022139,151.7646756920922,82.00983790892779,179.0189918549875,27.844064648501337,87.08770833887414,1.5213712801711368,0.009148858,0.0120017445,0.03637377220387524,0.2635631785898772,44.69578812905965,0.30782986
10,human10_steppage14/human10_steppage14_SkeletonData6.csv,steppage,14,161.66799192266225,120.63949118359042,179.52032258314492,15.334042459364293,150.15199227848876,70.13702579613033,179.55240035151553,32.565167614198025,88.02003404738488,1.2876759215479774,0.023445977,0.013507986,0.0401976678483759,0.21469154876646582,50.534543155830704,0.13863015
10,human10_steppage15/human10_steppage15_SkeletonData1.csv,steppage,15,166.52446802528692,136.1888164507092,178.32968829900227,11.556800028147705,147.9344172769961,72.21005996062553,179.75933700995873,31.3795692002468,87.63373276932587,2.5080897388858516,0.0048653847,0.016836526,0.049817688084669784,0.29169478419178624,65.40840520104013,0.12217212
10,human10_steppage15/human10_steppage15_SkeletonData2.csv,steppage,15,165.83013000704983,135.85766674597673,179.7975650420007,11.751552526395956,141.576504461072,70.82471022044601,176.0054257968686,34.50764804188564,89.13434548593449,1.7242129396621564,0.017804058,0.010629695,0.03798488550099191,0.21087424265565397,61.2408172803986,0.03515196
10,human10_steppage15/human10_steppage15_SkeletonData3.csv,steppage,15,165.56100969751813,134.38964246230603,177.57740758414613,10.747679301289235,155.79779939506489,83.72533700194346,177.99615984067654,24.12942853115048,89.14585140868185,1.4961540727205127,0.006865984,0.012385894,0.036663673320177025,0.3022590632392437,51.08305771689298,0.54698706
10,human10_steppage15/human10_steppage15_SkeletonData4.csv,steppage,15,166.9807868066953,135.552257690508,179.23630483298302,10.808116631644582,151.76222032087773,82.65229559884664,176.88431528724135,29.406340382110816,89.40701929820241,0.8778314740622176,0.02691338,0.01336204,0.029691097012138627,0.1801769085867101,50.54797254591968,0.6238589
10,human10_steppage15/human10_steppage15_SkeletonData5.csv,steppage,15,165.85339900907195,134.5123625468727,179.47501429234262,11.836370278408294,151.7139617046889,86.18023273153713,178.6073609324077,27.146978341930584,86.75385999082857,1.4261638077335947,0.00815205,0.010079392,0.02767434507728539,0.24656814719520506,47.46447645540064,0.1075902
10,human10_steppage15/human10_steppage15_SkeletonData6.csv,steppage,15,163.89843646630536,105.99328729658554,177.97705352245353,13.787735597499761,147.6704797163507,81.00471309053665,176.6875389620535,31.861950208373695,87.8493553178262,1.3347628065845176,0.024852647,0.013241326,0.03370011741713071,0.22035223389893166,23.69905964564886,0.13935995
10,human10_steppage16/human10_steppage16_SkeletonData1.csv,steppage,16,164.99657840353862,130.2274089568205,175.87865887496525,12.056933000435857,153.82221323122747,75.30106007904669,179.91111676774145,26.666241296488955,87.8064094820369,2.087013221776916,0.01252163,0.015763463,0.044458926493958766,0.2571807143379782,58.95880677055001,0.120967865
10,human10_steppage16/human10_steppage16_SkeletonData2.csv,steppage,16,165.57273356404534,137.66982606626482,177.67560297343886,10.385048955855984,144.8772981126513,68.48101342529287,178.41558756714653,35.567146270054,89.57341757376632,1.4158419756340688,0.024593193,0.012765922,0.04340768532164364,0.20464464217935455,69.92879723467962,0.1564517
10,human10_steppage16/human10_steppage16_SkeletonData3.csv,steppage,16,166.57143617400723,137.11693253450318,178.0325133664546,10.813444876604784,155.40299655567972,74.15989238523754,178.7612521381736,26.744366140249788,89.33643373086507,1.0939436466623258,0.003070712,0.01673693,0.03693092585260359,0.24137597327963323,63.685778920984646,0.48915792
10,human10_steppage16/human10_steppage16_SkeletonData4.csv,steppage,16,165.5774726947731,139.33772962972876,178.8256502508272,10.183813898671598,151.55279207780953,80.60719576470905,177.26504383379847,31.18827465032636,90.11165254794578,0.9722374500244155,0.020552035,0.010270797,0.04068789049928711,0.2271092149548161,57.16992744799097,0.4082811
10,human10_steppage16/human10_steppage16_SkeletonData5.csv,steppage,16,166.4819178477543,134.41228037740433,177.56280096799134,11.672647136753039,150.98695159526815,75.16489622487161,178.7712472061284,31.087584991974186,87.409839691607,1.4069292627230487,0.0077545494,0.010116407,0.03525207615121743,0.21466408687260785,60.45583039066979,0.23022008
10,human10_steppage16/human10_steppage16_SkeletonData6.csv,steppage,16,166.2073294381319,135.13266007719992,178.26439951100744,9.752759297986056,149.32907279514444,71.67940273804233,179.6339489106988,33.713564851808016,88.34329334563003,1.1503924852127674,0.023914386,0.011452084,0.043442499187994504,0.218886112901603,64.82280673884894,0.17813015
10,human10_steppage6/human10_steppage6_SkeletonData1.csv,steppage,6,165.13920077979537,132.68407721229815,178.90081989080875,12.967312078582937,148.24304925381588,87.63275296737999,178.56152333621526,27.58920751381037,88.71176951252741,1.1797241148966988,0.00244189,0.016900498,0.035468793789057915,0.252048688474063,44.712027690324675,0.024409533
10,human10_steppage6/human10_steppage6_SkeletonData2.csv,steppage,6,167.21946632475996,126.19272600797416,178.98420719953904,12.395410047921446,147.57483410338844,87.43886377973878,177.10730072593168,29.834489630485212,88.35471198615046,1.7612802792023845,0.012566474,0.011545084,0.038103870186300855,0.20654346318744232,36.876955754628014,0.02537489
10,human10_steppage6/human10_steppage6_SkeletonData3.csv,steppage,6,165.26481002913312,129.10112786233668,177.57937446347896,12.444150915093882,154.53924851022197,83.51958159670217,179.47532603061143,28.673227897048804,89.29363092315909,1.489049983950486,-0.006926495,0.015855733,0.04077320846911828,0.2570047105810236,47.477497832766986,0.21266913
10,human10_steppage6/human10_steppage6_SkeletonData4.csv,steppage,6,164.8638041734396,130.59479150697402,179.43129150715455,13.361471277755088,150.25810393134083,82.4298181212948,177.3989786711599,28.819678210538363,89.40262304118299,1.4713940372827685,0.010432682,0.010414301,0.032328458831890707,0.2428198572597602,46.13266054968457,0.14986491
10,human10_steppage6/human10_steppage6_SkeletonData5.csv,steppage,6,164.20770588545196,124.55487799977303,178.71071946989508,14.848063122632595,143.57307178397508,81.1156645120196,179.0899669948045,30.006715073373186,88.14955368032155,1.370947881554896,-0.0020047917,0.009441459,0.03576591067848443,0.20417744982539185,43.81846101266285,0.38613296
10,human10_steppage6/human10_steppage6_SkeletonData6.csv,steppage,6,160.17986164480212,105.70853361114862,177.5772553267365,18.93832286813107,148.57194960756286,73.24816719216062,179.06905009231303,32.263368594072546,89.03956782852123,1.4786610398280116,0.012551925,0.011601061,0.035740136708601614,0.2244653026028843,33.952161184564545,0.35380006
10,human10_steppage7/human10_steppage7_SkeletonData1.csv,steppage,7,165.73623200756435,134.99516795661324,175.49461012735034,12.052214159136245,145.72103090466544,83.66805641534876,177.87525079291768,30.79568138167901,87.60458693256247,1.1231887896689623,0.0030958792,0.014451651,0.03615393074472162,0.26357229020783063,53.70775220683183,0.4627893
10,human10_steppage7/human10_steppage7_SkeletonData2.csv,steppage,7,167.52134976491118,130.66654942835908,178.84596702290253,11.714268818482335,144.20369230792275,81.07577079893376,176.1699373056211,31.705310703756485,88.0363421687224,1.668344656350688,0.016043302,0.013059058,0.048153733310033156,0.24011656119516728,46.91474891214388,0.35028195
10,human10_steppage7/human10_steppage7_SkeletonData3.csv,steppage,7,166.1779614013636,133.29562193236407,177.53457236578782,12.21273238752463,151.9367295439509,81.70229005884772,179.4702353424268,28.405280930897927,89.69811728526594,1.427147574736399,-0.0067042815,0.012390479,0.032885342290568616,0.2677666833538095,53.52899485015533,0.7905891
10,human10_steppage7/human10_steppage7_SkeletonData4.csv,steppage,7,164.4349812871316,138.3888216953896,179.75163465296177,11.905993873186556,153.29930040620076,77.93704506024994,177.9595728993077,27.43761634132279,89.49957169996135,1.5766169164191233,0.014327475,0.010533684,0.025198146755076336,0.20880540551533527,58.65971488148557,0.5829768
10,human10_steppage7/human10_steppage7_SkeletonData5.csv,steppage,7,161.83409186041655,35.94006616927991,178.0651230840947,25.221734070907058,147.35941673458106,74.69836172564418,179.3200758998874,33.47785772057474,86.87971239382443,1.3863819554139472,0.0030047183,0.009707301,0.03161287572234735,0.1938335836588681,37.50334274057157,0.0010099411
10,human10_steppage7/human10_steppage7_SkeletonData6.csv,steppage,7,164.3262471332818,137.32690774949447,178.8053950738006,13.000734721319326,145.4132865748254,78.74243209311356,176.5885456474415,34.40961349818154,88.00382404054328,1.0870176208914633,0.017077949,0.012756306,0.03160886417761496,0.21503335786322433,56.367626230021784,0.20419979
10,human10_steppage8/human10_steppage8_SkeletonData1.csv,steppage,8,164.31348852588548,134.3416134790943,176.10039877586613,11.10104778887908,144.99105826238576,69.28572313026531,179.60233543247867,34.866837112834304,88.12240715402044,1.904256960558829,0.016606629,0.01587156,0.040856111196535344,0.2753422215727335,68.55782700544152,0.02129817
10,human10_steppage8/human10_steppage8_SkeletonData2.csv,steppage,8,163.8438804015729,123.57511985276962,179.85634094158843,14.179379859171643,142.74670926636153,72.53937628936015,176.75522406299015,34.41707049668053,88.79259640091061,1.8214562522983524,0.008662091,0.012855121,0.030649707955408077,0.2135764168447979,47.93462668481119,0.036104918
10,human10_steppage8/human10_steppage8_SkeletonData3.csv,steppage,8,166.04390170504874,133.10550894195867,177.8421128375945,12.597476981811983,152.68989638316265,78.79221129572062,178.11890006283627,28.102036468161764,89.11008500430958,1.1234359239882903,-0.0049013235,0.01369759,0.03452803693634894,0.24772456504805812,54.59008487147983,0.6258981
10,human10_steppage8/human10_steppage8_SkeletonData4.csv,steppage,8,163.26090434198167,135.45142892903976,179.08185271558295,12.31790935612941,151.7734568142713,81.07961475027417,178.33542793865135,28.25651803844792,89.56455238660084,1.17966811829941,0.014117794,0.0110167675,0.02919866589315453,0.20177744834035877,53.625389401833985,0.59852505
10,human10_steppage8/human10_steppage8_SkeletonData5.csv,steppage,8,164.64582843145925,131.90391775237742,178.02017301268089,13.541061683534148,146.75473436537246,83.0498302972536,178.99928119350656,30.612129069346143,87.55865410830786,1.1905144239792151,0.0018157793,0.009720807,0.024229453221457312,0.23431689901805403,49.833195635949494,0.31344008
10,human10_steppage8/human10_steppage8_SkeletonData6.csv,steppage,8,163.27476753273012,130.64614855282878,178.68724863014833,13.396893993269309,146.52698126258434,81.39511644828471,178.34588894717174,31.68721032828794,88.6188783760947,1.2760337460591882,0.016822122,0.0105641745,0.03660208755099945,0.2256881348405075,48.90967242156748,0.36721992
10,human10_stiff_legged1/human10_stiff_legged1_SkeletonData1.csv,stiff_legged,1,167.66179411991376,150.62966799210338,179.2810062538974,7.082357263601587,166.18419950413852,120.35808293295896,179.34270295009458,13.919913100819803,88.22633997467743,1.6732250704208347,0.011773722,0.014205624,0.03923356965505601,0.2460663172375449,30.333281755341588,0.15368724
10,human10_stiff_legged1/human10_stiff_legged1_SkeletonData2.csv,stiff_legged,1,168.8387872885552,147.5850092224254,178.6100515996812,8.136608439677792,170.1823809378164,151.42902878597675,177.75158788492183,4.9163827996454765,87.71060204270584,2.817825376642753,0.027690774,0.017107544,0.04114642665004854,0.19699355333527557,4.702483278310723,0.026322126
10,human10_stiff_legged1/human10_stiff_legged1_SkeletonData3.csv,stiff_legged,1,166.8508869195619,147.32453600305138,178.48518025971944,8.061395623289238,166.8854261460666,130.25158457892266,179.57556779843586,9.78152827716283,88.81743042084472,1.9874897899981427,0.008863747,0.019486353,0.03715629125214002,0.25626864126714083,18.16333896284513,0.816561
10,human10_stiff_legged1/human10_stiff_legged1_SkeletonData4.csv,stiff_legged,1,168.98876486857296,136.92564131737063,179.58901236467665,9.003634377135205,171.71066523820681,166.33843271152634,178.44945793987506,2.4357446596870425,87.71990242320344,2.3897447133239536,0.02772843,0.01722719,0.02046349424023368,0.17718805579871236,30.552345818957292,0.6777768
10,human10_stiff_legged1/human10_stiff_legged1_SkeletonData5.csv,stiff_legged,1,169.68728191531045,147.22090674360837,178.983682611815,7.0903586720706775,165.66519875886706,132.03050897066186,178.5881690236421,9.954402619060794,85.40185576777557,1.5323003238530981,0.015486241,0.017313734,0.03855371631786739,0.2170166535391697,14.794884184773622,0.5684302
10,human10_stiff_legged1/human10_stiff_legged1_SkeletonData6.csv,stiff_legged,1,169.97491128358445,144.43643849069483,179.71199306780102,8.950832288903928,172.7864630895554,142.58412840348902,178.2263935908938,4.265420497597635,85.66744242204024,2.7113164798520373,0.028147684,0.016048973,0.02631540461164793,0.18577731617758775,0.36671061029858265,0.5833101
10,human10_stiff_legged10/human10_stiff_legged10_SkeletonData1.csv,stiff_legged,10,167.0384241202021,138.82711382805243,179.2702309794899,11.201904367363703,168.2567654759014,152.51878119457655,179.52789985801468,7.220162288660681,85.03872395801675,2.5882990940508166,0.013210151,0.02030906,0.038863817348729485,0.27224270522686433,13.433998487999332,0.012364864
10,human10_stiff_legged10/human10_stiff_legged10_SkeletonData2.csv,stiff_legged,10,167.82590381089804,131.57717065047112,179.15487055910967,11.45188414472611,170.87788461027515,158.9157696390056,177.5064570015823,3.6260633857953017,84.53534375476174,3.005962160865235,0.025270998,0.020941928,0.025898998980748968,0.1952912061333097,28.987012546061834,0.11818099
10,human10_stiff_legged10/human10_stiff_legged10_SkeletonData3.csv,stiff_legged,10,165.57276754085171,140.9778390858097,177.0443294423853,10.721090265357537,159.29554756656407,99.12210601201396,177.91889718108663,22.22741050765275,85.43102874171964,1.7640791094467876,0.007163309,0.025713796,0.030298610381326547,0.2760735202696267,42.73030081249708,0.25703192
10,human10_stiff_legged10/human10_stiff_legged10_SkeletonData4.csv,stiff_legged,10,168.6887301524097,139.66323265639315,179.66530635046269,10.319395372761312,172.2530965014391,162.23490001770844,179.0124201381536,3.7061218207543964,84.81476594103957,2.799377166419253,0.025009712,0.022615153,0.029918239356089556,0.2240054987498764,23.224553573624377,0.07476592
10,human10_stiff_legged10/human10_stiff_legged10_SkeletonData5.csv,stiff_legged,10,167.99064204221438,140.34258918911144,179.32290705112516,10.601893839048477,163.25849580158444,114.85857276237996,178.511835527077,18.58110218892314,83.1490605061557,1.9921447715313831,0.005643734,0.018493313,0.03271154222777368,0.22148806834280224,24.672944902683327,0.058179855
10,human10_stiff_legged10/human10_stiff_legged10_SkeletonData6.csv,stiff_legged,10,166.9274174381068,129.98855956692077,179.6479288779706,11.856761509776469,171.28276967096352,158.37424324312997,178.6659432215857,4.587951501002318,83.43059945332138,2.639077730892511,0.019278316,0.022760706,0.031835591327249,0.19614823091276568,29.36766933259409,0.14316988
10,human10_stiff_legged16/human10_stiff_legged16_SkeletonData1.csv,stiff_legged,16,166.21579782725337,134.44174181410258,179.3307533432077,11.77834260714114,168.18867451652926,125.97591709213368,178.28737639653104,8.76666600244571,84.7430201322164,2.6943237375181934,0.010759714,0.033430718,0.03548406474490449,0.33016077053247683,7.422447775292241,0.24164486
10,human10_stiff_legged16/human10_stiff_legged16_SkeletonData2.csv,stiff_legged,16,166.8838371192564,130.19220905890478,178.8256354581922,12.870276144240226,170.88372515525936,159.25342136210716,178.0212930056376,3.915251535910024,83.39838925263265,4.166490443408563,0.028034192,0.027066138,0.03861020046363088,0.2677648234154735,29.86555475575699,0.36695504
10,human10_stiff_legged16/human10_stiff_legged16_SkeletonData3.csv,stiff_legged,16,166.78691262787487,139.76696707245299,179.58876424805274,11.411473192960921,162.2200895545823,81.45300389886094,177.61012228451239,17.551466641597813,86.45933402495007,1.9141815745776272,0.005038896,0.025765846,0.049143539272746964,0.28717515460745174,56.33532121005169,0.509439
10,human10_stiff_legged16/human10_stiff_legged16_SkeletonData4.csv,stiff_legged,16,167.3551185872435,136.35850298212813,179.61962424363534,12.526166203251517,171.58754643310255,159.61425386897042,177.76043371762614,3.1410008912125886,86.0647652528064,3.0078297260009195,0.03466123,0.026070528,0.028296987473181445,0.18852440975868928,25.114941412851493,0.013583899
10,human10_stiff_legged16/human10_stiff_legged16_SkeletonData5.csv,stiff_legged,16,166.42593201477442,135.11501797982612,177.61140509104712,11.506130403819895,167.2210890929183,149.99746432495502,179.45429804651195,8.147073733250787,83.40866732629861,2.0830808461014443,0.025070868,0.027062576,0.028111471036366437,0.34809431565010795,13.039553389664064,0.416898
10,human10_stiff_legged16/human10_stiff_legged16_SkeletonData6.csv,stiff_legged,16,167.55911633517817,139.82319075550762,179.6694055371405,11.331084364046463,172.90853944649214,162.0906387613539,179.46279167499614,2.976077009914153,84.62213295593405,2.747312274223465,0.03693498,0.026177026,0.02795427305875381,0.18470968024766526,22.474061867990628,0.45148802
10,human10_stiff_legged19/human10_stiff_legged19_SkeletonData1.csv,stiff_legged,19,167.28101207820458,136.29187971537348,179.2977138572722,12.56099235915481,167.2493518431586,129.9824176408635,178.52759266160092,8.772707109957755,84.52982376905342,2.0963767447303696,0.0025073104,0.031674225,0.0340098968368836,0.30016394534136553,5.539340878838686,0.116955996
10,human10_stiff_legged19/human10_stiff_legged19_SkeletonData2.csv,stiff_legged,19,163.78599414098755,131.88341244898265,179.51681491522348,13.089684602917846,171.55154801436043,165.16524036045172,178.92503316198764,3.247792642187743,84.16792347938326,3.418454919083826,0.014038316,0.023219675,0.021408695303357574,0.2816152694903994,33.8736096647049,0.11580992
10,human10_stiff_legged19/human10_stiff_legged19_SkeletonData3.csv,stiff_legged,19,166.70669238768016,136.0508764082623,177.64815561786656,11.700297768458775,160.08992025509284,92.05320635425642,178.2292721917636,21.44425540913991,84.86790756095702,1.9616884626450544,0.0054863123,0.022763833,0.028495503008191876,0.24734083756021757,44.57878662790293,0.0707469
10,human10_stiff_legged19/human10_stiff_legged19_SkeletonData4.csv,stiff_legged,19,167.08179943018388,135.87501928248307,179.634506699413,12.285265118476008,172.43154092202627,162.9795170205892,179.23649249384664,3.28182633779675,84.2520896893187,2.8774551516500884,0.025262415,0.028627997,0.02109813961400239,0.20414514485810836,27.502511943672516,0.008602858
10,human10_stiff_legged19/human10_stiff_legged19_SkeletonData5.csv,stiff_legged,19,168.40121568823287,136.5496554979462,179.4610235868998,10.810769500907899,161.5207510516724,109.7689608758695,178.72731190826178,19.596745554960965,83.51492929557601,2.5410176153784207,0.016214147,0.018695733,0.02308624518947408,0.2307310967907648,26.046982943438664,0.4841869
10,human10_stiff_legged19/human10_stiff_legged19_SkeletonData6.csv,stiff_legged,19,167.45954747810322,138.51125421016064,179.9258483043311,12.379316287362524,172.45157100835743,165.19968349484313,178.84480137868982,2.954958411408755,83.74741657575069,3.0265666137108647,0.030232856,0.021659711,0.03035587308871419,0.25244805256171293,27.769476210323774,0.24681306
10,human10_stiff_legged20/human10_stiff_legged20_SkeletonData1.csv,stiff_legged,20,166.56162291523074,135.61708705632637,179.15702487463955,11.898168214052696,170.37428945018402,150.78382556464268,178.37639296803144,6.160631232378456,84.26178746592242,2.5176610334812857,0.004922721,0.027949661,0.03647425771578992,0.3068071462350597,15.947370414924421,0.036539078
10,human10_stiff_legged20/human10_stiff_legged20_SkeletonData2.csv,stiff_legged,20,163.55419067988325,130.60550616917214,179.20215537690407,15.215688061865135,170.88049095655498,160.77295933825548,177.33195386852387,4.001787024065772,83.99734738521667,2.496517773025733,0.02009586,0.025884558,0.032343399270278954,0.303432679344764,32.037654677463536,0.16647005
10,human10_stiff_legged20/human10_stiff_legged20_SkeletonData3.csv,stiff_legged,20,166.84100199958283,140.59195855716234,179.06657367907704,11.260405724142872,166.300088443361,145.0268609650996,178.6521786234502,9.204022118029048,86.63633743424754,1.4294951381996797,0.009073311,0.016864099,0.04984903181096365,0.2902404260436583,4.849297463564085,0.38281322
10,human10_stiff_legged20/human10_stiff_legged20_SkeletonData4.csv,stiff_legged,20,167.3057833919029,137.09978502646243,178.98962981150336,11.716224984129912,171.19508566584082,153.6098209042318,179.2736040471426,4.148998490224778,85.91486500195792,1.7125969476554455,0.033174455,0.0238939,0.02582143266508189,0.20210492428507262,16.226061642130134,0.05978012
10,human10_stiff_legged20/human10_stiff_legged20_SkeletonData5.csv,stiff_legged,20,167.53800796113188,138.50343394689736,179.2949163021069,10.746222671184718,166.95817222147605,146.52463840476972,178.62130724502174,8.21061456588419,84.35476292925277,1.449999453354573,0.013069522,0.021457326,0.0413529710694951,0.23841304796449883,8.69481351495753,0.066379786
10,human10_stiff_legged20/human10_stiff_legged20_SkeletonData6.csv,stiff_legged,20,165.28651054535754,23.547928896452508,179.35072462804754,20.512029482123996,171.16731565581009,161.71132156964265,177.81127761731085,3.0265096438962105,84.2205912435572,2.16186201437512,0.031657346,0.023659982,0.02012418146352652,0.18697359072430472,139.70283968392684,0.21412039
10,human10_stiff_legged3/human10_stiff_legged3_SkeletonData1.csv,stiff_legged,3,167.48308042080163,141.8199699700124,176.79888220580224,9.795222930337744,169.2805737329712,147.15103231665822,179.79889450681557,6.934465511493584,86.0078896376164,3.1188521865546375,0.01405705,0.019285668,0.0353777349658141,0.22524879534431094,2.3310500456324803,0.045298338
10,human10_stiff_legged3/human10_stiff_legged3_SkeletonData2.csv,stiff_legged,3,167.37389844035695,131.88449009786422,179.49475134977038,10.977139132894198,170.31608777146042,157.32668795658049,178.49557088727784,4.734470776639038,85.87036068446506,3.2930094218729784,0.029509308,0.018491622,0.028142165926677294,0.20055732928392028,26.441378321208816,0.04520893
10,human10_stiff_legged3/human10_stiff_legged3_SkeletonData3.csv,stiff_legged,3,165.9149970838733,138.29265293912582,178.76700990993788,10.547148335626902,166.23379738939238,134.31929888522623,177.92547250651333,8.681141687924658,87.83429565793067,2.429574265088904,0.012295692,0.020444298,0.043633310307735644,0.2830458887613805,3.131816650475031,0.9133773
10,human10_stiff_legged3/human10_stiff_legged3_SkeletonData4.csv,stiff_legged,3,166.08505948423038,135.95302284737852,178.94135906777993,11.923900519403963,172.56184372115123,164.40975302953652,177.63446709696439,3.0546621927876774,86.1862229421359,3.9016388627561005,0.027361136,0.019203043,0.03024312481196382,0.1852411311417761,29.76362215297354,0.81365824
10,human10_stiff_legged3/human10_stiff_legged3_SkeletonData5.csv,stiff_legged,3,168.58463067389417,141.3459051200303,179.63238165274137,9.607057849806198,162.18007608113905,115.39870665069978,177.09939962458162,15.634263415710516,84.76265021641642,2.477679805685222,0.01541641,0.020629091,0.04343806818192849,0.23413036023759953,23.414216441170765,0.49570107
10,human10_stiff_legged3/human10_stiff_legged3_SkeletonData6.csv,stiff_legged,3,168.6417867624263,142.20239978306543,179.2704927243686,9.793937062530146,171.36517226403043,120.10876227949878,179.0713636847406,8.356697416879728,84.72936748279605,3.6005454930804532,0.03121422,0.020644957,0.01587342676384385,0.17017770201127427,21.894508463938635,0.102666855
10,human10_stiff_legged7/human10_stiff_legged7_SkeletonData1.csv,stiff_legged,7,166.49504075065764,137.87202553485378,178.95962709597953,9.925589469597313,169.36587868953862,152.35443510623406,179.14769435176515,6.867054965963076,84.9415000873178,3.2597056804931226,0.021816218,0.021472177,0.03693919169728021,0.2820789214592593,14.294342315594662,0.016512394
10,human10_stiff_legged7/human10_stiff_legged7_SkeletonData2.csv,stiff_legged,7,167.21119298885782,135.01987225713918,179.83868675003038,11.671118492789166,171.1870674514724,163.63435389387118,177.04844015725047,3.081405155088886,85.25422043202819,3.438441500118129,0.03472302,0.019373447,0.029232122654915385,0.1974458623532641,31.404728229511903,0.029157877
10,human10_stiff_legged7/human10_stiff_legged7_SkeletonData3.csv,stiff_legged,7,166.49744935118187,141.13576836443883,179.55384884468816,9.902723729541547,165.9563711592747,133.9826730233077,179.10037281411147,10.850770758058594,86.53866899885055,1.9054135358244932,0.0077892044,0.02093593,0.03514875076973658,0.235632635345283,6.699619310554425,0.07199979
10,human10_stiff_legged7/human10_stiff_legged7_SkeletonData4.csv,stiff_legged,7,168.0229975873685,139.64519301717303,179.0824490664918,10.004873335112785,171.6724552029607,158.22385663416856,178.13986865306046,3.9426257962790126,85.14494458030462,3.0405808492941127,0.029081387,0.019040788,0.03130836112888345,0.24540557668526503,19.521244030426857,0.113180876
10,human10_stiff_legged7/human10_stiff_legged7_SkeletonData5.csv,stiff_legged,7,168.97289688047283,135.90669012891033,179.5855332087822,10.172037659361266,165.24279838788618,135.45839091575073,178.25945087478897,8.697178551353904,84.5848396354741,1.370921382658931,0.0061596753,0.014044846,0.037307031756422436,0.20525453941188615,0.8777831208336409,0.43084002
10,human10_stiff_legged7/human10_stiff_legged7_SkeletonData6.csv,stiff_legged,7,168.28423897616702,139.78500843720798,179.66018025366995,11.125899097924256,170.47167258786487,154.06635393326633,178.86432902194753,5.6921131712966755,84.34629614768414,2.58257247778923,0.023024883,0.016588245,0.02238378148998807,0.2476665347864293,15.077196727780773,0.22384
10,human10_stiff_legged8/human10_stiff_legged8_SkeletonData1.csv,stiff_legged,8,166.09554726579267,139.270964907707,178.4435402804677,10.719189194874787,170.83009159568078,151.033505049733,179.26614079716273,6.5778770606189845,85.22284349465426,2.5739312748202696,0.013955957,0.029023264,0.02853877165248696,0.24795172401682025,10.939939625330965,0.22410035
10,human10_stiff_legged8/human10_stiff_legged8_SkeletonData2.csv,stiff_legged,8,166.27024258167083,134.20090116284229,179.14328837412629,12.981529792828086,170.39252562595544,150.1483791138987,177.71163572355078,5.584511508037297,85.74407343826563,3.1835639688219177,0.025482561,0.019145457,0.029997435621170302,0.25624888320941724,17.379130601631914,0.06877208
10,human10_stiff_legged8/human10_stiff_legged8_SkeletonData3.csv,stiff_legged,8,166.9517813383821,139.54396798253487,177.9329123940184,10.461067447751384,167.7634373690479,144.48014187800183,178.56827219135525,7.4573990158596954,86.38708562902059,1.3918342960332648,0.0053582946,0.01801112,0.0382488818449946,0.2769982360809203,4.300814098130104,0.35954785
10,human10_stiff_legged8/human10_stiff_legged8_SkeletonData4.csv,stiff_legged,8,166.10278798161727,137.07568875075677,179.35697301444813,12.108062122206501,171.53918842620382,158.32551553283278,178.83723490619613,3.830919102656018,85.00128950780638,2.2817949518074307,0.023678115,0.024002893,0.020810831218615874,0.25078021339589424,21.769564890328013,0.059655905
10,human10_stiff_legged8/human10_stiff_legged8_SkeletonData5.csv,stiff_legged,8,166.37247085407589,137.74503812714966,176.6835977257906,11.26385116162326,168.84136545918338,153.27623234893736,178.99362456598558,6.398592107252267,85.1415915623886,2.0499535406396663,0.0115371235,0.021338899,0.028131603761532096,0.285768278176619,13.221167381592721,0.04419017
10,human10_stiff_legged8/human10_stiff_legged8_SkeletonData6.csv,stiff_legged,8,162.4503829631585,30.01371339993877,179.6739305091901,23.650973545708823,172.79147706990784,165.15741143518554,179.74697615894857,2.5696734965349193,84.9135876042482,2.9488311415008197,0.028614873,0.024396412,0.02991700062410266,0.23526028707353355,135.07065238548827,0.19015002
10,human10_trendelenburg11/human10_trendelenburg11_SkeletonData1.csv,trendelenburg,11,157.6299606000393,121.52868246883988,176.6995952469281,15.781084088082128,163.68697335466376,137.2125537384484,179.48282515084736,8.716696083117602,93.13961843053433,9.052606171122706,-0.05180042,0.027628023,0.02606692357730704,0.21709111888709595,12.900641365689282,0.2435751
10,human10_trendelenburg11/human10_trendelenburg11_SkeletonData2.csv,trendelenburg,11,155.25276005766176,102.47617625120328,178.23117135721193,17.648792141195237,159.48183048232787,142.62805907263095,171.50485405221673,6.592509365473046,94.93616249630293,10.650046210392288,-0.059774704,0.037565395,0.044955818421751746,0.25384889210087985,46.87820012642287,0.17217922
10,human10_trendelenburg11/human10_trendelenburg11_SkeletonData3.csv,trendelenburg,11,157.57569474847637,125.44982505793665,178.80896397001538,15.92689798042437,158.68091497591777,134.26515829878875,177.0278833896308,8.7178310702002,94.09820890933118,7.707411251179417,-0.037324768,0.028499382,0.034451349241962616,0.21028122532411497,10.59641382123668,0.094969034
10,human10_trendelenburg11/human10_trendelenburg11_SkeletonData5.csv,trendelenburg,11,160.8610078268939,129.2123678664489,177.53096269789495,14.931179785277527,159.35600047404242,137.54939323178164,178.16047346324882,8.5799744794012,92.43665531795367,8.080199585282974,-0.026831035,0.026383298,0.050550932240653663,0.2135987909137545,7.707514599978879,0.5813091
10,human10_trendelenburg11/human10_trendelenburg11_SkeletonData6.csv,trendelenburg,11,159.2559994861918,71.28237969173959,179.26684545298298,18.627200582899675,155.88771621395955,93.25436292223478,175.5205157149988,14.156378202977873,93.42657355019587,8.216220741023173,-0.018197108,0.03184154,0.038017711008388744,0.32229194897698227,25.718312968479367,0.3453102
10,human10_trendelenburg15/human10_trendelenburg15_SkeletonData1.csv,trendelenburg,15,157.77366632888283,124.73354590842578,177.3939334926788,16.01224422487345,159.05141525417508,119.7451894841726,179.42706251091735,14.5590325429818,91.63024506570301,7.33208968345649,-0.045362514,0.02461754,0.046597519722811155,0.25272934724822665,7.021485442491738,0.53497386
10,human10_trendelenburg15/human10_trendelenburg15_SkeletonData2.csv,trendelenburg,15,156.38606032101544,117.70130436373523,176.99173506886422,15.746374886497778,160.89578073378001,140.49191303230498,174.00827078667268,8.145064782859805,93.13433487597474,8.577733845838342,-0.055800647,0.03328366,0.04661970969064797,0.23754647675458104,25.77407295076128,0.061896086
10,human10_trendelenburg15/human10_trendelenburg15_SkeletonData3.csv,trendelenburg,15,160.49143430969247,124.4520477036868,176.99693632112314,14.784034433558123,157.00123392052416,126.72159942476648,177.10939269158945,13.163598518950073,93.77925475002176,6.732734224192364,-0.04409377,0.0273691,0.051899859880629486,0.22706892690826352,2.1570953506133748,0.9139042
10,human10_trendelenburg15/human10_trendelenburg15_SkeletonData4.csv,trendelenburg,15,158.80066596911144,122.74179288286179,178.99389304126387,16.013263362994827,159.74049502620215,135.41694171927068,176.18784010590846,9.538446619240752,94.11368022249971,7.600963045742458,-0.030355511,0.033796508,0.0554058129578434,0.3668596970544373,15.481201771764304,0.16461301
10,human10_trendelenburg15/human10_trendelenburg15_SkeletonData5.csv,trendelenburg,15,158.42851733170954,129.01442915805907,178.45895465750135,15.204232599979974,161.89642530233192,140.7662620725878,176.6188424343987,8.230539010067249,94.14527892733601,7.706131278088305,-0.041986253,0.027377343,0.03278175921217544,0.23280137528437572,13.591945137631399,0.09601617
10,human10_trendelenburg15/human10_trendelenburg15_SkeletonData6.csv,trendelenburg,15,154.34376388454052,121.434226126545,178.90862694834834,17.111668772355042,161.0242332502419,139.30679152877494,178.06068675540175,8.650889785475467,95.30320683578509,8.449409892158032,-0.038376506,0.033923794,0.051561740319469744,0.2926479918686345,18.720505595176533,0.02642417
10,human10_trendelenburg17/human10_trendelenburg17_SkeletonData1.csv,trendelenburg,17,159.54161599611317,128.90537179519723,176.916579962976,14.85629528824193,164.44842121064607,135.63257314826956,179.564860008221,8.852265560578894,91.83184156880452,6.114179185282885,-0.04268891,0.028856006,0.02829310028289955,0.19932418767887497,4.078921307827329,0.593606
10,human10_trendelenburg17/human10_trendelenburg17_SkeletonData3.csv,trendelenburg,17,159.66272856603246,125.08962205694975,177.65778561552364,14.787876722568472,163.29125045744647,136.72038126653425,178.6698543457075,9.964521794171525,94.05658408614407,6.7203330189724255,-0.035219964,0.026053607,0.03018969614887475,0.21252483654434365,10.618690479400627,0.29218102
10,human10_trendelenburg17/human10_trendelenburg17_SkeletonData4.csv,trendelenburg,17,160.33862327960293,120.41337104859042,179.4176657787005,15.050478428441544,161.5844202774161,136.29288609001023,175.77449552197334,8.873440959103458,94.43093411497134,7.485760041115115,-0.012956947,0.024790112,0.03774360701982391,0.21363818534431755,19.522685298146968,0.1400969
10,human10_trendelenburg17/human10_trendelenburg17_SkeletonData5.csv,trendelenburg,17,160.06831544857934,127.32970178400198,176.31652482196733,14.723172104495026,164.09167263880624,143.70297364368918,179.32867020216153,8.209646772967988,93.54285884539763,7.595028316352297,-0.028808517,0.025582891,0.04121985133644539,0.2118208521413817,13.361126479492995,0.37595296
10,human10_trendelenburg17/human10_trendelenburg17_SkeletonData6.csv,trendelenburg,17,157.91838067112923,78.94438274508855,177.349145029426,19.57670955436447,159.42515798340642,20.444821381835833,178.1003731467219,27.006473547528053,94.7505603124934,8.650168484364864,-0.013602875,0.026339019,0.05156329251875862,0.2936915591329053,59.250789480548605,0.25135684
10,human10_trendelenburg18/human10_trendelenburg18_SkeletonData1.csv,trendelenburg,18,157.0222817939452,126.25076302081513,176.9502637129034,15.418362925544193,163.3503300205401,136.9921452055107,178.72695681501665,9.739401187274291,94.00208284948584,7.397049856462619,-0.046300612,0.026038827,0.03614783976980057,0.20657411216257998,8.96468908258231,0.079102755
10,human10_trendelenburg18/human10_trendelenburg18_SkeletonData2.csv,trendelenburg,18,158.58709093260163,118.77816316137583,179.50165524333275,14.797145006785609,161.02731922474237,140.19652624888724,174.56438315465803,7.923512386250907,95.47535486017262,9.310461179006781,-0.027564183,0.02543773,0.04472640684760688,0.25356673463693297,26.355635176186127,0.04215491
10,human10_trendelenburg18/human10_trendelenburg18_SkeletonData3.csv,trendelenburg,18,158.73527795278093,124.67482368916866,178.46768683338803,15.545529982118593,162.2885039825298,137.67273404893456,178.21460340492706,9.16137692060343,95.19902466047516,8.309255597600664,-0.046671946,0.026220309,0.03261461117061959,0.2078569196535638,13.250993788226864,0.04152584
10,human10_trendelenburg18/human10_trendelenburg18_SkeletonData4.csv,trendelenburg,18,159.5628860653945,119.81884045867714,179.55602676155746,17.033720240287018,160.23641473914202,138.6993474330509,176.23642839910318,9.404984456478276,95.29956846793473,8.956641728024639,-0.02128102,0.028171685,0.042311214645519075,0.23596116739614428,22.20010533682803,0.023297071
10,human10_trendelenburg18/human10_trendelenburg18_SkeletonData5.csv,trendelenburg,18,163.03442311992617,132.94815666511425,177.81666478239617,12.051559843985943,161.77864297118484,75.82421587745912,177.9261115678348,11.69933788681168,92.96054595885047,8.015841129919604,-0.033633675,0.023925051,0.044015197245351634,0.17537527193488134,57.23338757309375,0.504086
10,human10_trendelenburg18/human10_trendelenburg18_SkeletonData6.csv,trendelenburg,18,161.62329506268054,109.80290990588102,179.13403158728366,13.906259335229393,162.07800903318898,137.583054396359,176.93443253445642,8.45286035665449,94.01705486495422,8.055354619227474,-0.026135677,0.031506,0.04657661831598627,0.2789853473036794,29.979743543305204,0.3501501
10,human10_trendelenburg19/human10_trendelenburg19_SkeletonData1.csv,trendelenburg,19,157.16662431464064,127.92355713070596,177.30358891401477,15.716484100314934,161.52279435008157,127.49053939252511,179.63711242477945,12.966405839991221,93.74523862220728,6.912710878004776,-0.040198345,0.030952116,0.03806615046256927,0.2098765255653406,2.766541248945529,0.37082458
10,human10_trendelenburg19/human10_trendelenburg19_SkeletonData2.csv,trendelenburg,19,158.8424242410031,124.4877943960402,179.3013961726201,14.387100471660005,159.9653116859713,137.1690072453841,175.11172696488268,9.700133935680316,95.03936729483725,8.64886189467073,-0.016167449,0.035957944,0.048344162910304,0.27245023151203784,16.870882057081317,0.025926828
10,human10_trendelenburg19/human10_trendelenburg19_SkeletonData3.csv,trendelenburg,19,158.2234366527961,126.26919422327504,176.37262393472733,15.347221386683815,160.83303942580278,137.38786246462473,178.31400971920692,9.950176303675528,94.8551257687468,7.86060147992188,-0.04430567,0.02883379,0.031140604584836123,0.2138116409728815,9.177282456870103,0.007920027
10,human10_trendelenburg19/human10_trendelenburg19_SkeletonData4.csv,trendelenburg,19,157.70922462140763,121.59738533767663,178.64657251817263,16.79380034358193,160.26730181798135,137.89287610341088,175.84404839311205,9.174100271354797,95.99236537772688,8.46109862469567,-0.022933228,0.026092872,0.04160991241489288,0.212966560335078,19.098014890794843,0.32933998
10,human10_trendelenburg19/human10_trendelenburg19_SkeletonData5.csv,trendelenburg,19,162.21556405539187,130.3917271193636,178.72253980284304,13.982266717733317,160.67670890540182,137.926136126255,177.77707009517243,9.682282753757523,91.57053670044911,7.24028591588623,-0.032319687,0.02177119,0.038391760624397475,0.19448910703232145,8.479878714562005,0.49581027
10,human10_trendelenburg19/human10_trendelenburg19_SkeletonData6.csv,trendelenburg,19,161.06412274009173,123.13090117537597,179.01199191492788,14.727113318390389,161.16628923592316,136.81746110448165,177.67379038410047,9.344953463723096,92.91130429488511,7.934692574479591,-0.018752329,0.023452813,0.043746751558149506,0.22228739976437337,15.024761459933089,0.41941
10,human10_trendelenburg2/human10_trendelenburg2_SkeletonData1.csv,trendelenburg,2,163.7210014761331,136.20487920332832,175.47910540644335,11.238119641322498,163.98711086238828,137.95925436252384,178.72452533517745,10.120539956495438,91.12997409002331,5.387185056785979,-0.042923797,0.02844509,0.04843299011941879,0.22278563338627122,1.4910447695385756,0.36922216
10,human10_trendelenburg2/human10_trendelenburg2_SkeletonData3.csv,trendelenburg,2,164.98156723388402,134.80753815572837,178.55575626124872,11.353480367314823,164.64252872367652,135.14228705336527,179.54688597891342,8.932246346072981,93.88660550796054,6.501845124422235,-0.04638431,0.019985145,0.034584397404275435,0.17520114924153682,0.6563808200278061,0.117618084
10,human10_trendelenburg2/human10_trendelenburg2_SkeletonData4.csv,trendelenburg,2,158.77551896200958,111.25507575885062,179.09596282535813,17.432052463935953,160.85768571628114,128.02179151247097,176.61941387991615,9.124528614708833,93.87502504523562,6.790250688508087,-0.04067788,0.028562153,0.04599002871015872,0.3931907282491793,19.243264699062323,0.707942
10,human10_trendelenburg2/human10_trendelenburg2_SkeletonData5.csv,trendelenburg,2,162.15935150205436,65.2199170571527,177.4709779630236,17.894059803180323,164.44703320961506,138.52775974104213,177.09796732389404,8.288774904669053,90.74929499156553,5.696683160991218,-0.031138616,0.020004692,0.04342773437381208,0.16505868060143264,73.68085332301901,0.07494998
10,human10_trendelenburg2/human10_trendelenburg2_SkeletonData6.csv,trendelenburg,2,159.1819351447774,85.08854222083453,178.94370397034464,18.130544148523835,161.3329912239762,138.0917651274612,175.16517283079352,9.778837362083866,91.70402426574768,5.67486241113378,-0.024052197,0.03079668,0.054079745938298285,0.3492464052760685,56.781754046177795,0.056770086
10,human10_trendelenburg20/human10_trendelenburg20_SkeletonData1.csv,trendelenburg,20,157.91510959909746,117.79277688339457,176.77836753679668,15.74036173254047,163.82652353333128,137.15834536418848,177.6538413230615,8.832072691478585,91.61777598395973,6.453812476899466,-0.041340645,0.029486252,0.033132156398697904,0.22547166828108056,18.49009469452909,0.6851032
10,human10_trendelenburg20/human10_trendelenburg20_SkeletonData2.csv,trendelenburg,20,160.07562351394998,123.00248268855798,179.3104412334367,15.13964604028997,160.06671815671675,134.04009741485132,173.6762344759363,8.206646483570541,93.48239910414739,7.925756812382918,-0.02479038,0.024887534,0.04957270333610083,0.2416458291613052,16.67182148379375,0.77475095
10,human10_trendelenburg20/human10_trendelenburg20_SkeletonData3.csv,trendelenburg,20,159.68060518989435,128.41208466643195,178.41445278578647,14.212921171702034,161.78936525391768,128.44203089136496,178.91599923149158,11.20315757367896,93.21891048562104,6.790085156336261,-0.037121195,0.02477882,0.035338286909569284,0.22738487254928183,0.4716002207721033,0.2085011
10,human10_trendelenburg20/human10_trendelenburg20_SkeletonData4.csv,trendelenburg,20,161.42384503989058,122.26935623888666,179.7920894574435,14.823806437444764,161.05154035842617,136.9581578940289,176.43717905186634,8.843587396311673,93.57917757230405,7.873507095476286,-0.018353049,0.024422806,0.04115771005879115,0.20694252561555584,18.043712060719386,0.26409292
10,human10_trendelenburg20/human10_trendelenburg20_SkeletonData5.csv,trendelenburg,20,159.7897951051148,134.08834954939928,176.89439825605072,13.299318965902403,163.42977633280918,138.0850654400137,179.0671368625138,7.8802126536366535,92.1027985121703,7.359148684598845,-0.02908762,0.022073068,0.051670358694395985,0.21245141758176103,1.82397728415134,0.23116994
10,human10_trendelenburg20/human10_trendelenburg20_SkeletonData6.csv,trendelenburg,20,160.5885782527421,131.36936765039255,179.24966045968182,14.55475636635255,161.65791137439308,138.5382793703062,175.93871618287645,8.491289504206057,93.81916073956741,7.883093577274369,-0.016549243,0.020762281,0.03983267904508358,0.24234349287919182,10.479855996719039,0.09833026
10,human10_trendelenburg4/human10_trendelenburg4_SkeletonData1.csv,trendelenburg,4,158.78347288048184,126.591143891847,176.8300414766034,13.623326546173951,162.9171628646717,125.46219762089908,177.76634595709703,11.247972296091792,92.875188494934,6.012245573243952,-0.043307684,0.032062832,0.04786637795062733,0.2220864096370631,2.065250751441539,0.34897828
10,human10_trendelenburg4/human10_trendelenburg4_SkeletonData2.csv,trendelenburg,4,158.26728013304327,117.54572077833873,178.63822149759147,15.995543144277041,162.02415522022991,137.91902563140368,175.05172228704242,9.066126113517747,94.42945987188837,7.676407164488354,-0.04178411,0.040620107,0.058036455851222385,0.26387897360872226,23.959804063614,0.27929592
10,human10_trendelenburg4/human10_trendelenburg4_SkeletonData3.csv,trendelenburg,4,161.36007015069563,124.97627424346824,178.22017419406936,13.702348145472934,162.80012830723064,129.83430087416872,178.72881831551197,10.643498474633757,94.65126443104027,6.677311590706854,-0.041983545,0.024926549,0.03251191949797885,0.20802401751439017,4.349382509257865,0.24633098
10,human10_trendelenburg4/human10_trendelenburg4_SkeletonData4.csv,trendelenburg,4,162.21261147041017,132.55754202802098,179.6405323083812,14.255547423087107,161.0632157869015,138.00610297440437,176.4460051994866,9.432236474199584,94.87878318029925,7.9672739970261235,-0.027645638,0.03239304,0.05370992627006029,0.4635716041183279,8.643088055278014,0.75938916
10,human10_trendelenburg4/human10_trendelenburg4_SkeletonData5.csv,trendelenburg,4,158.91698187539362,126.06471547294325,177.88970473310783,15.713129766572838,162.35496835688818,144.2963519494812,178.77742885302618,7.963865986836684,92.13614970877302,6.276663312843971,-0.031718396,0.023270745,0.04884933449651535,0.21163827226235918,17.343912356619597,0.69494987
10,human10_trendelenburg4/human10_trendelenburg4_SkeletonData6.csv,trendelenburg,4,159.7730779731519,127.1064210056317,179.75909626920406,15.40347786126683,161.264702390941,137.38717473349456,176.08852244422494,8.286680294012315,92.93727635247568,6.293978323434309,-0.022993844,0.029965198,0.04006731902067529,0.2017479412187824,13.951327552841988,0.6632881
2,human2_antalgic11/human2_antalgic11_SkeletonData1.csv,antalgic,11,161.67465839866998,135.84116310083866,174.92727927138606,10.484085997570128,163.6210842587089,144.61970519052554,175.92645854875292,7.9230871295480805,84.84611485744797,1.4815211783465896,0.022015719,0.011520373,0.016467073286807236,0.15885560041335156,7.7793628123200165,0.06641698
2,human2_antalgic11/human2_antalgic11_SkeletonData2.csv,antalgic,11,167.19009537719603,137.04256436521916,179.41295188522375,12.68840122916239,167.4674163423128,155.61090533758195,173.05608465231617,4.182881586647794,84.16486979666352,1.2602587546548867,0.04812062,0.009789704,0.030656658781382518,0.11484214232187168,24.925208205270366,0.13639688
2,human2_antalgic11/human2_antalgic11_SkeletonData3.csv,antalgic,11,164.62366744428343,135.00619394241312,177.8395164308404,11.141084184181562,163.78429433431032,143.33056262430404,176.92425904068017,8.33114579871135,85.7754191191643,2.017752534188743,0.009918199,0.009100322,0.018294063915626147,0.16816342850854568,9.239626072051152,0.057636023
2,human2_antalgic11/human2_antalgic11_SkeletonData4.csv,antalgic,11,168.18561541597742,133.78563639799654,178.95292066466058,11.95255739701526,169.1882381052787,161.3258120728505,174.82080974408478,3.311201932425993,84.81868972779047,1.5930012555172877,0.05460693,0.016879156,0.02004131286293162,0.13750569734674023,31.672286595429767,0.214854
2,human2_antalgic11/human2_antalgic11_SkeletonData5.csv,antalgic,11,165.2559753316449,134.8303025860256,177.99982247199168,10.795085543524607,165.45866213896613,131.71380152223756,178.51108609640644,9.006326967620899,84.07555258843901,1.1475783741911811,0.012152482,0.009792385,0.03595203952695971,0.16075785393786213,3.6277646882028023,0.15843987
2,human2_antalgic11/human2_antalgic11_SkeletonData6.csv,antalgic,11,168.222872398792,137.61359714637643,179.17356233242594,11.298838400782145,170.1035820973718,145.66020296595636,175.88522146977468,3.7642467555651615,84.15312829952641,1.105117459507405,0.04735788,0.0077382424,0.016995624079096515,0.14449432745756358,11.334946682231191,0.04786992
2,human2_antalgic13/human2_antalgic13_SkeletonData1.csv,antalgic,13,162.4642748953347,135.62940918712366,178.58582118200533,10.25068562173288,164.7045676705651,141.17075962266432,177.18816085356596,9.097481887071265,84.75594601230394,1.3623074235913146,0.0148207005,0.01233039,0.024445879389331494,0.15295352878045912,6.939010763980036,0.06550503
2,human2_antalgic13/human2_antalgic13_SkeletonData2.csv,antalgic,13,167.3007384587913,137.264049139141,179.10140681576857,11.808900730304815,167.3556248136219,156.4802080165018,173.07392426209145,3.894677876120117,84.55660173347825,1.0455377320202377,0.046423446,0.009344862,0.024314447305491513,0.11291860595664868,25.2436414310379,0.08341813
2,human2_antalgic13/human2_antalgic13_SkeletonData3.csv,antalgic,13,164.99335921576713,138.0651227567034,178.03195057716263,9.85683464162896,162.9527714333078,115.68357286768504,176.91537062460952,12.659859915206193,86.69666449232422,1.7172539704283678,0.0037634547,0.012976906,0.02487953234870952,0.14026267518110425,21.26496993646525,0.3546698
2,human2_antalgic13/human2_antalgic13_SkeletonData4.csv,antalgic,13,168.6572765997175,137.47534018936193,177.85729310865688,11.373094585117148,167.38708605093782,159.54963406173223,175.55217619968784,3.921164468182674,85.75681954121184,1.2036057661508877,0.049683005,0.010734746,0.01356424508411663,0.11280248382441045,24.379410781339345,0.11786413
2,human2_antalgic13/human2_antalgic13_SkeletonData5.csv,antalgic,13,164.18777649158753,137.8031274059601,174.99639198513074,9.741839631863744,166.6453924885699,139.11255510582797,177.6887423576205,7.835199146965005,84.97391375204465,1.3749666476421019,0.00921974,0.0076175435,0.035550709869237446,0.13846138175042066,1.382922672621902,0.025130033
2,human2_antalgic13/human2_antalgic13_SkeletonData6.csv,antalgic,13,167.83807949086219,139.59515392324732,178.13952606265696,10.541479885831055,168.9535178420073,156.48299727338463,175.48597313662142,3.580748930715628,84.9492248743826,1.1284473925345484,0.045193594,0.00976945,0.026104447652406618,0.2753394431770885,19.541396276172833,0.10948014
2,human2_antalgic15/human2_antalgic15_SkeletonData1.csv,antalgic,15,163.5921359177636,138.46683868733112,174.96942737457,9.40886988440204,162.8331083162694,133.11677356415026,175.44359234420432,10.269704283870777,85.79532976381515,1.8023398685430907,0.0075642974,0.014294431,0.02832492532791702,0.18044878992558952,5.824230092815185,0.005352974
2,human2_antalgic15/human2_antalgic15_SkeletonData2.csv,antalgic,15,168.15965314026573,139.7632446837847,179.33141611688004,11.357510018678173,167.27582182381283,154.0564019785578,176.55951443804432,5.2754267157338175,85.53837098912932,1.5618453836965145,0.03870804,0.0108886035,0.01322997198965809,0.10490880758289041,17.065058973608814,0.0057649612
2,human2_antalgic15/human2_antalgic15_SkeletonData3.csv,antalgic,15,164.52535642642158,130.25083559420935,175.91835269488902,10.948894147206566,163.7555831948661,128.63644083583353,176.81315061747912,10.07069047488424,88.42064508593369,2.474745559346903,-0.018559022,0.024221072,0.023241161045899298,0.2158555163154707,2.509192680965924,0.19331789
2,human2_antalgic15/human2_antalgic15_SkeletonData4.csv,antalgic,15,168.74573986014144,137.40405504160307,179.30700757064469,11.220557927040707,168.09659983278866,159.50924065461263,174.0247241923832,3.296383843074619,87.26441928302295,2.1159154924503025,0.039615266,0.017054163,0.016592642035494164,0.163814006045765,27.38746899127105,0.16269398
2,human2_antalgic15/human2_antalgic15_SkeletonData5.csv,antalgic,15,163.85427399855516,134.83288886332596,177.7326151052522,11.106561560936399,162.0113684957499,115.49758057936795,176.01221382556602,12.542884508447804,86.2276139984404,1.6421442259684425,0.00052425225,0.00869707,0.062151428160556604,0.17508090035563315,17.614907004271842,0.32966018
2,human2_antalgic15/human2_antalgic15_SkeletonData6.csv,antalgic,15,166.38188472738128,137.47197865030617,177.8225988572098,11.89988619268248,168.9019021843076,154.65747467828916,174.5766525442961,3.851001360364294,85.81132426436697,1.737411465181865,0.038323738,0.015712507,0.01753209923724225,0.1200961444251973,20.431442340896695,0.23885012
2,human2_antalgic19/human2_antalgic19_SkeletonData1.csv,antalgic,19,162.79951313108256,134.5814893720255,175.69789360810313,10.095929538417725,164.28252100058143,130.9805486701236,177.32243702982706,11.279021259122601,84.46863938884987,1.4304942207322382,0.020729756,0.014505653,0.032746515157323255,0.16762997261069013,5.225484123625819,0.15833116
2,human2_antalgic19/human2_antalgic19_SkeletonData2.csv,antalgic,19,166.840422944311,132.48345647272433,178.22249168114678,11.619264123442516,164.42764484219558,148.29703305170432,174.6140156417791,6.8928147568211555,84.35299875305074,1.156230358133312,0.033492405,0.009744761,0.014777538627857691,0.09906950036708427,19.422052618347664,0.36277413
2,human2_antalgic19/human2_antalgic19_SkeletonData3.csv,antalgic,19,163.08154309005803,134.01086094797927,175.39409473203153,10.88701381541441,164.88699095453597,129.63920534719838,176.24955048567514,8.671138868719053,85.72684190275584,2.203156084890909,0.005403265,0.017630255,0.02160580937948686,0.1366599152346933,5.227111354424494,0.03657198
2,human2_antalgic19/human2_antalgic19_SkeletonData4.csv,antalgic,19,167.62959042592104,135.1460649550274,179.4508681994484,12.600434126345931,166.86683039490723,152.74431308259614,176.56072751077744,5.813202446082111,85.16307597925405,1.7560683804076942,0.04764786,0.01102423,0.015862587170129366,0.10474423068211444,20.488388816239677,0.03738594
2,human2_antalgic19/human2_antalgic19_SkeletonData5.csv,antalgic,19,164.0366165587374,132.31316134508555,178.3868006209274,11.409118630188374,167.58553561429085,136.8107614727652,177.18440831817247,7.400685914315663,84.26678619322584,0.9618836189566087,0.008371674,0.006727689,0.027729413746437573,0.14322098703423652,5.699992430434577,0.24869013
2,human2_antalgic19/human2_antalgic19_SkeletonData6.csv,antalgic,19,166.99132884093854,96.19003919510062,178.43060316627302,13.381017684324053,168.42227170900767,151.75662937990964,179.46747229854893,6.335253468779438,84.48421357951126,1.4438704414527177,0.043221634,0.011962218,0.048072354344396204,0.14054253561113958,54.529721052533105,0.21418
2,human2_antalgic20/human2_antalgic20_SkeletonData1.csv,antalgic,20,162.23941904565808,131.67593814646045,177.5173059509776,11.509614282956067,163.60842550204225,144.1112653789868,175.83537380461718,8.619843652174518,84.46299321996953,1.6862495472465453,0.026361087,0.010002504,0.01947472368323193,0.17367202771339368,14.117259378886757,0.1317761
2,human2_antalgic20/human2_antalgic20_SkeletonData2.csv,antalgic,20,166.86680945942558,136.39209809488776,178.967271986581,12.970435078489388,169.374494490911,155.28380487087597,177.29267238805187,4.684223828811662,84.27527304369178,1.293233227244877,0.052283153,0.009138984,0.02962869345044863,0.10500336709434561,20.566306374517353,0.35798
2,human2_antalgic20/human2_antalgic20_SkeletonData3.csv,antalgic,20,163.7219063745998,134.80471470963292,175.98877605616062,10.925706211394187,165.16217313498765,145.76382607539708,175.62055717040076,7.228642951752057,84.86716628157893,1.3900619328869528,0.014563727,0.014504563,0.019225899637842825,0.14739496555882015,11.327330251524018,0.012175083
2,human2_antalgic20/human2_antalgic20_SkeletonData4.csv,antalgic,20,168.72349602707027,132.42803863652736,179.25882144860032,11.53382244689204,169.311257111831,157.22192319964492,179.2923610341778,4.326834835168772,84.52767642832335,1.2370325062090524,0.05686314,0.01039068,0.023470905603887125,0.11906688316237181,24.760344977540086,0.021160126
2,human2_antalgic20/human2_antalgic20_SkeletonData5.csv,antalgic,20,164.00621673694266,134.48652648635752,177.47809535471222,10.968494061446364,165.42143631829884,116.00487830036617,176.38621354304547,12.622194820342017,83.42912246836488,1.7701446543499577,0.020042853,0.008537006,0.035301863483780144,0.14555752599447325,17.389766374324594,0.016830206
2,human2_antalgic20/human2_antalgic20_SkeletonData6.csv,antalgic,20,167.50070155169294,111.88542796270212,178.13212742178652,12.581150065957273,169.1246813498474,28.700116782704274,178.8422101544642,12.98588991862404,83.47611569229525,1.7106363881730178,0.051388342,0.014017936,0.03166940675788046,0.5286846069122105,83.89539391267553,0.26062012
2,human2_antalgic4/human2_antalgic4_SkeletonData1.csv,antalgic,4,163.01982814760183,139.87254337805692,175.96712341745808,9.747132579320452,166.11833197131915,148.0965806696156,178.09373904577205,8.382282700073393,85.15334618155565,1.5417619491785757,0.011656885,0.009941174,0.017562864684001804,0.13743584064829872,6.097421663244717,0.38614416
2,human2_antalgic4/human2_antalgic4_SkeletonData2.csv,antalgic,4,167.446725069927,140.74332124669158,178.89317246929008,10.175994888565086,168.48158212517734,159.04341366241962,175.3483255743355,3.4711060113058916,84.73790426422761,1.2341897115892138,0.049189474,0.011862075,0.037207505637715646,0.11369013276057632,21.844939310682634,0.25848484
2,human2_antalgic4/human2_antalgic4_SkeletonData3.csv,antalgic,4,164.03300268562683,138.49681399714595,178.95355698879513,9.223200845737558,162.89988737702,140.3499108461867,176.51517149536622,9.402161049391697,87.18445457276935,1.9294536801003719,0.00728003,0.012303765,0.023679936217097346,0.16268014033934888,4.2914823424696635,0.10166597
2,human2_antalgic4/human2_antalgic4_SkeletonData4.csv,antalgic,4,167.14796736648984,137.59268162703023,179.51229757958987,10.7577042411807,168.83183913524113,158.98997064499628,175.57893856846954,3.136820402237205,86.14613700931625,1.6626704150566205,0.05246042,0.012780362,0.01833128008659752,0.14195993316774014,25.330648029086376,0.28451896
2,human2_antalgic4/human2_antalgic4_SkeletonData5.csv,antalgic,4,164.25262208553022,139.08599849594307,177.3090859869672,9.994484505781257,164.5422305197109,129.8512574620115,177.66840292342334,10.180063318336229,84.6237612331632,1.5976192523761465,0.012626124,0.008774397,0.02643137880470614,0.15134375422687674,9.594057970387723,0.18598986
2,human2_antalgic4/human2_antalgic4_SkeletonData6.csv,antalgic,4,166.3437353880578,137.86489169368772,177.61418113905214,11.090503003063956,167.53285000257856,32.597045050215776,178.258936159843,19.818655945430475,84.5784395697324,1.6014472939475004,0.048269797,0.011435191,0.030170378403952362,0.1945521112802141,105.91260166426281,0.23949003
2,human2_antalgic5/human2_antalgic5_SkeletonData1.csv,antalgic,5,162.0053665533738,137.3088633163922,175.85632432310865,9.633390622052348,162.59291020310172,137.1688644336448,174.98598932105924,9.52467158599166,86.7501968424948,1.6983970878253891,0.016714886,0.015487927,0.028243517754512348,0.2174983865245071,0.7303361193020237,0.29145813
2,human2_antalgic5/human2_antalgic5_SkeletonData2.csv,antalgic,5,166.26607795293378,138.3332579539328,179.00647364536366,11.917587631235065,165.8378589477201,148.91070857395434,174.61434764525356,5.938296032231426,86.71089900074273,1.2315827783105424,0.045669165,0.008065165,0.0223894437269855,0.11428147946478796,14.969576620131647,0.17253995
2,human2_antalgic5/human2_antalgic5_SkeletonData3.csv,antalgic,5,163.90926232906787,135.36506938332005,175.87519817056125,9.444852388247382,161.45821667208347,136.84383446892295,176.26252149499354,10.48920527046339,88.1023020958579,1.8709833567887493,-0.0008453291,0.014049491,0.02943767838554167,0.16324909178969613,1.0914417611706142,0.10851097
2,human2_antalgic5/human2_antalgic5_SkeletonData4.csv,antalgic,5,167.15209969230523,139.3916919290134,177.68542509816487,10.59934037393415,165.64625828966658,150.17284179196312,175.3108048630164,6.499899392782239,86.91989959889024,1.5752199635885271,0.048281852,0.015852157,0.034970022811536806,0.15362567403888927,13.155770098098202,0.14295983
2,human2_antalgic5/human2_antalgic5_SkeletonData5.csv,antalgic,5,164.57928378237727,138.28138047302457,179.33438068720284,10.830416069273287,162.84280102102463,67.84468189520085,176.42930611713888,11.921442116778541,85.96437551729949,1.6769737967498692,0.0075400453,0.011318785,0.05595648385164037,0.2118424781762665,67.53162400775976,0.40681982
2,human2_antalgic5/human2_antalgic5_SkeletonData6.csv,antalgic,5,166.59487879162717,137.57884253840257,178.70371800325182,11.72864932811621,168.05378639197477,141.64051434252417,177.0172398635535,5.8274282077904935,85.70558433296966,1.4251857670533663,0.043092538,0.008210227,0.02480868493023551,0.3216865182664542,5.748149943819925,0.34587026
2,human2_antalgic7/human2_antalgic7_SkeletonData2.csv,antalgic,7,164.96647050623827,135.22948255493299,177.22594510492152,11.060931045984287,165.9876406491582,153.29003847780183,174.78424597546754,4.88371364782303,85.69738020757356,1.6772297542714363,0.04185948,0.009835693,0.04382317556634939,0.12783168369257641,20.502255052322823,0.1640141
2,human2_antalgic7/human2_antalgic7_SkeletonData3.csv,antalgic,7,162.52814163529078,137.98327607726074,177.8985427252717,10.298907311888872,166.0483610896174,146.91634161482267,176.01436842311378,6.926265420755314,87.7039484184026,1.9882753288308443,0.01239743,0.011330654,0.028376954445574733,0.19788980632889866,10.81723983971986,0.39631605
2,human2_antalgic7/human2_antalgic7_SkeletonData4.csv,antalgic,7,165.8316750119445,137.38033646873674,178.1640971330067,10.928426443020525,169.6347173181856,158.16760364738892,179.57171161288,4.187074807781385,86.38636086400734,1.4292840102758866,0.05713976,0.013907376,0.021683572715439737,0.13940193455840474,19.37965269877887,0.121613026
2,human2_antalgic7/human2_antalgic7_SkeletonData5.csv,antalgic,7,162.51498504802458,136.16685344442894,177.60133598618665,10.842779038249763,164.94559424191425,138.26404347341543,177.32953863929157,8.653639071392288,85.20631775998964,1.6913600556715083,0.021387866,0.00972284,0.04277917648924336,0.176474037468071,2.3689873758815736,0.24720001
2,human2_antalgic7/human2_antalgic7_SkeletonData6.csv,antalgic,7,163.84011518923757,136.4260545367024,179.4386481765539,11.984220428187673,169.80280982172278,72.13360935555271,177.48582249136314,8.774023587950081,84.92369043148992,1.5549597527696828,0.054738045,0.010391233,0.02801710725387375,0.5487286778981543,62.33961949595893,0.21883011
2,human2_lurch15/human2_lurch15_SkeletonData1.csv,lurch,15,165.79486850431942,141.00672229124655,176.10459816258452,8.869817874333272,169.85456000322515,146.88457123738843,178.8207151567714,6.3809492199292075,96.23971882171182,6.199748348245113,-0.044884935,0.015798729,0.03801165279708552,0.17455014189484938,3.161731951955005,0.19118762
2,human2_lurch15/human2_lurch15_SkeletonData2.csv,lurch,15,166.4939171182418,136.84814771296166,179.16653105689736,10.774234928794769,164.7331554126704,138.7051093568285,176.31875706614957,7.388323115318577,97.84502553459772,6.825309011502413,0.015061642,0.022191104,0.029478468927804466,0.1576266885438641,4.704735634614622,0.66102195
2,human2_lurch15/human2_lurch15_SkeletonData3.csv,lurch,15,167.67679389492733,141.77710153515036,178.1722390510988,8.158560600115445,168.94824569460377,142.3220443629868,179.03221454344313,7.997544382650051,97.96989060427842,6.400685266166436,-0.04633021,0.012643189,0.03836580134945484,0.13798190681592232,0.31503266450789624,0.53263783
2,human2_lurch15/human2_lurch15_SkeletonData4.csv,lurch,15,161.68006839279928,90.88492310990966,179.61275980186693,17.339745446872165,165.0539001503219,135.68786667583205,176.86844763330785,8.330731960625386,98.29784498270467,7.633690630905408,0.017557101,0.02141727,0.0385236606313675,0.16359226368100357,47.54725573448147,0.27381206
2,human2_lurch15/human2_lurch15_SkeletonData5.csv,lurch,15,167.7525893694204,142.0758423160068,177.0457085600495,8.661152703176473,170.85655749786994,148.76273260923938,178.05916317406647,6.452479641035524,95.42494304857307,6.274103708988542,-0.030347977,0.011276182,0.04955660852248866,0.13202357672716714,5.673435679215601,0.12926006
2,human2_lurch15/human2_lurch15_SkeletonData6.csv,lurch,15,165.60779809127743,141.8086883770581,178.2100266924513,8.865291129751531,165.39016377826056,147.5238189518434,174.58802881839102,6.141633127454561,97.35334327360033,6.811935904061604,0.011959702,0.015334936,0.026835284082651407,0.22139576937596858,9.337128448845561,0.5071039
2,human2_lurch16/human2_lurch16_SkeletonData1.csv,lurch,16,166.62272668038332,141.61721942301537,174.60096990453044,8.149525402069488,169.40754126306737,143.19180515478948,178.74725738675355,7.487240585401345,97.21651660279831,5.688289523043199,-0.044362217,0.014467192,0.04360260770593595,0.1608892346548128,2.5717017504489945,0.647856
2,human2_lurch16/human2_lurch16_SkeletonData2.csv,lurch,16,165.94241339441982,139.55599062560466,179.7469256382353,9.794482049771059,164.66795112763825,140.32198886445738,177.4517741998726,8.475359548203159,97.85330948737408,6.715834729718518,0.01810849,0.019679781,0.030871132995936267,0.1635107681521133,3.061149677215411,0.450377
2,human2_lurch16/human2_lurch16_SkeletonData3.csv,lurch,16,167.94881540465454,141.56958150512193,178.13836591822422,8.205214122805218,169.48613305570487,147.89736634978843,177.61072456385196,5.874466466009122,96.62383959365432,5.796344096772521,-0.044158638,0.014671137,0.03565829703479682,0.1495525829652562,6.85542619903876,0.2942741
2,human2_lurch16/human2_lurch16_SkeletonData4.csv,lurch,16,165.42111439910354,85.58778239529315,179.46943978870866,16.39459090838612,166.56857309502286,146.53721271349275,178.35025726840988,6.57911326505774,96.9813225085636,6.836981637014886,0.014319126,0.023308702,0.0384928888475806,0.1856040421775099,62.06861283849838,0.03753996
2,human2_lurch16/human2_lurch16_SkeletonData5.csv,lurch,16,169.83083533225346,145.94459529741826,177.1147098223162,7.751214667866743,169.55366041028762,145.54532497488785,176.5152095003073,6.272819126799416,95.95826776092053,5.851817507925006,-0.031028485,0.009624283,0.04348190829351738,0.14079307092155754,0.20022999947849485,0.74879
2,human2_lurch16/human2_lurch16_SkeletonData6.csv,lurch,16,163.62730166909446,141.96605694960803,179.73343614078428,9.430289028048893,165.15499459264828,143.30642022447066,174.55510538365215,6.5926640309553735,97.830566089674,6.49379270691409,0.011892135,0.013443625,0.031245780310050944,0.22684103230431746,6.518694031994755,0.290066
2,human2_lurch17/human2_lurch17_SkeletonData1.csv,lurch,17,165.3293848170877,143.01863194366712,174.80580847861626,8.395133690261876,171.83114321707677,156.66558974106442,179.41692132007591,4.70781348631043,95.11815765377023,5.659901379975573,-0.035796877,0.014013454,0.04157277127795671,0.15586635328614232,9.035844955937648,0.27615142
2,human2_lurch17/human2_lurch17_SkeletonData2.csv,lurch,17,162.90834628854384,141.59305765881052,179.0103615221955,11.033652097912524,166.08829315927179,148.66441705002705,175.11003819889916,4.1663092105491355,96.21985481839228,6.423613664308081,0.009266059,0.014642572,0.023853137743688052,0.11710624939919381,10.971682714512866,0.23386955
2,human2_lurch17/human2_lurch17_SkeletonData3.csv,lurch,17,167.69537788762094,141.25536529561947,176.6562016466003,8.025453181407311,171.09427765634425,132.68135957119244,177.68927247060185,6.55318405311255,96.93132621638624,5.690861813056714,-0.035294853,0.0147874,0.033614777982972924,0.15151238691979205,9.60707654842858,0.734143
2,human2_lurch17/human2_lurch17_SkeletonData4.csv,lurch,17,165.16749909131997,106.44770930447088,178.70029546832146,11.479487246069953,168.26190446655733,142.9492093085509,176.06120770776764,5.709486628846888,97.28073171323486,6.285053721431479,0.022465426,0.015639992,0.02580220884229585,0.14805242588874132,39.14058776463385,0.8791249
2,human2_lurch17/human2_lurch17_SkeletonData5.csv,lurch,17,168.9095624194128,94.53241640471822,177.64977260223546,9.493980857836513,172.61175814656855,158.23946908660434,178.012551978164,3.4750828225033494,94.95990937799596,5.756249619684407,-0.026987169,0.011271891,0.04170357381222339,0.12352662033196192,63.344273305957586,0.4085002
2,human2_lurch18/human2_lurch18_SkeletonData1.csv,lurch,18,167.4746705420499,141.7600551597831,177.38645948687667,8.393256414441666,171.7391613285424,152.79954879372252,178.57902217937377,4.622695966620105,96.37530705697891,5.700798448961549,-0.03891942,0.012680394,0.042055105743463606,0.15115539660294616,9.846930941442338,0.28699505
2,human2_lurch18/human2_lurch18_SkeletonData2.csv,lurch,18,166.44720310064017,138.7929946364524,179.4581762149236,8.887232910287159,164.4293252447104,153.30912001392448,176.30849452688264,4.739020515520878,97.4156988519975,5.921559527331393,0.011127379,0.017466262,0.024751434007892526,0.1887735802975259,17.665807065513064,0.20578504
2,human2_lurch18/human2_lurch18_SkeletonData3.csv,lurch,18,167.9969616415136,101.25260399579253,176.68021446607062,9.443412497293608,170.24704025034012,154.4394476951993,178.8017968329076,5.17621677192736,96.03552285899721,5.798685605597721,-0.0408655,0.01866169,0.04243805754558335,0.26273798965964656,51.065261332569804,0.12710786
2,human2_lurch18/human2_lurch18_SkeletonData4.csv,lurch,18,162.4246386373917,78.1277813554568,179.71942204210592,19.215299490130654,164.94587014191305,114.04053126057353,176.83997335970662,10.124921343367644,96.74225761318196,6.164824852284556,0.01648701,0.018976571,0.03261086395365042,0.19222793820673428,38.792198587516026,0.30945897
2,human2_lurch18/human2_lurch18_SkeletonData5.csv,lurch,18,170.27634538463343,146.93302483707023,177.78048444735998,7.049163747635653,171.29104967438985,154.09920012749237,178.12703728096486,4.502775501862185,94.75559363384546,5.592921837150928,-0.030297974,0.011247892,0.05182697309125957,0.1463383204354448,6.819622456817257,0.30982995
2,human2_lurch18/human2_lurch18_SkeletonData6.csv,lurch,18,164.71051049126288,127.48383279086435,179.85046173017494,10.7145327405283,166.20159215266605,126.63040304113976,176.7632600667767,7.954643498427392,95.69594014247686,5.748015098400186,0.016145097,0.015389979,0.023320095627691644,0.21686550602106763,2.2337719136736496,0.3009498
2,human2_lurch3/human2_lurch3_SkeletonData1.csv,lurch,3,167.95301313410675,144.00120736892046,178.16009590850877,8.136505717719265,170.43374435595305,153.3347461881435,179.777288220165,5.109867170590459,97.12891365607707,8.242236107755499,-0.052939963,0.011823615,0.03890623011670377,0.13834579077213272,7.716346507566811,0.35991025
2,human2_lurch3/human2_lurch3_SkeletonData2.csv,lurch,3,163.21015186351752,127.58024195006314,179.68474689175864,14.329592817014193,164.47137091005703,142.68426744154047,174.05557556452553,7.347210792387517,97.28764389782715,8.2198753826712,0.0026344415,0.017331045,0.020063941780658123,0.13860844287941843,20.73319681871044,0.30814505
2,human2_lurch3/human2_lurch3_SkeletonData3.csv,lurch,3,169.0012250744079,142.34546719812775,178.31766510474566,7.196335163910191,170.98798354325763,130.6153783773678,177.74901868785037,5.530463781661467,98.89178737108902,7.8467499284417075,-0.048155278,0.014755513,0.037314040881329134,0.1377667373549212,11.161442403864669,0.6978142
2,human2_lurch3/human2_lurch3_SkeletonData4.csv,lurch,3,165.81611576843162,141.36175255518535,179.54253113890553,9.200131773290762,167.81803904053072,146.7633031278989,176.7547182821276,5.989466389386556,99.19112330082466,8.380329035759948,0.012471329,0.023591569,0.024492458402143882,0.17646973386840073,8.189363429491465,0.79073024
2,human2_lurch3/human2_lurch3_SkeletonData5.csv,lurch,3,169.10736590819386,139.64829566931826,178.19047982521437,7.962245544315124,171.40426235107225,155.56163562755805,176.66535527234433,3.8016261870094574,95.71523653102467,7.313303807261114,-0.038306843,0.011407116,0.03528472490476854,0.1313110249768177,17.438464511109828,0.16764998
2,human2_lurch4/human2_lurch4_SkeletonData1.csv,lurch,4,166.15087286774758,140.96788667237462,175.1733974561375,8.501522661774318,170.77440194519227,145.67283370234588,179.3133426568545,7.212815558256583,98.07611472900021,7.786540322569504,-0.04697716,0.021257583,0.04433442711708496,0.16520572557629384,0.5650018292542711,0.11565304
2,human2_lurch4/human2_lurch4_SkeletonData2.csv,lurch,4,163.33107583028976,130.30840547941492,179.02567614819796,9.635242709313708,165.56042755099222,142.94790751837584,175.91572100786505,6.914794497445931,98.79860370507873,8.806120450067015,0.00868976,0.024977362,0.024873110887884926,0.15296911595848317,15.749457179293842,0.3293159
2,human2_lurch4/human2_lurch4_SkeletonData3.csv,lurch,4,168.36370880119182,144.24112452481245,178.29773085371372,8.306384228433773,169.4992209414189,141.69016835601698,177.73751070530312,7.131587695228619,98.60224665688449,7.189418642889893,-0.04918928,0.015283834,0.043298166644439924,0.14673489464449077,1.9907360203848725,0.155236
2,human2_lurch4/human2_lurch4_SkeletonData4.csv,lurch,4,164.16841138479433,108.1944101167976,179.40589912910033,10.64058116430792,164.9593851217793,61.95475318404502,176.8366874375407,13.180083896263545,98.36598793326596,7.724892245813641,0.014534702,0.025695307,0.03430938403131875,0.15069148587235487,43.67044524119294,0.077662945
2,human2_lurch4/human2_lurch4_SkeletonData5.csv,lurch,4,168.90468628562766,139.559298169753,177.92127673879833,8.734034831103099,170.13985501217715,139.15375457395953,177.2825513655029,6.5786965430193165,97.07098047665863,7.007538571620968,-0.03684955,0.010636102,0.046388560635157665,0.13957126314549045,0.23318177750195446,0.22919989
2,human2_lurch4/human2_lurch4_SkeletonData6.csv,lurch,4,159.740183619981,76.02022950973253,178.1830010537001,23.47930879369192,166.32121860568398,147.93321446557948,176.4624198707703,5.050094281949435,98.46972011706566,7.702619978359284,0.008597398,0.016589807,0.033797140428364944,0.15237867331735255,73.63356613877676,0.38883996
2,human2_lurch7/human2_lurch7_SkeletonData1.csv,lurch,7,166.3997570159577,141.42954565021952,174.92845019844515,8.812709493125505,168.99988150796585,141.40721958119067,178.7708762925286,9.100070756530751,99.4198933945809,6.897602327765346,-0.045979157,0.01889193,0.06312311406180347,0.20923644267149466,3.864752163112314,0.17793512
2,human2_lurch7/human2_lurch7_SkeletonData2.csv,lurch,7,166.23340814896832,138.97252728342656,178.4371562371862,9.43732680308719,162.26280220781322,134.6792935805346,177.2311627167397,9.987372158853018,100.64191406543891,7.534997337513967,0.006629302,0.026632592,0.03351937494319004,0.17499920487920287,3.08724018244547,1.074543
2,human2_lurch7/human2_lurch7_SkeletonData3.csv,lurch,7,166.8275279762913,142.51681678186665,178.5125543499733,8.942876256160465,169.95800548229923,145.96652306326396,179.51006641232775,6.240408100944416,98.15693857975648,6.6005483321102245,-0.043080468,0.011172435,0.043522024915373866,0.1516395312175324,2.452194219042866,0.42976427
2,human2_lurch7/human2_lurch7_SkeletonData4.csv,lurch,7,163.34735529764032,130.95021124844445,179.4017923664746,11.719854372964392,165.00060661375772,141.7889388800496,177.05800456707436,6.783831850225915,98.22999863725438,7.274180171554907,0.011512641,0.017170947,0.04184229325655592,0.13251564086329776,13.182515431005413,0.31537104
2,human2_lurch7/human2_lurch7_SkeletonData5.csv,lurch,7,168.42583914095061,142.24012535981387,178.85954794870372,8.998672424291302,170.04634881133038,146.08963781261403,179.73817263812816,7.476440681776581,96.53869343872863,6.111919241092572,-0.028921803,0.008669962,0.04396537103352675,0.13739110682937478,2.970887763375714,0.023699999
2,human2_lurch7/human2_lurch7_SkeletonData6.csv,lurch,7,169.04767392861814,142.86102953140556,179.72496526755975,7.969983050711184,166.27761008130082,143.66401552613874,175.52081797252256,5.7331424683011445,97.82502241231455,6.732188852114396,0.005785739,0.010027195,0.037551628680126806,0.14073473878657855,5.0071332897703655,0.019219875
2,human2_lurch8/human2_lurch8_SkeletonData1.csv,lurch,8,165.12247340458094,142.8316450441676,174.42019003748223,8.22017543514574,168.9747975003223,144.83017306728897,178.77287284377596,7.682763582204173,94.98645662722099,5.929945666832529,-0.026258025,0.013670623,0.04032216275030889,0.16181131411621424,2.354154783172362,0.34905362
2,human2_lurch8/human2_lurch8_SkeletonData2.csv,lurch,8,166.71904756136522,142.8759567277173,179.91925761583053,10.330505422469592,165.01832749752901,138.95229287515892,175.07790833765813,7.426490604718389,95.83652590919668,6.602224781166008,0.012070578,0.019788401,0.027772009324996443,0.12753206862523833,0.9176854256140246,0.067533016
2,human2_lurch8/human2_lurch8_SkeletonData3.csv,lurch,8,167.14749842415057,142.8634042597368,179.3385972697464,8.36440878049438,170.79440120822164,139.57862375806351,178.63865142899556,6.389502895841748,97.40280193380708,6.951757351993969,-0.042917565,0.015773792,0.037304295735998014,0.14417378877388626,2.5848346609224393,0.6575701
2,human2_lurch8/human2_lurch8_SkeletonData5.csv,lurch,8,167.4643676613108,141.65330450330038,177.90380325555293,8.940655333108587,172.29232075642298,158.07115000269283,177.67499858435906,3.8393943055529647,95.81811871678138,6.743730001310322,-0.02608886,0.008392373,0.03974504564306508,0.12113398266266583,16.646650170586327,0.09467006
2,human2_lurch8/human2_lurch8_SkeletonData6.csv,lurch,8,166.13591190313824,119.52420981367707,178.19147676110347,10.622905398883272,168.19005683936587,142.5283172538833,174.70857132330136,4.142378062453023,96.52716723296378,6.898732537887331,0.01090466,0.011780343,0.03175377757994363,0.12302593043756561,26.487012878008343,0.3083899
2,human2_normal1/human2_normal1_SkeletonData1.csv,normal,1,159.5017445855292,126.41368681266412,177.72497373353752,15.540642484505744,162.8147936758474,127.08804801738705,179.27084109856582,13.644943480298549,89.87023880012232,2.517426653426525,-0.02936225,0.020232255,0.03417923978262799,0.313567821163648,0.8715061603053726,0.50058746
2,human2_normal1/human2_normal1_SkeletonData2.csv,normal,1,159.81952301555216,123.01051976365952,177.8916220139422,15.142116565495801,158.31997845781896,130.4797345968871,175.0485890771019,14.715695180702506,90.91560586368627,2.340991084117252,0.020238323,0.013175414,0.02752321637438931,0.2440523975102077,10.312247770067899,0.25665283
2,human2_normal1/human2_normal1_SkeletonData3.csv,normal,1,162.40876848249002,127.42749891001658,178.36339860862276,14.130439034242956,162.59783751592082,123.76402566936721,176.9765530240104,12.707892815539637,93.05019398440191,1.8708745719646187,-0.024407525,0.018024426,0.03944799555603813,0.25207049312122853,2.2766276560370073,0.7014284
2,human2_normal1/human2_normal1_SkeletonData4.csv,normal,1,163.95106424495552,131.75975189964788,179.31067089391524,13.59715704511578,159.43949447517105,124.28520802012112,175.2181078312869,14.11631681384822,92.47721813891711,2.0111860412538816,0.02488958,0.0216125,0.04349039586581928,0.24839981214152212,3.3819808168984054,0.43449402
2,human2_normal1/human2_normal1_SkeletonData5.csv,normal,1,158.72426403690258,128.12283880516773,176.88356697263063,15.33088332773973,166.0592471948936,134.38998081125388,176.74911672175116,11.298426202467104,91.12701003507935,1.709634448516148,-0.00917584,0.015465547,0.04344810806315999,0.23083358630509607,6.401592256965614,0.041919947
2,human2_normal10/human2_normal10_SkeletonData1.csv,normal,10,158.98818641427795,124.74919113350268,178.04460631747125,15.889834131250664,162.45680403125405,130.05699311634527,179.53846585823268,14.474722709522956,89.26420644035021,1.7932324127298118,-0.017155109,0.01746104,0.03175675828185163,0.2866749794562318,3.8139424420811565,0.19415331
2,human2_normal10/human2_normal10_SkeletonData2.csv,normal,10,158.82580236090587,129.87853622787614,178.28880852032444,15.397200367029948,156.119110058628,127.46292493900093,171.55673245312366,14.347007848650394,89.56174449484676,1.830364941179152,0.012632938,0.016689768,0.02486569201551632,0.2248674980499893,4.316464778325567,0.098948
2,human2_normal10/human2_normal10_SkeletonData3.csv,normal,10,160.7646641946567,123.7738663428068,176.19078808021982,14.809461388049291,155.35274146041405,125.66374842235403,177.36841388203058,15.11100656362219,92.5726981934024,1.9247697816394342,-0.030117238,0.018881736,0.022856056672789015,0.23802659695770506,0.712256277736472,0.36326504
2,human2_normal10/human2_normal10_SkeletonData4.csv,normal,10,160.55398995182043,130.577056311905,177.7227860514307,15.219884052468387,158.10724928943338,126.09003413475585,174.60906331402123,14.005357098697614,92.04076907503705,1.84337688173328,0.019591196,0.014835617,0.01896705886179107,0.2345688006050816,1.3732994397396965,0.123471975
2,human2_normal10/human2_normal10_SkeletonData5.csv,normal,10,160.2491450458386,126.44743703741817,178.1045581823048,15.363221303669768,160.39119760204164,133.74011063155908,177.09211679907804,13.20390216180583,91.01499615522987,1.3305883914300751,-0.018083204,0.01268602,0.031191685403019268,0.23247981993152037,8.305114977367666,0.33899975
2,human2_normal10/human2_normal10_SkeletonData6.csv,normal,10,159.10865907816245,113.78346429359135,178.02924100696532,16.074428354680506,160.81742122718722,128.25138308907222,173.97396391502875,13.779655914590041,92.02574240244216,1.340456808528947,0.020011906,0.012192556,0.020441190349562738,0.2337367036659255,18.523195887417444,0.011170149
2,human2_normal13/human2_normal13_SkeletonData1.csv,normal,13,158.96487951897856,129.35175391262374,174.20486843317434,13.810189115637042,160.82498989505217,121.5487501401435,175.48517785230993,14.70874495045372,91.16580783520335,2.187302875013414,-0.016700095,0.017666863,0.028257824158898097,0.2830561293887812,9.08331319161583,0.35724807
2,human2_normal13/human2_normal13_SkeletonData2.csv,normal,13,162.72980290795496,125.21517108933999,178.39891836729763,15.280216302220913,157.69544250189153,130.6452738082842,173.1291595594019,13.347859623348736,91.7945113506625,2.3041069969029904,0.021565959,0.01836032,0.020354445585786418,0.2109795454063171,10.699861526839939,0.24393201
2,human2_normal13/human2_normal13_SkeletonData3.csv,normal,13,161.7395033939645,128.24672844464197,177.74275701036618,14.03250034876415,162.09398389087752,127.83130775116258,179.36488622472217,12.711552733221263,93.67157988961601,1.5650485111377683,-0.03458991,0.017355083,0.02139252315075509,0.24721169442138763,2.037549907835384,0.78290105
2,human2_normal13/human2_normal13_SkeletonData4.csv,normal,13,161.7659973566304,124.18773838399618,177.63085776007276,14.398015379654428,156.84059315585006,128.89459170550305,175.07992713405667,14.725432212232937,93.29730575808442,1.6500417049371683,0.020391922,0.020242196,0.018918668247866612,0.2727949532169937,7.257783947522952,1.040796
2,human2_normal13/human2_normal13_SkeletonData5.csv,normal,13,160.48208965812714,129.28633698796904,178.83341463419777,14.746260303068722,160.16419953521367,129.58883726214847,175.78783566709762,13.574120831672236,91.55211308310182,1.310528017397253,-0.01931431,0.011030963,0.027496143712050038,0.243192268767766,3.348079241279578,0.095449924
2,human2_normal13/human2_normal13_SkeletonData6.csv,normal,13,160.9137280268465,124.18626797744687,177.87684906268328,14.722972883720288,159.97194902238323,130.87391377337326,174.0013834785147,13.551315765712491,92.2717546785204,1.4457852771414488,0.021345828,0.015654124,0.022241789584147326,0.29170682116713187,10.563111380094966,0.31479502
2,human2_normal16/human2_normal16_SkeletonData1.csv,normal,16,158.84996611548735,127.81839278849215,175.8522488665354,15.12984974043029,162.33454413766069,128.52206474011976,176.64018242863142,12.707722023836507,90.31933397052649,1.64514838047839,-0.023540078,0.012781567,0.024688906669277914,0.27522950777217486,0.08426161046840264,0.17559695
2,human2_normal16/human2_normal16_SkeletonData2.csv,normal,16,159.77503586218018,124.10347469563129,176.2340042351777,14.397826941992733,156.56470844132963,127.93530886553474,174.9587566930827,13.125390652424848,90.49545501065668,1.6218227939280179,0.007092679,0.016254276,0.0331865395518547,0.23540087281538588,5.107081711998447,0.13099122
2,human2_normal16/human2_normal16_SkeletonData3.csv,normal,16,160.15501686479936,127.56468496005905,177.72029064075568,14.288626508770802,157.60877374755052,133.33154494013058,175.43025010426325,12.885428081605209,92.90296994004527,1.6706182009766994,-0.027556261,0.021076027,0.02775491519384136,0.24285186409871812,8.056900516563957,0.2216351
2,human2_normal16/human2_normal16_SkeletonData5.csv,normal,16,160.9195844841429,129.74042636309284,178.78480683378555,14.68753629705432,155.9594072732649,122.46304699507938,175.49187046801845,14.564708315030261,91.6214879216557,1.5444296315489339,-0.01674424,0.014070694,0.05652153196816222,0.2629182366878165,3.9844430022463513,0.38415003
2,human2_normal16/human2_normal16_SkeletonData6.csv,normal,16,162.6774759082372,126.75855087722692,178.59126998983177,14.182130540160665,159.11111899182487,128.2625696239892,176.93902263053636,14.413851849847001,92.37050296996534,1.3754484468743169,0.020976622,0.012238329,0.023163024891867823,0.25179207547776433,3.1562661060577,0.10957003
2,human2_normal2/human2_normal2_SkeletonData1.csv,normal,2,159.4660898439954,128.10229790714754,175.86161696531832,13.868976414498512,162.51248703851493,125.6833975612949,176.84976906407326,14.23049731120942,89.49582774256105,2.027871010272597,-0.016974889,0.014034848,0.026651392447740303,0.23887452549040425,3.4070524446075865,0.65056396
2,human2_normal2/human2_normal2_SkeletonData2.csv,normal,2,161.51710817916396,131.50889610182588,179.89443019835156,13.976902381223155,157.90312330017045,126.52256948882838,172.9486146946226,14.824552022313382,90.14110840804878,1.2141455296036892,0.017779656,0.019603698,0.029858767165245166,0.2211383395782128,1.959488890731464,0.14292502
2,human2_normal2/human2_normal2_SkeletonData3.csv,normal,2,161.6508429173295,126.87357723136873,179.07842001475424,14.428375014627084,159.5616966936398,127.60734886161755,178.94383010299725,14.943694911823156,91.95056012088091,2.021905673831821,-0.029524338,0.018154519,0.02372702493211714,0.24063173126705995,0.8683615420058146,0.7217598
2,human2_normal2/human2_normal2_SkeletonData4.csv,normal,2,162.2768972258261,131.21409465339528,178.9810257297642,13.873966842549354,156.6113265834851,127.2741063989988,174.54180337609222,15.66617170215886,91.71979309482718,1.7367132620582353,0.023465669,0.020318609,0.026886892611909307,0.2546487304343809,0.49923409927551177,0.9546268
2,human2_normal2/human2_normal2_SkeletonData5.csv,normal,2,157.84466627409157,108.91562786725017,177.9829810841285,17.224980043559178,162.84690239624584,131.66266066480352,179.08466615919758,13.457109084094451,91.65004523904307,1.7369810987155105,-0.017806936,0.013917211,0.0569926777265362,0.2489821697031703,21.64534772248429,0.41899014
2,human2_normal2/human2_normal2_SkeletonData6.csv,normal,2,160.09331294808337,131.29988536657822,177.22706846884518,14.328337755856579,161.42885318271854,131.8477572758306,173.09944720086366,13.277441105457378,92.45016376312364,1.9909783796464227,0.017973574,0.015292384,0.029272802519070544,0.25254582674841175,4.675493177233875,0.14109015
2,human2_normal20/human2_normal20_SkeletonData1.csv,normal,20,157.97680348518622,125.56858854606234,175.4857353370538,15.04042761875236,160.39904996440362,128.9511720602423,176.7635694573487,13.1753868277315,89.79801242483197,1.7983003428453834,-0.0091710435,0.018048463,0.03368589509209103,0.30848189735281967,2.104749393885058,0.31054473
2,human2_normal20/human2_normal20_SkeletonData2.csv,normal,20,160.20484322520707,131.87954695861086,178.71030715261145,14.809126637013632,156.89416464353877,124.5091818888298,171.9133702233893,14.935849209572222,90.22550677121362,1.4100257733645256,0.025818883,0.017912023,0.018695068253613178,0.22850260363173955,0.5734281405589172,0.23007226
2,human2_normal20/human2_normal20_SkeletonData3.csv,normal,20,159.59696976585397,127.90593930237928,175.4197442372824,14.502429942835708,158.90520585730897,133.8128017708448,178.60930153215705,12.386849087867907,92.51922410595498,2.1187433194370247,-0.030021153,0.021742404,0.026633260527999608,0.23096482577087926,2.717305173590873,0.17894197
2,human2_normal20/human2_normal20_SkeletonData4.csv,normal,20,160.13261815943054,126.7684546484376,177.27102193193596,15.485574832532995,159.6926036056068,130.2925105234066,175.0083573814843,13.016859743153697,92.12556412901601,2.1324310872847745,0.023208031,0.012634147,0.023687042462817883,0.2746593063821397,5.786720425420668,0.30363202
2,human2_normal20/human2_normal20_SkeletonData5.csv,normal,20,160.40797472999554,129.93156910910852,179.10419076571264,14.64249288177528,157.84969768909434,129.48687073097648,176.35166689786465,13.797142069123053,91.29050991156167,1.3374547398977772,-0.022023832,0.015032457,0.040916156315564146,0.2477618713090097,2.3078254897159525,0.34290004
2,human2_normal20/human2_normal20_SkeletonData6.csv,normal,20,159.90865610875397,119.15047743646116,177.04118840571846,15.804957975400498,159.43109229083876,127.9647472038933,176.4115667713192,14.111802111672858,92.13031922958378,1.6355101109130348,0.018019281,0.017283363,0.022518510299552028,0.34508027448244316,9.443891401831394,0.19803
2,human2_normal5/human2_normal5_SkeletonData1.csv,normal,5,158.52852717007528,127.09501255208336,175.35748699106665,15.084967601288827,153.6154364764833,107.57809221354613,176.6680924430064,17.371958331099474,88.92757057388255,1.715241020892921,-0.028470177,0.016820285,0.025085012769621693,0.2828429317002112,20.827525790476983,0.2510128
2,human2_normal5/human2_normal5_SkeletonData2.csv,normal,5,159.71375538396637,126.82064348952407,178.25787409821888,13.859085217492952,155.41941299005214,121.7884639629536,170.5763540969364,14.940102166820765,88.82081548747148,1.769517450231096,0.008085562,0.011808416,0.026942733132148983,0.2610127342094866,2.6493404747120053,0.24745464
2,human2_normal5/human2_normal5_SkeletonData3.csv,normal,5,159.5548883493892,127.7435919339122,176.62857504243365,14.623347150303072,159.71687769123045,135.93857921853885,174.8249760842516,11.998857657260674,91.51842493955695,1.895900957762297,-0.028172787,0.017199934,0.03154320068713146,0.26210306999691935,9.998586242808699,0.41507792
2,human2_normal5/human2_normal5_SkeletonData4.csv,normal,5,159.14669860359882,124.06351092728605,177.12266541102787,15.485298624974382,158.5632870563559,130.47297279646295,174.67055577802074,12.916829553731203,91.14630618206938,1.8187917977155899,0.021966124,0.0140862,0.03876913761335963,0.3117566718419418,8.861571502184034,0.38257408
2,human2_normal5/human2_normal5_SkeletonData5.csv,normal,5,158.9951612310769,129.2868648508615,173.81770296674728,14.444450132215787,158.246777905029,123.8839148014817,175.71026742966367,13.024784814663446,90.54156790927287,1.7226947650971383,-0.016365405,0.011785874,0.05605208797238516,0.2780333195041336,7.295514512296194,0.33139372
2,human2_normal5/human2_normal5_SkeletonData6.csv,normal,5,162.75231547060082,127.82035573302171,178.8539232553114,13.619365253757008,159.12147800837877,127.9890270291989,174.14492528805923,13.292756860224841,91.30841999127584,1.2928671566458558,0.018977854,0.01146124,0.024257260063999756,0.27933453556789517,4.877669263429354,0.37397623
2,human2_normal6/human2_normal6_SkeletonData1.csv,normal,6,158.11773946694112,124.36920369572387,176.74805298345555,16.566902848643213,161.9492853620256,131.69880703320058,177.2667541753505,13.797310595219665,88.54812422495533,2.4665276452268508,-0.02599369,0.020731451,0.03454612855273042,0.3263573120106247,6.81090214558175,0.49172187
2,human2_normal6/human2_normal6_SkeletonData2.csv,normal,6,161.09778743152995,131.30299831018925,177.90576879315094,14.07111398959606,156.64219825125775,126.19467142658519,172.9313235031944,14.847597429362503,89.1210660670009,1.878190106990988,0.017143598,0.013957972,0.030068953635745604,0.2482016639518073,0.13388159364751573,0.2738204
2,human2_normal6/human2_normal6_SkeletonData3.csv,normal,6,159.74250544789356,127.30695755867855,175.66316827572643,14.786735415399807,157.6725111881832,132.13015124748907,175.35909258290107,13.304067313256066,92.42736480219484,1.9488529259303915,-0.028040588,0.015833272,0.03406548314318806,0.23643830129557028,5.127269381635884,0.20243883
2,human2_normal6/human2_normal6_SkeletonData5.csv,normal,6,160.71138233897165,132.14958980978534,176.5788593024333,13.999431031862613,158.21216524386418,129.5621025026039,176.1246517468305,14.045537414480558,91.00674445371666,1.3188961596024784,-0.0129819475,0.0121395355,0.044972879123370904,0.24700483696195327,2.133279751578641,0.32601
2,human2_normal6/human2_normal6_SkeletonData6.csv,normal,6,156.11847174935667,110.2461458232771,178.42742626704725,19.799745984391485,158.7907934047258,114.62209019686858,176.84345039178763,15.497253817165282,91.82242410920641,1.2600249452188272,0.025001757,0.014069551,0.028602685422209735,0.5573824986256488,5.959920248851105,0.23495007
2,human2_steppage11/human2_steppage11_SkeletonData1.csv,steppage,11,164.90606400032087,137.31673640852142,174.99354476790705,8.943808059922013,156.85003207346114,115.9589373523391,175.81727720004156,19.000996840913164,90.20618707085812,1.6219762129857433,-0.014928542,0.014698157,0.027090863670537674,0.12773340846535508,22.18153148831682,0.6606381
2,human2_steppage11/human2_steppage11_SkeletonData2.csv,steppage,11,165.38551743152684,138.20169574436974,178.5708036743704,9.952471418349498,150.53995222670335,117.53186723368496,171.17140889802275,17.42737273693803,90.73468117843022,1.817633395421887,0.0145561,0.010429953,0.02483509117753416,0.1455941267632128,13.270433734337118,0.09915185
2,human2_steppage11/human2_steppage11_SkeletonData3.csv,steppage,11,165.572482906079,139.1362595464306,177.990101236844,10.403231066096717,156.1292558304768,114.58755684159112,177.81562953944274,19.186037590708604,90.80969064281867,1.4053304041588284,-0.026868267,0.013731416,0.018216955106239486,0.12366073538865789,24.374231007438226,0.1500318
2,human2_steppage11/human2_steppage11_SkeletonData4.csv,steppage,11,166.96673831514244,140.31763748047976,179.78511708139436,9.395768537987882,152.06491707280458,113.2641615560562,174.16773537190417,18.05230146541073,90.75475407576428,1.5642663905565513,0.027952692,0.014408659,0.02930506684644981,0.19070646052431076,21.436094214933377,0.037372112
2,human2_steppage11/human2_steppage11_SkeletonData5.csv,steppage,11,166.06349858334102,138.7534859062708,176.9802941267587,10.063178701347592,157.35031081070326,119.22603826369617,177.1769899195647,18.55657108983743,88.05133574579956,1.3460891960105246,-0.016572056,0.0098423455,0.03765401936899998,0.12003224429318878,19.72414343538064,0.026220083
2,human2_steppage11/human2_steppage11_SkeletonData6.csv,steppage,11,167.2939874762935,137.16735538897163,179.67013132497993,9.550015038747198,153.2166851398836,113.81422318797414,174.57990950567157,18.176289958030132,88.82802574132972,1.2839479473385542,0.02484701,0.014006767,0.01562071020035114,0.13761481830797428,18.262910381689125,0.18891025
2,human2_steppage12/human2_steppage12_SkeletonData1.csv,steppage,12,164.79094648634276,139.3930416167808,176.4299868409142,9.963521677990153,154.32439687187446,106.67134888329207,177.96641913750508,22.79868461352779,90.62300093163239,1.4003451771213213,-0.023912929,0.017091598,0.03753075712213489,0.1448255231953823,34.25812503007961,0.23220205
2,human2_steppage12/human2_steppage12_SkeletonData2.csv,steppage,12,167.4027124328222,140.47417538014207,179.68350640399296,10.200687711282646,151.24851450653907,113.03195538363613,172.7600531338358,19.019924269157467,91.02119596982463,1.588513239264966,0.019151617,0.014439263,0.015206055656978502,0.13567583224133054,20.518766726348787,0.4447533
2,human2_steppage12/human2_steppage12_SkeletonData3.csv,steppage,12,166.84080720745345,140.41072182038326,178.68497003016793,9.18255747845442,153.1736839919023,106.6114518025871,177.41404580371952,22.382288823163677,93.31229867368869,1.7649640016646035,-0.028122354,0.013626637,0.028639071336754564,0.14029086269245294,32.528345791347746,0.67862296
2,human2_steppage12/human2_steppage12_SkeletonData4.csv,steppage,12,166.9247673426584,138.63729545354064,178.93635501187111,8.597283972979385,149.5219620912289,109.99608030904126,175.7065807480035,20.79548407307058,93.48285608810545,1.9502944284155397,0.02257421,0.014144114,0.023879184136955563,0.17260183844214005,25.41144088063176,0.67051125
2,human2_steppage12/human2_steppage12_SkeletonData5.csv,steppage,12,165.83433242036472,140.20818774413272,177.19660036114112,10.689037622171423,155.47735153554032,109.44955378152348,179.10091758794505,21.901659136839505,90.86052482192719,1.1368925467270161,-0.01990483,0.009334554,0.0463249726734857,0.1522509555304077,32.662951189413164,0.39129996
2,human2_steppage12/human2_steppage12_SkeletonData6.csv,steppage,12,168.14363264905725,138.2780170585856,179.08961910829197,10.256640341066262,150.84047648932489,82.62755033951444,174.9793244429009,22.63293786429321,91.4085100508543,1.5239548160062357,0.012864101,0.016660707,0.022481901573933778,0.3566861208815315,51.54017205368007,0.26948977
2,human2_steppage13/human2_steppage13_SkeletonData1.csv,steppage,13,164.57600955987974,142.68029144976887,174.92850589477771,8.822726583298168,150.12623313410586,99.92113745343875,179.027074066324,26.394657991224907,90.49007950670133,1.382360721633841,-0.008582443,0.014264502,0.029466054813025007,0.15124343578115393,46.8577221678764,0.007139206
2,human2_steppage13/human2_steppage13_SkeletonData2.csv,steppage,13,166.59598732642877,138.58828725093227,179.14179316626172,10.625867671013914,149.7018021496175,110.17704361916464,175.214735766257,19.30237575249985,90.97277218825884,1.7725626376850365,0.00941227,0.009317424,0.025697389230148204,0.13622851630132407,24.48418623176292,0.046508312
2,human2_steppage13/human2_steppage13_SkeletonData3.csv,steppage,13,167.2000353757535,140.84550495931902,176.09467962587894,8.941394484439845,154.33491205215975,104.79249163626224,178.04729869980812,22.584596967464144,92.51185281202548,1.4944312719533914,-0.025070742,0.01702199,0.026898036282765856,0.13042903956822813,38.00563239698596,0.32754087
2,human2_steppage13/human2_steppage13_SkeletonData4.csv,steppage,13,166.2538562986263,137.686471804299,179.07338345965724,9.913981799888717,150.82275084036743,110.51802891576602,176.24458837175362,20.215882521442968,92.4112858274849,2.092836792792473,0.023793606,0.010553315,0.02453023472658423,0.14112298911513904,24.339647800629365,0.8255329
2,human2_steppage13/human2_steppage13_SkeletonData5.csv,steppage,13,168.23283135608276,142.00760726222285,178.17816434076232,8.25271863267565,153.09345402977755,105.61633928897118,178.66206998940868,22.798473101595985,90.30879058179434,1.156661672741465,-0.019834256,0.008889615,0.03721222486153087,0.13082070009744634,36.87517362189803,0.03557992
2,human2_steppage13/human2_steppage13_SkeletonData6.csv,steppage,13,167.9734685538638,140.57968789036812,179.17547749407873,8.151663897193894,151.90621885884931,101.43033532373452,174.22527928217633,21.208760999198425,91.03589868230412,1.5883174937527889,0.016076222,0.011688716,0.02544274208930658,0.2196528894501249,34.19915435473119,0.14215016
2,human2_steppage14/human2_steppage14_SkeletonData1.csv,steppage,14,165.4710228379676,142.44380879322517,174.75072819454243,8.819694793699782,157.90289205670138,111.97846437494613,178.5152738638905,20.143718593463536,91.0595492202791,1.5170867211088512,-0.01903605,0.012362806,0.033857029374453014,0.1681288443437841,34.229890087627126,0.033707857
2,human2_steppage14/human2_steppage14_SkeletonData2.csv,steppage,14,165.66607090559896,138.68776014294062,179.1121668726609,10.314494478471104,150.69077764400535,116.77916893791136,169.21180256755508,18.345974212976337,91.83422141076989,1.6591458588971668,0.014173287,0.009360264,0.018626876947413485,0.1216432113471511,12.008226899923429,0.14450312
2,human2_steppage14/human2_steppage14_SkeletonData3.csv,steppage,14,166.99967016289202,145.5831861721475,175.41844751966784,7.352147284918657,157.6391733227739,116.7840837649726,178.3490700977465,17.671291423374832,91.57365364870867,1.157606617876729,-0.019559987,0.010507161,0.025179240041512927,0.14364460652025582,31.729724985253554,0.4210732
2,human2_steppage14/human2_steppage14_SkeletonData4.csv,steppage,14,167.0734619799536,140.29948138119744,178.54642546714163,9.772568298040879,154.25932605758123,112.25026141741267,175.49602954008478,18.501168941359158,91.37097447050233,1.428982362180573,0.028834872,0.014332211,0.02267186343452211,0.13200996220657182,24.99882403672791,0.32307673
2,human2_steppage14/human2_steppage14_SkeletonData5.csv,steppage,14,166.54465985821187,143.45048814515607,177.32553845377197,8.578505114900928,159.87150442331918,121.83331178559807,178.77023342508423,17.878377474048268,89.86890637949352,1.549479019221689,-0.010952328,0.012066631,0.06301959080023356,0.12595909173959272,23.06187133087026,0.16015983
2,human2_steppage14/human2_steppage14_SkeletonData6.csv,steppage,14,166.49088458689786,130.166500733517,178.94687318404954,10.992491404651432,156.94114656560922,107.02981472894935,176.2663182694508,17.764625719542725,90.4174907318667,1.7593950408275008,0.02637194,0.011799832,0.01715990765732071,0.13051657971983274,20.456131089968935,0.4143901
2,human2_steppage15/human2_steppage15_SkeletonData1.csv,steppage,15,163.63150476641755,139.9719040789732,171.81443516450767,9.015943722048144,155.22846754457126,106.93884506451887,176.81843981625715,20.967315404864134,90.34714003684259,1.8896206691031665,-0.004253705,0.012515225,0.0261650859360075,0.15056973724836492,38.03706366620382,0.48059106
2,human2_steppage15/human2_steppage15_SkeletonData2.csv,steppage,15,166.2710016121045,138.14402757016282,179.18606731344713,10.604041618420922,151.33594000700512,114.88700512426108,170.62165452289378,18.747133035862877,91.02612643087284,1.8216982971623221,0.026985683,0.012193277,0.020534196058923853,0.13385393803973794,14.692609655348392,0.084683895
2,human2_steppage15/human2_steppage15_SkeletonData3.csv,steppage,15,164.4054144578261,135.7776824053727,178.76615874669068,11.090988353452266,155.68059886561895,107.43654276863789,177.942118655474,20.822094900909594,92.38454204098636,1.1544496055613773,-0.023218462,0.015165107,0.028885052031544897,0.1490327589636474,27.51709954551812,0.48123193
2,human2_steppage15/human2_steppage15_SkeletonData4.csv,steppage,15,166.48439490495602,139.75359451967108,178.96552988079043,10.6896458252796,152.11917847028312,107.68846076144912,175.1293250487904,19.914567216459663,92.06361373932494,1.5433475247967188,0.026617045,0.012892981,0.024155228367941324,0.1620615493483892,28.22892892622194,0.39897895
2,human2_steppage15/human2_steppage15_SkeletonData5.csv,steppage,15,165.9729126440494,137.32997042165155,177.73115308776156,10.580683110415855,152.56337226064736,98.21480322195514,178.66809160734118,23.228844933316573,90.52218186841912,1.2173316990047867,-0.017232833,0.009165777,0.04488337791023391,0.14942302048434364,40.05210571927604,0.21270013
2,human2_steppage15/human2_steppage15_SkeletonData6.csv,steppage,15,164.57475125100862,117.82155192498855,178.40081163175438,14.110315926099867,149.24585036224872,105.86017737316844,172.7457886424007,21.442411787698838,91.31740202347424,1.4960204418464444,0.021599716,0.012671499,0.02901461334202258,0.16192684302206897,6.306351562466432,0.050849915
2,human2_steppage18/human2_steppage18_SkeletonData1.csv,steppage,18,163.53360174756673,138.82071966710112,174.72061272854197,8.997447314319702,158.55390942420846,117.60767882936108,179.0625460103609,18.77009082947498,89.63648141585426,0.958500380570437,-0.012105741,0.0141587285,0.03619726191669357,0.13868702271086988,25.554974119558977,0.119476795
2,human2_steppage18/human2_steppage18_SkeletonData2.csv,steppage,18,165.55987855556765,136.57050665128185,179.20051607937674,10.48010443081196,153.94482168544292,121.89748681061151,169.41635959170162,15.883919877580574,89.89827538721634,1.0882520743112183,0.01729577,0.008781984,0.01823767317948989,0.1152689903215835,4.888863352995216,0.42526865
2,human2_steppage18/human2_steppage18_SkeletonData3.csv,steppage,18,165.63845294817904,140.1742683583245,178.35769772652296,8.997151548834147,156.87769755735948,117.22203825159391,177.47909147000541,18.96097965020937,91.5098760392248,1.4466962111692305,-0.01699924,0.012185704,0.026120351626196373,0.13179426931572003,22.07362385021304,0.0076129436
2,human2_steppage18/human2_steppage18_SkeletonData4.csv,steppage,18,168.60456706713035,144.38970069321962,179.56912884803918,8.412945032024217,152.04875461305676,109.14963297800375,176.43416274613014,18.74522146337329,91.27657951798476,1.749929120523498,0.03041698,0.012966368,0.01944128215579356,0.13895216921452394,32.10510161330683,0.4032371
2,human2_steppage18/human2_steppage18_SkeletonData5.csv,steppage,18,165.6568277837679,137.1782329839082,175.50589771840413,8.949924800677692,157.81940290358702,116.67107939076794,177.80536634866124,19.301340450719362,89.37626124377547,1.282192805544377,-0.010961287,0.010217239,0.06353669191949118,0.13004776160882567,22.80662222339737,0.079809904
2,human2_steppage18/human2_steppage18_SkeletonData6.csv,steppage,18,169.00841681738098,147.5102378720037,178.53654613704293,7.723719296921827,152.64915455579006,106.87983592136551,174.53299665517514,19.988670896124354,89.99917923766822,1.4952704117016535,0.027984532,0.011900051,0.022562039511946314,0.12596151106398962,36.626852468770394,0.20642996
2,human2_steppage3/human2_steppage3_SkeletonData1.csv,steppage,3,163.29095023341216,136.28561201749892,177.74290181638983,10.532611130845265,152.65558418735992,98.62813299255166,177.56810734358578,24.573453444555536,89.59808116944879,1.7013384982738227,-0.011853013,0.014726142,0.0243505875897433,0.13382628984707576,37.48268455214321,0.49666
2,human2_steppage3/human2_steppage3_SkeletonData2.csv,steppage,3,166.70047474883765,137.99427605750236,179.40298891943192,10.596880454386216,149.94629407073393,113.31500007870022,170.74854031488374,19.245805124946955,90.37531638917216,1.9404247501358414,0.026397103,0.014687293,0.027900458255296058,0.12359323754314824,16.02482737425396,0.3209381
2,human2_steppage3/human2_steppage3_SkeletonData3.csv,steppage,3,164.9052524919348,137.5935096803808,176.9392267480076,10.828352036444736,153.10015582995356,98.67788165568979,178.84696334662488,23.514921068312006,92.09880337144426,1.9007989944049757,-0.020957403,0.01431061,0.01940317591080521,0.1257440580658661,40.823364623308294,0.3793249
2,human2_steppage3/human2_steppage3_SkeletonData4.csv,steppage,3,165.79853404135136,134.2995846699347,179.7469357861629,10.987907245391265,150.89330393615282,105.22970816026178,177.17739519611874,21.617679274944198,92.42155836530543,2.1602624491908657,0.03015512,0.016689789,0.0275164395762568,0.23613808743737325,26.50033591962874,0.6224432
2,human2_steppage3/human2_steppage3_SkeletonData5.csv,steppage,3,164.84885201960086,134.80439316054046,176.2534845745825,11.53353075120702,153.56385020978405,97.1070113886202,175.83767043731845,23.360143050653644,90.31839527920782,1.447625426529704,-0.015234482,0.011645318,0.03927890219078942,0.1302273540860202,37.28156763465621,0.1639998
2,human2_steppage3/human2_steppage3_SkeletonData6.csv,steppage,3,165.85924159047667,127.90286102035746,179.17938021957866,11.36882188833502,151.92517253270321,103.20991501164151,176.59570779024023,21.34804634597961,91.47434468863739,1.9239310852003038,0.020892896,0.013091241,0.025440928574724592,0.39285787917117293,22.109273579377515,0.21167994
2,human2_steppage4/human2_steppage4_SkeletonData1.csv,steppage,4,161.60544032800854,135.43354211901854,174.51530329644226,11.669906289911129,153.87797957979646,96.50643560995503,178.3916699019509,21.539819102991977,90.0380722474612,1.4230493310252292,-0.0077387895,0.016459495,0.018986035994854003,0.16966087139864583,42.80347311457216,0.11073208
2,human2_steppage4/human2_steppage4_SkeletonData2.csv,steppage,4,166.9635476925485,130.60678066269156,179.32842162667848,11.670815598379537,146.99614325088646,103.1251676722145,169.27241255303778,21.170744407192004,90.27136641143566,1.7661899911659622,0.02309297,0.008936371,0.034634172027224,0.15622688635583304,17.425603916836366,0.01849389
2,human2_steppage4/human2_steppage4_SkeletonData3.csv,steppage,4,163.30638101021995,133.53489577524007,174.6687896380275,11.821215959625466,149.87910926134666,105.17392685964076,176.8301919169345,22.39573198165814,92.36748984926069,1.2961242623770453,-0.022066815,0.016775487,0.03008558113587199,0.15860978285678337,30.522371194506306,0.25212884
2,human2_steppage4/human2_steppage4_SkeletonData4.csv,steppage,4,165.9190831070984,135.9015381441227,179.04562680718794,11.393117704184363,149.2458839501625,105.15435026161617,173.16985164617205,21.539890446067858,92.06674178815372,1.6278571254320204,0.026375597,0.014425223,0.021092011066721494,0.21692518455648607,24.87141272149063,0.45301604
2,human2_steppage4/human2_steppage4_SkeletonData5.csv,steppage,4,163.8830353191507,132.0560676684733,179.2715965692324,12.741709722045734,151.44694007829673,91.41858960485173,176.79729777092234,23.813963682968797,89.85157917442825,1.2217164049398075,-0.017333847,0.012387137,0.0469386090209857,0.15040341715130645,38.16317926531151,0.3403299
2,human2_steppage4/human2_steppage4_SkeletonData6.csv,steppage,4,166.08269777417584,136.16946402562002,178.83737150974542,11.721770802005231,150.87133989519643,98.33031422799455,178.6869162451972,21.850720677866303,90.499422406751,1.4343648745952524,0.0214997,0.014206979,0.01887928183767939,0.27638021143053415,37.68869453307725,0.4264598
2,human2_stiff_legged1/human2_stiff_legged1_SkeletonData1.csv,stiff_legged,1,163.7977110606234,138.43208363784248,176.13750364697782,9.706086060774112,169.1787703269078,129.99252182057535,178.66101004976053,7.667356082271715,89.2246838272377,2.0870196653514737,0.004265275,0.019294646,0.02883713138379666,0.2644195210405984,10.963068220049848,0.027650833
2,human2_stiff_legged1/human2_stiff_legged1_SkeletonData2.csv,stiff_legged,1,167.40643137370074,136.17191794656108,178.557726027218,10.76051409910076,169.92476942015165,162.5772370824556,176.95142863516625,2.448191599253722,89.20253294774162,1.337346254669448,0.026158353,0.015291656,0.03131067476256675,0.18559372765855187,28.011616527946273,0.59589803
2,human2_stiff_legged1/human2_stiff_legged1_SkeletonData3.csv,stiff_legged,1,166.3350496490671,141.75010619704105,176.5999469164263,8.483074779622067,165.2698055420146,124.98346105815874,176.50943933711397,12.005081645645763,90.76894067824625,1.9512465726794104,-0.016535476,0.020967849,0.03753859356368075,0.21577810840343808,16.676137559569995,0.60884213
2,human2_stiff_legged1/human2_stiff_legged1_SkeletonData4.csv,stiff_legged,1,169.54392446505895,141.8126112009731,178.11742048094743,8.570256458040616,170.54395907786645,160.3906737884466,175.63080650688565,2.650276745863436,89.63552365285999,1.6891993696422547,0.033556174,0.01931763,0.024686247674096072,0.17401312965913474,21.064676561535293,0.531018
2,human2_stiff_legged1/human2_stiff_legged1_SkeletonData5.csv,stiff_legged,1,166.79708455851784,139.8358327527424,177.16003829164126,8.531500290071259,166.51976788292566,124.35845313845253,178.9818496476335,11.854834379682423,89.16553297646963,1.7237765637325249,-0.014941921,0.014304789,0.03279269307128797,0.18235245383678114,17.299190970282112,0.107629776
2,human2_stiff_legged1/human2_stiff_legged1_SkeletonData6.csv,stiff_legged,1,170.5689269121253,145.82555759255845,179.12896123214142,8.68249668410686,170.24043449610085,155.83525743955406,176.4181445646006,3.1559931709066595,88.98758722768432,1.7689524115825845,0.023151094,0.013949126,0.02375079592980746,0.21398330533492962,12.720516514536428,0.05072999
2,human2_stiff_legged12/human2_stiff_legged12_SkeletonData1.csv,stiff_legged,12,165.36173641077357,134.9174344604092,178.33359290148266,9.731916520969863,167.20530837862935,141.6067464369058,177.60664838132448,8.0585792378939,89.341593006381,2.5038721810318085,0.005783672,0.013234897,0.03504472921015946,0.21390636826351667,7.416256496654796,0.18331385
2,human2_stiff_legged12/human2_stiff_legged12_SkeletonData2.csv,stiff_legged,12,167.74998762682148,137.18655427447462,176.30471734055484,8.832461297097224,168.4480746339014,163.23521891141075,174.0881673929806,2.2052899488943636,88.94619141736162,2.0496482823288,0.025634792,0.010093557,0.03056124616956852,0.13236762850403952,28.265214584510375,0.04241371
2,human2_stiff_legged12/human2_stiff_legged12_SkeletonData3.csv,stiff_legged,12,166.17423783919583,138.28168246173132,179.3234873307483,9.738074742503692,166.89063998419593,131.06807390889688,176.85244486687873,8.269073905467804,91.03004433688788,2.085282275242744,-0.0105269505,0.01809229,0.029738641791318965,0.1768553887744437,4.742566088964878,0.0053403378
2,human2_stiff_legged12/human2_stiff_legged12_SkeletonData4.csv,stiff_legged,12,169.60806447244855,141.23377913491908,179.98120669256363,8.566374603289528,171.1111863299269,165.85324513297854,176.33449125224854,2.202266211667679,89.77921711232547,1.7033971130860974,0.041372564,0.014146606,0.02245893739691443,0.12386960826099042,28.26618143837456,0.11906099
2,human2_stiff_legged12/human2_stiff_legged12_SkeletonData5.csv,stiff_legged,12,166.79646756978187,137.08346399766458,176.64866491727224,9.143147812266351,167.20948235835561,142.10560621094203,178.94946297643844,7.55137061833425,88.38019955982621,1.6422707320688994,-0.003251191,0.010183486,0.05173737094687202,0.14930351734345573,2.72134415411125,0.3010502
2,human2_stiff_legged12/human2_stiff_legged12_SkeletonData6.csv,stiff_legged,12,169.67063797019452,142.9360192715469,178.84042220809366,8.467265147667721,172.08470931553973,166.84278597963913,178.23977846972258,2.377373075144846,88.36669625744194,1.7258034625468686,0.036907274,0.014229467,0.02429847765026692,0.12486639760327968,24.507410446463297,0.20910001
2,human2_stiff_legged17/human2_stiff_legged17_SkeletonData1.csv,stiff_legged,17,166.3731202482686,138.02262107233565,176.33762332173748,8.879679072309715,165.9921007211546,137.07683517654104,177.4295964445257,8.738594074669779,87.73851449702045,2.2441214763230843,0.00072784495,0.016267044,0.03228697379842881,0.21148910340651847,2.0377590185828467,0.11204982
2,human2_stiff_legged17/human2_stiff_legged17_SkeletonData2.csv,stiff_legged,17,168.28738603412316,138.74957629311803,177.7105865097957,8.985804109463894,168.27621977085843,163.89759966271302,174.5644404305999,2.3005613164367222,87.18927388191477,2.0401920178701123,0.026804445,0.011928587,0.02465725430620991,0.12632627213726558,28.294169448790797,0.0883615
2,human2_stiff_legged17/human2_stiff_legged17_SkeletonData3.csv,stiff_legged,17,166.20589316438227,133.83508233840598,178.86337605860132,9.388407075933275,167.21920001593466,145.01073429267677,176.38346082627467,7.2213403009201915,89.14057778800978,2.031129116804819,-0.012194791,0.019920208,0.027943895092525702,0.17744656938972214,13.655567186597438,0.07399702
2,human2_stiff_legged17/human2_stiff_legged17_SkeletonData4.csv,stiff_legged,17,170.24061563956562,147.35950536316872,178.6793603546528,8.51433527396907,170.74360922984542,164.1589580148999,176.70135224886425,2.4355051968464907,88.45161865355244,1.8929074932460102,0.036559545,0.014952487,0.02109806109915713,0.1368169526263246,18.77746075751972,0.56474876
2,human2_stiff_legged17/human2_stiff_legged17_SkeletonData5.csv,stiff_legged,17,167.16378830110392,141.5105775000571,176.57258117537762,7.960095641147008,169.27177621394367,147.8479724931142,176.49398676037197,6.385520651144226,87.71063656281953,1.8195681742691117,-0.0040192534,0.012056177,0.044860324038039856,0.14523108963291192,6.415989408062757,0.101689816
2,human2_stiff_legged17/human2_stiff_legged17_SkeletonData6.csv,stiff_legged,17,170.17946047474254,144.34500588340177,178.97749184889537,7.66529963752687,171.8689086316775,163.78818011682972,177.02087987065144,2.1310856213842544,87.85241533944638,1.6304623189527885,0.033761818,0.013301393,0.024730276298884354,0.12039243685707815,21.39978621167188,0.3141799
2,human2_stiff_legged19/human2_stiff_legged19_SkeletonData1.csv,stiff_legged,19,164.89635539796237,141.04766668641733,175.5141598893785,8.093474744020403,164.2301649522832,125.63140540364445,176.51859532318286,12.228577318104502,87.04301453661934,2.04535454999092,0.007855248,0.018813536,0.02558528270370402,0.20739482009310967,16.42069671657724,0.5843427
2,human2_stiff_legged19/human2_stiff_legged19_SkeletonData2.csv,stiff_legged,19,168.2946527139488,135.8752480253942,178.8506129461877,9.770251154791433,169.17289342999638,163.500520320505,176.35222258838226,2.6605884034774046,86.97485068624687,1.8025981456753757,0.023999987,0.013384039,0.0225741547768597,0.13596302279767183,30.123662652916238,0.685102
2,human2_stiff_legged19/human2_stiff_legged19_SkeletonData3.csv,stiff_legged,19,166.346020500127,141.13046944640223,178.45035226379497,9.225534521763763,163.07345169475508,112.77722006480182,177.5408757310449,14.370011470306366,89.23000533467598,2.0083942621937982,-0.010489227,0.015405291,0.022672381769595244,0.18376265486592835,27.443772848850344,0.4410689
2,human2_stiff_legged19/human2_stiff_legged19_SkeletonData5.csv,stiff_legged,19,165.55912244732272,140.13543858345815,177.30826916106858,9.002918567572982,167.9279562112624,116.33412876367446,176.41258641085523,9.208241400464335,87.75611791624299,1.9386153731336913,0.003751599,0.008790334,0.043718551370013035,0.17370303234378745,22.905627069570343,0.20877004
2,human2_stiff_legged19/human2_stiff_legged19_SkeletonData6.csv,stiff_legged,19,169.11125877599494,141.85377225683928,177.97402689255551,8.855132067408922,171.32473928456486,157.57262972475522,177.81933984121017,3.0160790751486273,88.28597127293725,2.245772027156935,0.039555367,0.014142233,0.024376475130684895,0.13882204228069342,15.873544519261287,0.14526987
2,human2_stiff_legged20/human2_stiff_legged20_SkeletonData1.csv,stiff_legged,20,165.5867539667584,139.42037182561768,175.6364174079423,8.63778267746972,167.1824371657893,139.96770986338788,177.73575268323907,9.494881357957006,88.99996111582907,1.749246045378633,-0.0059604407,0.01860701,0.026249721734366693,0.1908409201086139,1.5519972375265638,0.20900083
2,human2_stiff_legged20/human2_stiff_legged20_SkeletonData2.csv,stiff_legged,20,167.14245573064153,135.76586190941626,178.41005968653369,10.995614219141018,168.16329870460302,160.78978642761027,174.75456899002612,2.8560863454975363,88.75213473530478,1.3945964063816736,0.0222818,0.0120800985,0.037488722679980435,0.13655463925772687,28.679415214701578,0.27925897
2,human2_stiff_legged20/human2_stiff_legged20_SkeletonData3.csv,stiff_legged,20,165.63869601172834,138.44257595779683,176.39638873433947,9.483691668705605,166.98476621062608,144.86460621001814,176.45066388837824,7.780345640488198,91.89872674293422,3.0189328039405416,-0.023488916,0.018312173,0.031732864287826054,0.18911448994639815,6.367755098182528,0.2298007
2,human2_stiff_legged20/human2_stiff_legged20_SkeletonData4.csv,stiff_legged,20,168.50312816794298,131.5839215869243,177.7023766270071,10.559528639114477,170.29673279109326,160.25824757841588,176.8598339911205,2.7938395085127175,91.02202350256213,2.605336751081284,0.032128222,0.020737337,0.021015013724616297,0.1460596766160979,29.516868627378187,0.45892787
2,human2_stiff_legged20/human2_stiff_legged20_SkeletonData5.csv,stiff_legged,20,167.60844273371254,137.79655594712378,178.17707641703916,8.986891291667213,165.53777650502445,117.38004559197171,176.2870973899356,13.392023291000076,90.07229067385653,1.9700539260360745,-0.0112923365,0.014699681,0.04006198789646956,0.1656027039342851,18.52653132804852,0.06718016
2,human2_stiff_legged20/human2_stiff_legged20_SkeletonData6.csv,stiff_legged,20,170.10681986194504,143.31120905475012,179.68375989445798,8.055562077063762,170.91506541791182,120.0130773051607,176.45540955283246,5.282644334762345,90.1811630751946,1.8002469149631026,0.029086946,0.012627752,0.024922799666172828,0.1505540607682614,20.0697814079639,0.006180048
2,human2_stiff_legged4/human2_stiff_legged4_SkeletonData1.csv,stiff_legged,4,166.06167427600053,141.60136676835646,175.59748678542283,8.67911123986689,168.35944870279835,142.28605322031171,176.46749905964575,7.630196988789198,90.14677750941732,1.5429716596170437,-0.01319457,0.014337215,0.04194192462507166,0.18440273967292145,0.18532582226765726,0.1336708
2,human2_stiff_legged4/human2_stiff_legged4_SkeletonData2.csv,stiff_legged,4,168.59417561943812,141.3383190965549,176.28462752310665,8.309983227515724,168.6818183351282,162.9137987814441,177.79168369634246,2.503507044324625,89.40977182382736,1.384911763175297,0.013967178,0.009689293,0.02173330645709962,0.13774231282441124,20.06842351165338,0.04267168
2,human2_stiff_legged4/human2_stiff_legged4_SkeletonData3.csv,stiff_legged,4,166.62066041824463,136.74273836973836,179.63467868653262,9.419296141366756,164.59253938275398,105.68911377415886,177.95691776966126,14.56673962230704,92.50125485093238,2.2728977373555446,-0.018316653,0.016818125,0.02796880265128784,0.16992611082062067,29.375863678708143,0.058142185
2,human2_stiff_legged4/human2_stiff_legged4_SkeletonData4.csv,stiff_legged,4,169.19015433061662,142.8479915836656,177.89885801945874,9.382894204181541,171.32402409490646,165.2446785551026,176.31608813754312,2.0338375182934794,91.26768130473907,1.9065710309033914,0.036234967,0.014233894,0.02662024729274079,0.13436232858344552,23.979456853352644,0.30051923
2,human2_stiff_legged4/human2_stiff_legged4_SkeletonData5.csv,stiff_legged,4,166.4070122545759,143.4966104216058,176.36972840935812,8.697595413480675,167.85097287054575,102.58759896039034,176.47923058020152,10.64378848901175,90.03869503776511,1.6138232646527417,-0.0066847145,0.011736388,0.03610513844717776,0.1513731289120878,41.018513632058855,0.12594008
2,human2_stiff_legged4/human2_stiff_legged4_SkeletonData6.csv,stiff_legged,4,163.73876803434996,20.16968815661028,178.64412537172083,27.751494825116186,172.09303170765838,166.65063785454953,177.78226748651457,2.1153884390440183,90.01839648421499,1.5600015046127915,0.030317212,0.015009355,0.03204970977150958,0.13822839890289074,147.34280758314551,0.35552
2,human2_stiff_legged6/human2_stiff_legged6_SkeletonData1.csv,stiff_legged,6,164.74598872468718,138.41553752539676,175.72970926595886,9.160489272086984,167.00960166579281,142.7768282408976,178.3384918043916,8.248441013486266,89.79799820045112,1.838703805887134,0.010382614,0.0122931255,0.03893882939083091,0.19003823916211232,1.7525081770681084,0.066018105
2,human2_stiff_legged6/human2_stiff_legged6_SkeletonData2.csv,stiff_legged,6,168.75025077807993,139.19586845241375,175.67492506872074,8.523825409121025,169.1177434605401,163.93252916130612,172.8633408260977,1.9254356554661616,88.80155976948372,1.570698146492677,0.019700361,0.008937025,0.02180325655149292,0.14960989931180357,27.548244951515414,0.054775715
2,human2_stiff_legged6/human2_stiff_legged6_SkeletonData3.csv,stiff_legged,6,165.349642023434,141.33495994852166,178.41899629674464,9.642812430066332,166.35652723311725,131.2076328144987,177.1025938267782,10.30588983470297,91.54130108336656,2.126992918959729,-0.009446668,0.013001754,0.03221258516731181,0.1914073512936921,8.8109246640565,0.07845616
2,human2_stiff_legged6/human2_stiff_legged6_SkeletonData4.csv,stiff_legged,6,168.55960848480484,139.2077289162652,179.41149752088376,10.082770647317775,170.71892797503057,162.76611843890691,176.56995988352003,2.4461598643022198,90.47734527410253,1.8918984207573517,0.035036985,0.012831126,0.026132721401363333,0.1546990895914178,26.399927160005433,0.17291689
2,human2_stiff_legged6/human2_stiff_legged6_SkeletonData5.csv,stiff_legged,6,165.40645028040717,140.01434712919942,178.94468027747274,10.156199262670814,167.44159573506965,111.19946837844323,176.32346726381368,9.09321952894281,89.13772570962243,1.492957738185573,-0.0048285266,0.009212777,0.039848019525841404,0.15653744300006978,26.193665737097135,0.14982986
2,human2_stiff_legged6/human2_stiff_legged6_SkeletonData6.csv,stiff_legged,6,168.1820483031573,131.41982669638045,179.6938279146662,11.669638349049515,171.10124019278572,165.62559714830533,176.04624572675854,2.2386834408050835,89.25403383030326,1.7380100024304146,0.02983148,0.010034679,0.030278327710675592,0.11972105135285313,37.853352639832536,0.29062986
2,human2_stiff_legged7/human2_stiff_legged7_SkeletonData1.csv,stiff_legged,7,165.84491634413436,142.2135098207372,178.21559481438385,8.720576674064603,167.23721663883683,143.46939397264958,175.83086875349798,7.863172394920331,89.88361965237324,1.8336257546403893,0.009866541,0.0103090685,0.03301760386728787,0.14528600428298424,3.640610212798265,0.025277615
2,human2_stiff_legged7/human2_stiff_legged7_SkeletonData2.csv,stiff_legged,7,168.38985111892555,143.11065133819613,178.14615969526776,8.84897547496972,168.69125255652187,161.97425989688043,174.73675502356582,2.558097311603264,88.92111509093179,1.3332721741419653,0.024625802,0.008272879,0.02165387974809318,0.1177354898875357,22.273013230386226,0.04198408
2,human2_stiff_legged7/human2_stiff_legged7_SkeletonData3.csv,stiff_legged,7,166.46497234760483,141.96972926181704,178.51060787560465,8.68522267337057,165.78791065551167,135.06906646658226,174.98221598062037,7.931378221521388,91.19548074385095,2.515826092217865,-0.008023932,0.017693104,0.03360637359871488,0.15379160396468808,3.3722709002504985,0.041697025
2,human2_stiff_legged7/human2_stiff_legged7_SkeletonData4.csv,stiff_legged,7,169.92338589084707,145.51164376866487,179.14071513059838,8.685898917174752,170.4822851780431,163.4458500049797,175.41837440818634,2.1131914944132646,89.52175004092565,1.9853303859307907,0.040368628,0.011728695,0.02334452737701122,0.12693464169316288,21.656546958726864,0.32121992
2,human2_stiff_legged7/human2_stiff_legged7_SkeletonData5.csv,stiff_legged,7,166.38342775719127,136.3701022843795,177.74806976092358,9.102784783248172,167.82238376907276,98.43693094266573,177.60686898130393,8.35324801793654,89.527372336316,1.807625946074623,-0.0031011798,0.0134945,0.03272071225482734,0.17872967217647376,37.79197056209412,0.1856699
2,human2_stiff_legged7/human2_stiff_legged7_SkeletonData6.csv,stiff_legged,7,169.25552024485154,117.53134232584972,178.55393175105834,9.640119140335804,170.4389336797614,96.17130329281272,175.8154198840696,6.326996545341527,89.48316198205703,2.2144472464808564,0.036210917,0.014335406,0.04219467497899515,0.2678448119855545,18.621527166048253,0.007329941
2,human2_trendelenburg1/human2_trendelenburg1_SkeletonData1.csv,trendelenburg,1,157.7895870961641,118.6306924736023,174.156752237271,14.647969471412104,165.66202570796656,139.8520017312459,179.28995874305107,8.959109745950414,92.31604076786168,1.3012844751889605,-0.018750317,0.011571804,0.04717971455061461,0.21724526751375925,16.088102751863545,0.0598588
2,human2_trendelenburg1/human2_trendelenburg1_SkeletonData2.csv,trendelenburg,1,161.45687851322725,127.43253783501962,179.31301548097886,15.109628168255071,159.4673576153434,139.27114569926889,172.06920617096006,8.344107805440945,92.79320460297794,2.091722853197598,0.019921402,0.011196271,0.030979966962964876,0.1885330688927439,19.082417174268073,0.09840989
2,human2_trendelenburg1/human2_trendelenburg1_SkeletonData3.csv,trendelenburg,1,160.75636974201564,121.49719080633136,175.33177340852347,15.8225587194066,165.3776210872335,121.45057563555208,178.98940179429627,7.901576126637058,94.73829363915684,2.1743278183800885,-0.025259245,0.015336752,0.03922895108528075,0.2188706843818383,3.704243556552072,0.14281201
2,human2_trendelenburg1/human2_trendelenburg1_SkeletonData4.csv,trendelenburg,1,163.51077775000016,119.2529400522164,179.5448261529209,14.944934846963099,160.31186006361605,137.29899998617032,173.51050048399173,8.53611979377889,94.38283255393043,2.5368795285519035,0.024682889,0.013701721,0.043683050541428015,0.18078864238161557,24.080385602883084,0.10909915
2,human2_trendelenburg1/human2_trendelenburg1_SkeletonData5.csv,trendelenburg,1,159.8205656738429,118.87222059934119,174.7981245928587,15.122273902327619,166.2147054187212,145.34423866108358,179.87683353178028,7.475138533346897,93.3593780190383,1.6613492500558567,-0.016906654,0.00864844,0.06580949037416507,0.2022221193614351,21.39330912282081,0.22855997
2,human2_trendelenburg1/human2_trendelenburg1_SkeletonData6.csv,trendelenburg,1,162.46406521788595,47.81675823225184,179.6778514927667,17.157945888727305,161.44499517341407,141.13320505158782,173.02241624497478,7.554373631836124,94.26717774122788,1.8988738073513767,0.02237395,0.010283497,0.030620316444565258,0.19805850214136433,99.9718820671279,0.25251985
2,human2_trendelenburg11/human2_trendelenburg11_SkeletonData1.csv,trendelenburg,11,157.4893959271505,122.27683547809579,176.08299605684005,16.12290751854982,166.73603184560616,147.50196515834756,179.78952222343696,8.334289447972985,91.90021230133486,2.1823958807123818,-0.019942982,0.019839706,0.04494981711634938,0.2400446313598819,21.518603513654853,0.58867383
2,human2_trendelenburg11/human2_trendelenburg11_SkeletonData2.csv,trendelenburg,11,158.40485745503148,111.14508569861738,178.94145402421142,17.080003009176004,159.61783199600632,141.26383616823367,170.23891388377703,7.0786452725519196,92.4021426270035,1.3054288389730844,0.017755922,0.0064744907,0.024871858270124933,0.18748843657266992,38.82129061005068,0.58821213
2,human2_trendelenburg11/human2_trendelenburg11_SkeletonData3.csv,trendelenburg,11,156.71686336649387,118.70279772739472,175.98988055039632,15.925921699377314,165.49300632552968,143.18290167883399,179.33999974515692,7.603396825949286,93.41676927291773,2.039523272927234,-0.020643635,0.014167444,0.030257823397743074,0.22213721908127673,21.129984756678667,0.045804024
2,human2_trendelenburg11/human2_trendelenburg11_SkeletonData4.csv,trendelenburg,11,162.54997126850753,120.56852056943855,178.5690306689148,15.1912748028985,160.41596654808455,140.2183113677496,174.5881641196822,8.193692846805792,93.46002298313857,1.841247774219678,0.036054734,0.014742528,0.024719829334357103,0.2142152835235397,23.630657347543647,0.36396408
2,human2_trendelenburg11/human2_trendelenburg11_SkeletonData5.csv,trendelenburg,11,154.46290441862197,116.73379461243496,171.747263453262,15.805909183160589,166.3075605472747,148.72967581841567,178.3044696649837,6.95767682181247,91.36405087113324,1.722602206339647,-0.010357522,0.01639702,0.0450672850200414,0.37668991688096537,25.438674994259003,0.2583003
2,human2_trendelenburg11/human2_trendelenburg11_SkeletonData6.csv,trendelenburg,11,161.52486255327528,126.40139290209868,178.78732770862433,15.258862593200035,161.7762665543911,139.2661839780849,175.03974401272637,7.883675621566163,92.73575869918827,1.4963097206517286,0.03640371,0.009657002,0.031032875353399707,0.24227680980128413,16.61237477188419,0.26071978
2,human2_trendelenburg12/human2_trendelenburg12_SkeletonData1.csv,trendelenburg,12,156.234372607881,124.03290217193462,175.76603399844998,15.539972224906737,164.93563776804538,143.41473644982472,177.68819510494168,7.9034083224404625,91.81073284618608,2.5581528353622245,-0.0027427406,0.018689424,0.05143154445169852,0.24640199693183046,17.459673171398393,0.58375216
2,human2_trendelenburg12/human2_trendelenburg12_SkeletonData2.csv,trendelenburg,12,158.32790119360348,117.82209301480941,179.35557209349253,16.298206385606324,161.70128953701706,145.14237979837372,171.1513466877101,6.436161166883745,92.51327674849675,1.6119227903524092,0.036466386,0.009907069,0.02382718422201155,0.18584986336933762,35.52451218934675,0.4898858
2,human2_trendelenburg12/human2_trendelenburg12_SkeletonData3.csv,trendelenburg,12,156.51196897602196,120.33260486030596,174.40410683330873,15.632112502625613,164.8117268185467,141.6799743595118,178.69441961252474,8.110221201671392,93.50361906977064,1.923050692262841,-0.022559756,0.017995993,0.030660036160237276,0.2149247981647855,17.057056719989816,0.21929169
2,human2_trendelenburg12/human2_trendelenburg12_SkeletonData4.csv,trendelenburg,12,161.9663965221694,117.91304436114518,177.90324753293126,15.21843543859154,160.31460864608812,139.7784532612728,173.3059219670017,7.824845675028706,93.28935782324756,1.8208374582293665,0.029493358,0.010202709,0.02824029903452841,0.2240734399600163,26.462734466057185,0.3164351
2,human2_trendelenburg12/human2_trendelenburg12_SkeletonData5.csv,trendelenburg,12,155.55926397472106,113.6280949080124,177.22864406142466,15.97879711388687,164.02717855236867,148.11913390633978,177.9971462269419,7.153652678822881,92.21927854589056,2.2360820407663455,-0.01394312,0.011158636,0.057240224067114195,0.36922582439637597,33.722536832810135,0.025210142
2,human2_trendelenburg12/human2_trendelenburg12_SkeletonData6.csv,trendelenburg,12,162.07723564026645,125.04933797021472,178.60953785396188,15.522879573403692,159.46457905892692,140.34748607049974,172.91087594332816,8.342832012663342,93.28969506535596,1.8609336064488247,0.03569749,0.015415111,0.02911563787751834,0.2513100725112511,20.996810010918736,0.15518999
2,human2_trendelenburg16/human2_trendelenburg16_SkeletonData1.csv,trendelenburg,16,157.88000479809133,129.40080318434343,174.4771927570237,12.022629267219656,166.610763461948,151.81306801919297,177.90646611156018,5.891309337308665,92.31715102708645,1.6294882849131387,-0.009326253,0.017715927,0.05065205652639411,0.23488033477935924,18.982991480313046,0.06289339
2,human2_trendelenburg16/human2_trendelenburg16_SkeletonData2.csv,trendelenburg,16,162.07056813738646,124.43400985437871,178.2225023068319,13.068847860438359,160.0595684255275,147.11690499359554,168.8011415407301,5.855497799722346,92.77130457148945,1.2980646862693987,0.022542525,0.009994436,0.027212107326853915,0.18717195833536981,32.104255905318624,0.007564783
2,human2_trendelenburg16/human2_trendelenburg16_SkeletonData3.csv,trendelenburg,16,159.9761743513607,125.15992778234087,176.1497551766332,12.400285219983642,168.89295325458642,156.23685293000858,177.41396792226936,4.757540969997473,93.81538932014021,1.9926344299591252,-0.027277358,0.018409925,0.02773142737075226,0.19772462426227724,29.812712402031536,0.13573813
2,human2_trendelenburg16/human2_trendelenburg16_SkeletonData4.csv,trendelenburg,16,163.18094267863864,127.42170581640883,177.32977802306098,11.628272343582779,163.1433321805701,149.6283493945785,174.26375435195027,5.842281337340522,93.91417805594463,1.8777499931650095,0.029003173,0.016311506,0.031654482234237134,0.30243495665497483,25.272667249280374,0.38752317
2,human2_trendelenburg16/human2_trendelenburg16_SkeletonData5.csv,trendelenburg,16,157.3097311738721,107.65648342539768,175.35174290958722,13.659294719823881,167.66925802534644,154.59441170936705,178.23767366213667,5.418199752590247,91.83215167818987,1.7267074677934726,-0.017039131,0.018434469,0.052587009470684044,0.7183097436127998,44.051997531419914,0.23671007
2,human2_trendelenburg16/human2_trendelenburg16_SkeletonData6.csv,trendelenburg,16,162.35940755474368,127.42840022231151,177.70864218540362,12.035926707404293,163.49453711457926,145.66318383418866,172.81402313126253,6.046286627914904,93.40298092880617,1.5692859766110496,0.031584542,0.013838388,0.028513375282960284,0.3053768029837399,23.129402666018237,0.0006799698
2,human2_trendelenburg17/human2_trendelenburg17_SkeletonData2.csv,trendelenburg,17,159.3992585953901,121.76971364230505,177.34662831563122,14.41628042904474,157.38347867731397,131.9228336813436,168.480610580241,8.541736178281848,94.18546742072296,2.007520689393883,0.020142112,0.009437116,0.027322311212571285,0.19452467332820664,19.01913777442877,0.11504626
2,human2_trendelenburg17/human2_trendelenburg17_SkeletonData3.csv,trendelenburg,17,156.33921784380325,124.92026883354995,174.5594864022885,13.892389529127469,165.25650003494732,138.6653200556288,178.3531601110686,8.005574384176674,94.88217549670541,1.9656889028299391,-0.01937168,0.016321167,0.032729982348723,0.23466230174605535,9.951377513298752,0.5090771
2,human2_trendelenburg17/human2_trendelenburg17_SkeletonData4.csv,trendelenburg,17,158.9316044356794,120.64574237675892,178.6999001796706,15.320576626053693,159.45176513977486,136.30767349078505,177.48262999889798,8.29005389688129,94.77509148234813,1.8171543360680784,0.035509326,0.013846158,0.03154746919024911,0.2847341952637321,16.87920129479876,0.37277794
2,human2_trendelenburg17/human2_trendelenburg17_SkeletonData5.csv,trendelenburg,17,156.06764287813942,117.94787643486593,176.27663206207953,14.567240157256146,163.81065908938558,116.30224326228316,178.41199671777616,8.539742579052874,92.12961680796073,2.1815384030536187,-0.010829762,0.012610705,0.0641352125735769,0.26098818396091095,3.7809978282794106,0.16068006
2,human2_trendelenburg17/human2_trendelenburg17_SkeletonData6.csv,trendelenburg,17,162.21051295399647,119.8055638752093,176.74873030937795,13.529629400560323,160.08471663145906,140.44884296355602,171.66847984922515,7.586495152142521,93.58290659781882,1.775075575966001,0.033162564,0.0113187125,0.024480404267102858,0.2109302635884737,25.723529548499513,0.2914002
2,human2_trendelenburg18/human2_trendelenburg18_SkeletonData1.csv,trendelenburg,18,156.78652108521797,121.712815842686,174.79370317962048,15.026526825079431,165.30594168846775,145.3728347759949,178.92193604927147,7.623180372196751,91.47601908747784,2.651330965650025,0.00146346,0.015918858,0.05877464894134651,0.2608497371644739,19.53178606365792,0.32625794
2,human2_trendelenburg18/human2_trendelenburg18_SkeletonData3.csv,trendelenburg,18,156.98679700156703,120.82707702638751,175.15952834361858,14.60657407819133,164.81544723447018,145.2541803905031,179.28339918901366,7.346153198176685,94.48878863680994,1.921028919879191,-0.022653894,0.01596213,0.034820474117242095,0.21398043392391247,20.303232518720506,0.14428997
2,human2_trendelenburg18/human2_trendelenburg18_SkeletonData4.csv,trendelenburg,18,161.9218521446451,121.06800397359258,179.17666500753637,14.564417326434468,159.55012039654025,138.5000473063868,173.82355977941646,8.049265565064866,94.40026103557288,2.0846541056537617,0.028738877,0.014786784,0.0349959445779566,0.22002373990538568,22.785148560914124,0.02744484
2,human2_trendelenburg18/human2_trendelenburg18_SkeletonData5.csv,trendelenburg,18,156.45046259465582,119.43930568371616,172.74323592937344,13.55251786246226,166.18653761975264,147.86582715828564,179.31872451431818,7.138202338418089,92.23635266640284,1.9188430094454307,-0.011041462,0.0126129575,0.05630321085533297,0.2971058235164655,21.851032889624747,0.13926029
2,human2_trendelenburg18/human2_trendelenburg18_SkeletonData6.csv,trendelenburg,18,161.9747882976056,120.68875472065592,177.64337164813887,13.02232330830215,161.50921753847473,141.24586570780818,174.7355580060196,7.338585873923387,93.44827328199467,1.4780404880731641,0.031715464,0.012862606,0.032983569613224496,0.32569258426069836,23.464924629271522,0.028140068
2,human2_trendelenburg19/human2_trendelenburg19_SkeletonData1.csv,trendelenburg,19,156.71466479629518,121.43884221224226,171.35776332091496,13.518107728823514,166.07782536213006,150.2064359171703,178.55669421512377,6.78180571749728,92.30280404532529,1.6388607201490242,-0.017105712,0.018003026,0.04175076495561993,0.2136389908327191,21.568662810719218,0.073815584
2,human2_trendelenburg19/human2_trendelenburg19_SkeletonData2.csv,trendelenburg,19,160.0382228284672,117.78291005608222,176.34717228131785,13.398838154865185,159.38008986100562,140.03131714248522,172.59316306676897,7.135160162043775,92.78011233184169,1.4090763792863152,0.017641831,0.010170299,0.02984719358092475,0.2024444846654631,26.002416300951893,0.03135991
2,human2_trendelenburg19/human2_trendelenburg19_SkeletonData3.csv,trendelenburg,19,156.8483056115298,122.46197314053732,175.82848604215886,13.887458207543267,166.34603481727044,148.22826351673072,179.21239905586026,7.089354982343479,93.96814522090804,2.409312195428503,-0.016016068,0.020043148,0.03642867126584196,0.21668779879026365,22.382377362491994,0.38898587
2,human2_trendelenburg19/human2_trendelenburg19_SkeletonData4.csv,trendelenburg,19,162.39632616697045,120.15885125113257,178.05870677619592,12.90742169055944,161.58122125425731,143.7191708110554,172.908461703712,7.206543115669095,94.85899436302448,1.972797588888178,0.03501214,0.013521312,0.03256605169033031,0.263524219400495,28.710564632406744,0.05864191
2,human2_trendelenburg19/human2_trendelenburg19_SkeletonData5.csv,trendelenburg,19,155.71576999716532,124.38814359288459,173.56805747373718,13.325519248402188,165.82862740774635,150.294463819242,177.25386823998474,6.5241317836505335,92.59627906391209,2.0355072007059896,-0.0042180843,0.010803083,0.07106941470261853,0.323127402826793,22.220509460109852,0.010639906
2,human2_trendelenburg19/human2_trendelenburg19_SkeletonData6.csv,trendelenburg,19,161.12404629259186,87.20881711395755,176.93763705832026,14.737926446893967,161.30935870768968,140.96667666448954,172.0397462881088,7.392580686992285,94.12940825187874,1.7879192128876116,0.03725172,0.010630064,0.031116187562920165,0.2440699566530404,58.65575032074345,0.08944988
2,human2_trendelenburg3/human2_trendelenburg3_SkeletonData1.csv,trendelenburg,3,161.2052912041316,124.37567015881417,174.89294270797828,13.411590739167202,163.24410432398975,140.2188142219303,179.1287700727264,9.067154716408979,93.46372783236757,2.360869265974391,-0.013433772,0.014597162,0.053667309378655804,0.2433229609365976,11.607316698367995,0.038671017
2,human2_trendelenburg3/human2_trendelenburg3_SkeletonData3.csv,trendelenburg,3,159.6062853494479,120.22006008230235,172.83061228719572,13.508189916369808,166.0362982517739,147.01940055267062,178.72027534011198,6.88858866188011,95.15953904661875,2.2247244589532844,-0.022675274,0.016381023,0.041163384709357806,0.21036045195723757,20.909677417452002,0.22698689
2,human2_trendelenburg3/human2_trendelenburg3_SkeletonData4.csv,trendelenburg,3,162.32042384672255,122.82274124466582,177.97514683264708,13.44232344305443,161.3019982727066,139.17877718496445,174.8425918409397,7.667878933202365,94.87139036618021,2.024638701974099,0.02397005,0.010922053,0.03993449510040971,0.17766863715031825,19.48859093200602,0.103707075
2,human2_trendelenburg3/human2_trendelenburg3_SkeletonData5.csv,trendelenburg,3,159.82613991088212,122.29351087794176,175.3274225721312,13.92124323974129,166.50577681496713,145.90331895747232,179.097733019879,7.030073516659564,93.05893260907777,1.7071157898513105,-0.014164426,0.00911807,0.051908963639599424,0.21902895966088726,19.839497631782777,0.09502983
2,human2_trendelenburg3/human2_trendelenburg3_SkeletonData6.csv,trendelenburg,3,163.2484889991983,122.67515803632426,179.64239495875833,11.949648617377937,162.56081612827617,140.58395997555317,175.3708813761806,7.69904617577857,94.44944699923441,2.021925545567886,0.028288824,0.01357373,0.03372709514016101,0.27289220676444054,22.180315521806648,0.15354991
3,human3_antalgic12/human3_antalgic12_SkeletonData1.csv,antalgic,12,155.77016965156193,133.17205171957124,175.71244212833753,12.674420566706845,168.45321402193844,147.95363748392163,178.43568150099884,6.8525184707220355,86.93409580080304,2.113366706424302,-0.0017930951,0.0140918,0.03913068850154286,0.3785119939612475,12.05834639168907,0.83591616
3,human3_antalgic12/human3_antalgic12_SkeletonData2.csv,antalgic,12,156.47298017712046,132.13481777290636,177.32962175282532,12.723297954941103,171.13292074256924,162.85858388252925,179.47412896945008,3.4202914494887726,87.1106401998966,2.1812582055495384,0.0120528005,0.011278751,0.028590124010362705,0.23068784685828436,28.579258892998126,0.90801907
3,human3_antalgic12/human3_antalgic12_SkeletonData3.csv,antalgic,12,155.84931422101164,134.65863186253583,175.12009793437048,11.57128024199362,171.1286110924236,146.87953081858458,178.91125279913993,6.457047304860329,88.79693290892133,1.8338959086766047,-0.016323745,0.01331572,0.023534709331232986,0.27502865775185203,8.429744091279304,0.19583797
3,human3_antalgic12/human3_antalgic12_SkeletonData4.csv,antalgic,12,158.10463927966302,109.06514648102971,176.0556984801404,12.12320692811309,169.28873822049317,82.36545491890978,179.11639941114953,9.68738746896944,88.05289602284695,1.632569138244405,0.016941078,0.012793383,0.0244144965674585,0.4469577155149938,29.760392493129075,0.1486988
3,human3_antalgic12/human3_antalgic12_SkeletonData5.csv,antalgic,12,158.83116752824674,139.13507212101996,176.18318354045212,10.186470525603605,170.06028790655284,154.21325539054124,179.60892665655558,7.510749382053881,86.67060114108165,1.550946178812121,-0.012922911,0.012694649,0.03647830030347607,0.2807504349472569,11.652440153417814,0.18107009
3,human3_antalgic12/human3_antalgic12_SkeletonData6.csv,antalgic,12,159.41573459719305,138.30878832538366,178.34006203170483,11.373734440148565,171.47960482289798,162.47984193487144,178.78174074047269,3.5703132923340566,86.84695627774894,1.6536974473722161,0.014029077,0.011456691,0.024929845901488872,0.3232522738313508,23.729374900719932,0.0662899
3,human3_antalgic13/human3_antalgic13_SkeletonData1.csv,antalgic,13,154.1595204284103,128.0834216708814,175.9733722769031,13.061171558541249,168.5800221586966,144.7705553676444,178.7383346867638,6.51812166270725,86.72980411584274,2.325809648854975,-0.013045134,0.016015278,0.04397950591411847,0.3948925401873403,13.922171286902284,0.7394178
3,human3_antalgic13/human3_antalgic13_SkeletonData2.csv,antalgic,13,156.96168892984704,129.94958346917466,177.9853549524484,12.133576093435947,171.7127036022373,164.58144033033446,178.91181746388222,2.963189848763905,86.67054550992546,2.454235813566507,0.010070197,0.010954954,0.01912727898474478,0.22422437623074581,33.70539434972599,0.915251
3,human3_antalgic13/human3_antalgic13_SkeletonData3.csv,antalgic,13,155.23262439661343,127.44810655585384,175.78576020505525,13.997686900989455,169.16800224809134,146.92413018509885,179.03583366247082,8.085659877713672,88.24811315892214,2.606133381176164,-0.010975709,0.011760408,0.028922859784668447,0.31445977010623766,16.22595017182944,0.675827
3,human3_antalgic13/human3_antalgic13_SkeletonData4.csv,antalgic,13,156.806357803074,114.89395900893557,177.4064313159096,14.73479187659278,168.7649302884769,120.87488264250734,179.58133759897112,8.281281267563479,87.72979690514809,2.414323127129707,0.020177435,0.011674563,0.030509123670254594,0.8474792765326202,3.8060173505102597,0.67576814
3,human3_antalgic13/human3_antalgic13_SkeletonData5.csv,antalgic,13,155.78862440051407,125.56866120361973,173.37219015710892,12.389846230993475,169.22368235212312,133.2468327557017,179.36796283876913,9.725234977375308,87.13537983696756,2.5587611298764488,-0.010581777,0.0094458405,0.026547959524147187,0.2732158284776035,1.6823988704217498,0.2679701
3,human3_antalgic13/human3_antalgic13_SkeletonData6.csv,antalgic,13,158.7203399998869,127.61303847517581,178.38131170566572,12.666380511154843,171.06454674340767,161.6201535170735,179.5310876879027,4.15287476071207,87.46469588108717,2.517469299893256,0.017492313,0.008991371,0.03064828977442197,0.31278922922854785,32.85733905966072,0.5681498
3,human3_antalgic14/human3_antalgic14_SkeletonData1.csv,antalgic,14,158.07819297767244,132.71196132965628,174.92822873969465,12.025360936055195,169.37481385518058,154.99009729853222,179.57266000404772,6.988199278602712,85.85446583656486,1.893048088605594,-0.009554866,0.012492894,0.033027701325009776,0.3208138275303131,17.63370470452287,0.10649824
3,human3_antalgic14/human3_antalgic14_SkeletonData2.csv,antalgic,14,159.81565063779522,132.4357785410438,176.32514256666383,11.092581199524451,172.19837788265428,163.58381761805896,179.08717956578397,3.543580422933734,85.76779876911498,2.0936400920975693,0.012728886,0.011570198,0.021543022538753683,0.20218781157151192,28.38600207789503,0.13926601
3,human3_antalgic14/human3_antalgic14_SkeletonData3.csv,antalgic,14,159.9739881634674,133.86808956337546,173.56619314803885,11.163578115538662,169.97366394581334,152.82204670826115,179.29234396921524,6.864571800462499,87.50276362269013,2.601223916239642,-0.022800507,0.014598134,0.020315965904075382,0.2514448055022309,13.227806323709302,0.06477404
3,human3_antalgic14/human3_antalgic14_SkeletonData5.csv,antalgic,14,156.9620914152768,122.8528592993531,178.18330286119266,13.693353964142842,168.3316943565432,130.89090496254582,178.89356846342383,9.129863740019797,85.99891796257664,2.867518398856405,-0.011493876,0.012064464,0.044903384576419444,0.31370126342602356,7.327780060961544,0.51679015
3,human3_antalgic14/human3_antalgic14_SkeletonData6.csv,antalgic,14,159.05326097598257,128.34581513101404,178.8228467853126,14.171111354744538,170.84043662071755,156.65911049947385,178.31611691139037,4.495049763938919,86.46636740937804,2.8962216846844133,0.014995179,0.010940627,0.016771119998087926,0.26096200094509525,28.82002524238206,0.47579384
3,human3_antalgic17/human3_antalgic17_SkeletonData1.csv,antalgic,17,158.45429619865698,131.55091302384096,175.6739949183896,13.3183611089526,167.79979356653809,140.68942971493436,178.44877590709223,8.357234136033476,86.31201408087193,2.4249375937014785,-0.0016167,0.01684856,0.02686652701865859,0.3749659403779709,6.363735702390784,0.6967552
3,human3_antalgic17/human3_antalgic17_SkeletonData2.csv,antalgic,17,158.44139422605105,130.3435897144522,179.3937949891256,13.177008104975165,171.3222129778152,162.44839275519007,178.5304720719905,3.064619940262934,86.22773604646285,2.559613717744082,0.015498409,0.008636963,0.029330845480085285,0.21395248196696365,32.968125957872985,0.8029151
3,human3_antalgic17/human3_antalgic17_SkeletonData3.csv,antalgic,17,158.19278002576334,133.77561284863134,175.98075412460926,13.002083175688771,169.27086831931786,142.06498882639758,178.4925655607118,7.964309130624456,88.01398058577915,2.7227148911960333,-0.016725829,0.015923457,0.023979392294987852,0.27262604255609724,5.777564541663708,0.7581141
3,human3_antalgic17/human3_antalgic17_SkeletonData4.csv,antalgic,17,158.5658661877682,127.95784682634137,178.419819330212,14.672660067711513,171.52269828102806,162.59783550897302,179.27252825264475,3.4234392232227986,87.10646578880404,2.7997079798774567,0.017730232,0.012724948,0.018569341604507923,0.31971492298373233,33.7872797601989,0.65198684
3,human3_antalgic17/human3_antalgic17_SkeletonData5.csv,antalgic,17,159.02306773017642,134.19941901797753,172.89382795199117,10.515588807432353,167.3273116338248,139.3471145384931,178.24810678330732,8.962192422085824,87.41491239455844,2.385590898656969,-0.009893629,0.011162027,0.04065654461127508,0.27254396107454687,0.2065833108005961,0.37965012
3,human3_antalgic17/human3_antalgic17_SkeletonData6.csv,antalgic,17,160.09168456332122,134.17993246298735,176.5011978293951,11.90496327686953,169.2698154651261,43.43753886744113,177.65883940007876,14.30969311881676,87.49993039540098,2.950722955042627,0.014952866,0.013506963,0.018499501832888534,0.23898886963869395,91.90003516622988,0.6143999
3,human3_antalgic19/human3_antalgic19_SkeletonData1.csv,antalgic,19,158.55578891476424,129.4225971428204,175.35167116468176,11.65755599444034,169.68010228894556,134.2345342519254,179.4902380927676,6.998260019301552,88.16080131190445,2.144480205206177,-0.010757336,0.016119352,0.034723374686560136,0.2840040826219931,0.6733701810191519,0.08374214
3,human3_antalgic19/human3_antalgic19_SkeletonData2.csv,antalgic,19,158.95164705129775,137.13670168622318,177.887904692385,11.399960733646736,171.09754673656676,166.3936910993605,176.98730989992606,2.3734207078513108,87.96334727166234,2.1348962158414384,0.006181212,0.01055283,0.022064641019109425,0.22460185730832305,30.157584205596265,0.09721017
3,human3_antalgic19/human3_antalgic19_SkeletonData3.csv,antalgic,19,157.69928015945237,133.60305756470834,176.08264431123493,11.833958956216977,168.69783299330723,138.1691424254069,179.01995939573868,8.28978311551932,89.45325965723796,2.677529104340494,-0.01885672,0.014077795,0.02720251160564315,0.27492436658849023,1.6287697761948152,0.10535002
3,human3_antalgic19/human3_antalgic19_SkeletonData4.csv,antalgic,19,159.2893991659168,124.79088950568749,179.36841466780663,13.750095519679038,170.3771446941334,116.62651129349845,178.80341448048998,7.782088283504404,88.47336981499392,2.0869877104271164,0.022900486,0.014472634,0.03734878180490552,0.7210667183938482,7.5993780248723795,0.2227068
3,human3_antalgic19/human3_antalgic19_SkeletonData5.csv,antalgic,19,159.35351276387263,132.7975564842025,176.0240882246074,11.374438462005479,168.57503785729693,135.59629286729393,179.40292019419795,9.30083944461209,86.72893829070992,2.272295033173018,-0.005407688,0.01302947,0.03754022578821249,0.32428322430351647,0.5800955864991124,0.543731
3,human3_antalgic19/human3_antalgic19_SkeletonData6.csv,antalgic,19,160.16107928147306,136.22814471921185,178.19743781726868,12.124882104755928,172.93203840630164,166.04324656403443,178.51973148649745,2.7200970870435084,87.04912221730935,2.12718871734665,0.025025604,0.012352445,0.01410859648106448,0.23538695765096854,29.492808175593808,0.569783
3,human3_antalgic3/human3_antalgic3_SkeletonData2.csv,antalgic,3,161.29393579753807,136.5189510749592,177.77045007561475,11.564127509909792,171.65198015054727,162.07702998986443,178.37728855274958,3.3598925851188115,85.19049818460242,3.098334605158141,0.0076513328,0.010690494,0.020032236664210216,0.20089121826371625,24.951240437770394,0.27169013
3,human3_antalgic3/human3_antalgic3_SkeletonData3.csv,antalgic,3,160.4765560406247,133.57480678194986,179.12160262998978,12.452816017990665,165.77289403600642,99.6694313304428,178.71561688013588,12.446055760081324,86.69450384557229,3.5246476651522918,-0.014041015,0.014637316,0.025833327137381918,0.2606500417665213,33.49938970165316,0.38475394
3,human3_antalgic3/human3_antalgic3_SkeletonData4.csv,antalgic,3,158.8824276730484,130.7316108948619,177.69071299483494,12.30055948379123,171.19166401036827,136.29652330238994,177.7082812789207,4.731345382269345,85.45735426502111,3.651079975250405,0.019275818,0.014517304,0.013422605943674457,0.3748443676151964,5.5473441234422864,0.19897103
3,human3_antalgic3/human3_antalgic3_SkeletonData5.csv,antalgic,3,156.25022166322037,131.57357314135862,176.94935272030446,11.736808256738835,165.2064282147368,128.91155178238859,177.6352065754378,11.087023922366129,84.93855281926776,3.869809674399002,-0.007776991,0.012137923,0.04177264932273982,0.286485383786678,3.347875214103368,0.4930029
3,human3_antalgic3/human3_antalgic3_SkeletonData6.csv,antalgic,3,157.7396464820153,102.13353188140721,177.64685457116212,13.499475278511255,171.51393523561336,116.34755096174081,179.4972584453274,9.040304168490099,84.9609615936504,3.6982686952256563,0.019522108,0.010432968,0.02403417135507062,0.43499840398244105,12.363615206168333,0.09313297
3,human3_antalgic6/human3_antalgic6_SkeletonData1.csv,antalgic,6,158.24919575431844,134.16063875640936,175.17246190104066,11.590074284333445,168.35229341491998,145.25547408986117,179.10584005268336,6.907573532144974,86.6908705177179,1.5309998903332458,-0.008984364,0.016099775,0.02968916206622117,0.25874620479613697,7.161457181809112,0.47105014
3,human3_antalgic6/human3_antalgic6_SkeletonData2.csv,antalgic,6,159.70989083763496,134.55805078174768,178.4894111609462,11.668545097626795,171.82587976524405,165.01377912597727,179.47433493749958,2.7810029571210255,86.94105569033422,1.469901982360583,0.006330665,0.011913504,0.021052089894002306,0.19362374574816157,29.470804567676197,0.39085782
3,human3_antalgic6/human3_antalgic6_SkeletonData3.csv,antalgic,6,159.42187469579753,136.2396406436195,177.70076308551842,11.86278915250703,166.97105845083118,137.52254766818788,179.57420856356384,7.707311593670603,88.21786867524617,2.4493910522399873,-0.020847263,0.014610756,0.028989575427272624,0.29418076597812676,0.5905384534770519,0.62906384
3,human3_antalgic6/human3_antalgic6_SkeletonData4.csv,antalgic,6,159.129499901725,126.68210829027039,178.9858396027202,12.353367007195619,171.77785292493118,151.36809312933968,179.22578643103515,4.131368426703469,87.5077159016364,2.6047402242471884,0.017334215,0.016625687,0.024310934223239145,0.4369925688065708,24.44603801075435,0.028303862
3,human3_antalgic6/human3_antalgic6_SkeletonData5.csv,antalgic,6,155.74921823121053,127.16848453171008,176.7995849880237,12.582023530309382,169.23903329533,146.93396493851097,179.43940813054763,7.794537224254925,88.03197804748459,2.0493464823834993,-0.014535032,0.013745648,0.0377954611704334,0.31196802790670225,17.125657264276953,0.08873987
3,human3_antalgic6/human3_antalgic6_SkeletonData6.csv,antalgic,6,156.6510904851321,128.3275528778388,175.94088928500568,13.338693649574493,173.1123475922729,165.5584774167231,179.6256516204123,2.6714964867505566,87.75787579627234,1.9819405424774958,0.014908535,0.010611432,0.022786319140896388,0.2918487877623898,33.54616220347768,0.1315403
3,human3_antalgic8/human3_antalgic8_SkeletonData1.csv,antalgic,8,158.1999449925203,129.2218385363053,179.6417535744687,13.979291613384914,168.09822964440724,149.66589201689595,178.39535574844862,7.209549454993376,86.8140841383864,1.9081453076533261,-0.01370712,0.015208771,0.03643731951546098,0.31680916220054717,21.690451306610726,0.55582094
3,human3_antalgic8/human3_antalgic8_SkeletonData2.csv,antalgic,8,160.3129074059995,134.16258314220312,178.98656970301514,13.19274073922156,170.9603634995304,160.86804259621454,176.85421189834716,3.016816934631371,86.70509615316752,1.7481292282573158,0.0012652848,0.010999949,0.029123289029082625,0.2121239557285073,28.837817258679394,0.36826086
3,human3_antalgic8/human3_antalgic8_SkeletonData3.csv,antalgic,8,158.17030929161467,131.83947434809397,176.57842257725616,12.842384098973804,167.53470715662186,151.5221536584694,177.78381852203452,6.274295619712073,88.8478311404723,1.7770698233483424,-0.020553645,0.012678054,0.03386998820549484,0.3055918207118317,18.47728336559706,0.23347569
3,human3_antalgic8/human3_antalgic8_SkeletonData4.csv,antalgic,8,159.49005630458566,112.53784297650323,179.40431511809737,13.568371333229539,171.08741563866636,122.55839558477119,179.17601026143,6.005190333770111,88.10878984121847,1.6680901994124695,0.011369079,0.013808967,0.02904206438731284,0.4733779338286806,10.248857464935327,0.010669947
3,human3_antalgic8/human3_antalgic8_SkeletonData5.csv,antalgic,8,157.1744803427131,120.93584534906057,176.25601846808536,13.471296257520459,168.21743936183105,145.9699042357833,178.77975219212445,5.889495968868114,88.46334446580386,2.6267577545496867,-0.0132066,0.012587571,0.04217741422795306,0.3118595662819926,22.510325162683642,0.6231899
3,human3_antalgic8/human3_antalgic8_SkeletonData6.csv,antalgic,8,158.79221169968474,129.42047851053385,179.62803681032682,14.825502944950507,173.189032402489,167.83029914184672,179.56326815937166,2.4055935945801123,88.59611250047296,2.4183815999152376,0.017471248,0.0103615,0.01894707088551697,0.25832632001251477,38.47458928226803,0.59280276
3,human3_lurch13/human3_lurch13_SkeletonData1.csv,lurch,13,163.56239865959586,132.7876721382317,175.72313538103847,11.971172793725563,164.50821442050267,146.1737514483954,177.29166208043003,7.5470427505589495,91.9836154114799,5.338291737108343,-0.01221151,0.012044413,0.040700029081774856,0.2691689009236899,11.81755261077214,0.9232609
3,human3_lurch13/human3_lurch13_SkeletonData2.csv,lurch,13,165.99846832543608,128.8247971337071,179.21009633204662,12.420588283231961,165.11248003703372,150.73891577073195,173.7475846932957,4.791884413990767,93.23960717917274,7.057822959224551,0.0148721095,0.011409221,0.01632367169998754,0.16905775702330125,27.376630275775767,0.9514359
3,human3_lurch13/human3_lurch13_SkeletonData3.csv,lurch,13,163.98965928453674,129.67447983702317,178.6593794648441,11.306512442480706,159.72495425499852,109.18349228454827,179.1450181364823,17.145934727205024,95.83084828063745,8.585040652586803,-0.022668587,0.0130597595,0.0257259328200527,0.2147305881109617,20.97662622411309,0.884279
3,human3_lurch13/human3_lurch13_SkeletonData4.csv,lurch,13,158.3745852453019,85.12853556893302,179.78511990603533,25.488794577787896,160.34270360380904,144.0948574125607,170.34162964970903,6.04929245709036,96.18496098780076,8.704476528849824,0.017743722,0.017102974,0.029320777124527044,0.27471053066099577,68.409812099954,0.35343027
3,human3_lurch13/human3_lurch13_SkeletonData5.csv,lurch,13,165.10725330114795,134.50742624889074,175.5573746888958,10.768399016551252,162.93569996032707,137.5967373274511,177.2338819798119,7.928335320113274,97.2193518524996,6.88641871547062,-0.014262768,0.011154711,0.05028302563986058,0.24953063430528175,1.4128037876442647,0.40337992
3,human3_lurch13/human3_lurch13_SkeletonData6.csv,lurch,13,161.5625075714856,124.06617768880712,179.40415617652067,15.341420125876203,161.91068446075226,144.3133086295911,172.24496950307577,6.820692292673276,97.73980489934907,8.169195094969725,0.0149172265,0.013067966,0.029495862869069474,0.2448745632230791,27.406317614228882,0.1414702
3,human3_lurch14/human3_lurch14_SkeletonData1.csv,lurch,14,161.54148529945323,134.49128078419753,174.76629725950585,11.670734708605519,167.30275591066504,144.53153144559383,177.28463517443015,7.986389908113156,95.33496196627978,5.875494278534837,-0.014277494,0.01615239,0.03315175791096461,0.24350905973231493,7.5219127464719975,1.0400702
3,human3_lurch14/human3_lurch14_SkeletonData2.csv,lurch,14,164.503587632037,131.89649539873588,176.3778080609829,12.387575447258836,167.25435784206547,150.47149980470533,178.52292702111237,6.067808720126723,96.79898524600226,7.079865585273739,0.013732644,0.0090254145,0.029193190242849585,0.22633055334960853,16.42988544583997,0.6086731
3,human3_lurch14/human3_lurch14_SkeletonData3.csv,lurch,14,161.6480960310094,125.44397340346035,177.57519260659845,13.794593545970898,163.12449196812656,122.19695549604646,176.2341366057246,12.071294034868696,99.13562990790803,8.422018593467055,-0.04052018,0.050119556,0.02628991240080955,0.24235244058505714,1.9059619065400284,0.39667487
3,human3_lurch14/human3_lurch14_SkeletonData4.csv,lurch,14,158.59989687976747,83.73659421658745,179.21816729136745,25.470548906281014,161.06549930852685,138.0723257917519,175.03085791328732,8.843417345791993,100.98964341043865,9.623184276814289,0.018040353,0.017050937,0.029945250714230192,0.3231279850758204,58.523040953244575,0.26114893
3,human3_lurch14/human3_lurch14_SkeletonData5.csv,lurch,14,165.09037163108854,132.68728248149702,177.9667507221513,12.878918617771484,162.81767355281693,150.72358461926993,177.33551177605517,6.250833230747811,97.77131963268299,6.881775631768453,-0.017020443,0.01746836,0.04847446938506162,0.27395178731517694,18.667541083869025,0.06711507
3,human3_lurch14/human3_lurch14_SkeletonData6.csv,lurch,14,157.06091098296082,88.36320095024625,177.46823187212163,24.94008506165828,159.44045710040405,131.05514213284172,173.08767646108922,8.804115192417939,99.07567682986127,7.554640223894785,0.014468165,0.011379603,0.02282717295775785,0.26237550261473686,47.07249659362789,0.35980988
3,human3_lurch15/human3_lurch15_SkeletonData1.csv,lurch,15,162.35808724945372,131.77950683884572,176.64259201860222,12.935133955447352,163.1312154145553,132.21846522330588,175.53135066746327,8.778447236227095,93.79390397298036,6.4591383273741005,-0.01089428,0.015381475,0.03537402791516872,0.28314986047970525,1.550199735599108,1.0265161
3,human3_lurch15/human3_lurch15_SkeletonData2.csv,lurch,15,163.03202924315346,131.89983054441808,179.70812490945875,12.472550085425864,164.586633772566,147.87771786860205,173.10639299444045,5.023178005531565,95.71411076128904,7.695785908320688,0.017340178,0.015101969,0.02705842025932729,0.22501423797897876,22.57961923920226,0.832646
3,human3_lurch15/human3_lurch15_SkeletonData3.csv,lurch,15,163.2418052531556,130.08736328621222,178.37847685161609,12.097118046906907,167.22357915435552,128.48379806179176,177.9920080352161,10.230713610021308,97.91000838550208,7.660112790386358,-0.025606433,0.03740235,0.026504058151028864,0.28087221320107036,1.217096408020467,0.36360574
3,human3_lurch15/human3_lurch15_SkeletonData5.csv,lurch,15,164.08512416941605,131.53775121821536,179.04238288325374,12.030470301399424,163.07863662460397,133.02293101736035,175.8589028912045,10.706893248932351,97.06437477150548,7.8967331257445625,-0.009046227,0.015830683,0.03997755165078648,0.2814765116011209,4.668659791194216,0.30848598
3,human3_lurch15/human3_lurch15_SkeletonData6.csv,lurch,15,151.8077906795565,86.51724668175481,179.39484858626204,26.576807812765125,164.53042620248422,148.87267075092177,175.89350338781506,6.147157887886755,99.21870848378107,9.717005101729733,0.021673748,0.015380974,0.03129654088963337,0.2616662078394875,65.85676926761394,0.37768817
3,human3_lurch17/human3_lurch17_SkeletonData1.csv,lurch,17,161.77717242633273,132.41223411583508,176.27739426520625,12.402456881794551,163.39091911786716,127.34298448225327,175.37120144593217,12.054227010204693,93.84410302582208,7.023626501610318,-0.017956486,0.014265742,0.04828314574274546,0.2944762671563689,4.163056814307723,1.0143338
3,human3_lurch17/human3_lurch17_SkeletonData2.csv,lurch,17,165.00113235956755,123.97302312402432,178.23474780290005,11.737236769268197,165.28067633748492,142.13441972474328,178.23337848591945,7.125176196137247,95.10013629116447,8.005788387583646,0.010973957,0.018395092,0.0291970299981211,0.21140340235438299,18.16276591769956,0.856573
3,human3_lurch17/human3_lurch17_SkeletonData3.csv,lurch,17,161.94473174095137,128.53466726078884,177.91925900405695,12.39760028489462,162.7341913407804,125.70835587319417,179.27184834167446,13.386763998030329,97.86662105494483,7.616158547905327,-0.031643443,0.043008327,0.02333310620403204,0.3023708486115043,4.1789007252121735,0.545239
3,human3_lurch17/human3_lurch17_SkeletonData4.csv,lurch,17,157.01312783437854,83.62220540256236,179.08815357374226,27.258359721557326,163.17749793831413,117.38648226402401,176.35154080919008,8.616131963211242,100.03417866454095,9.67244522706848,0.018763764,0.017146766,0.02823602433613108,0.374444428559849,36.50088962601383,0.75164175
3,human3_lurch17/human3_lurch17_SkeletonData5.csv,lurch,17,163.8856043343045,134.8668430836178,175.60029292202935,10.69724398015131,161.29342930036842,125.51285420999902,175.8496419725491,12.333463511120303,94.68155001934207,8.117355866948772,-0.011519164,0.011458452,0.050258021639686665,0.2625464198794288,9.603337924138529,0.22057009
3,human3_lurch17/human3_lurch17_SkeletonData6.csv,lurch,17,159.16854619982092,121.25017993748565,177.06193879063184,15.518374544738359,162.51030704899213,142.47135249866676,174.43576895747725,8.139005807548847,96.615231947942,8.648829576770357,0.017525358,0.011777501,0.02436444437122323,0.26293834920133624,23.847342394335698,0.16920996
3,human3_lurch2/human3_lurch2_SkeletonData1.csv,lurch,2,159.47470782674648,126.73725738194854,176.58272943014458,14.612669279961779,160.61208734318737,136.63000105737208,177.7053115634987,9.414277470462775,96.55874513265678,4.491560436458918,-0.011184285,0.010759713,0.02673641853633406,0.29669759999988793,8.770161542069431,1.0442599
3,human3_lurch2/human3_lurch2_SkeletonData2.csv,lurch,2,159.85352750028076,126.18935077388042,176.91956026235377,14.798841135571976,162.92658633748815,144.7215637694575,171.34564600267848,6.811284334953556,97.49895836688802,5.858782176039675,0.0076788315,0.012673836,0.03156076319061767,0.23577535331122726,24.106127255252375,1.1666158
3,human3_lurch2/human3_lurch2_SkeletonData3.csv,lurch,2,160.95989655753934,132.77983757636244,179.1972876969959,12.509049874430774,166.10137872857996,143.23002815527013,177.00546871121017,7.735392195674437,96.32680261238973,4.488768869489122,-0.026015718,0.034959774,0.030757780052546948,0.24041279432018914,12.64200956469341,0.5665958
3,human3_lurch2/human3_lurch2_SkeletonData4.csv,lurch,2,160.26445501073104,89.36175527134415,179.09270936440515,19.477401548678944,162.16076856673274,134.85138219625495,176.4863561542007,7.863075842640331,97.0448616397165,5.9518410466829765,0.020530773,0.014702229,0.031016643978197735,0.4458189310292262,48.09598013511524,0.23536515
3,human3_lurch2/human3_lurch2_SkeletonData5.csv,lurch,2,165.5161715392151,135.90533617033972,175.52182073310465,9.096427440349633,161.99550790126688,140.74836295464166,173.96853016491588,8.739423044949842,95.65849260842619,5.517429015598998,-0.011745287,0.011022952,0.020338636721703215,0.20455000967578416,6.396317352490712,0.7083528
3,human3_lurch2/human3_lurch2_SkeletonData6.csv,lurch,2,154.89383906766128,91.09688380412207,179.35253117351277,25.1730673451853,163.8142165212567,143.49618893239685,173.90812274532436,7.675686266861636,97.14755745400461,6.43386021083614,0.0141148735,0.015829833,0.03642435985971001,0.22799005356657517,57.843713556463186,0.53399014
3,human3_lurch20/human3_lurch20_SkeletonData1.csv,lurch,20,160.07466194774972,132.84260309922377,175.57238539522083,11.17247764245531,164.73029782204145,148.22287649008106,179.12300660333133,7.860653437979344,90.7492783248096,6.470720179969159,-0.011405339,0.01811589,0.04478919773083624,0.31744976074457393,11.829652182746798,0.8540149
3,human3_lurch20/human3_lurch20_SkeletonData2.csv,lurch,20,161.4272313403021,123.67165123645104,178.63876343032092,14.54953739845362,164.44909139131215,149.27953662178186,173.57431703607045,6.136817009461902,91.43510649677015,7.63833002672304,0.021871615,0.011447387,0.019349309677371765,0.20237025057701255,30.672331779581285,0.80750406
3,human3_lurch20/human3_lurch20_SkeletonData3.csv,lurch,20,162.94627860153187,133.7966612267741,176.08629135640626,11.199718542874306,166.53042616385406,142.79664760598388,178.54677684913673,7.7934560225085265,96.7850545245867,8.211527098698204,-0.011215045,0.017115444,0.03169408990780933,0.24456366841134763,6.539500886479317,0.46166086
3,human3_lurch20/human3_lurch20_SkeletonData4.csv,lurch,20,150.01836705119123,92.75669992321677,179.22073118774568,25.05555231051855,166.25440593632837,155.55774779531978,177.9502917948989,4.586118989513635,97.61914852997097,9.077042643479253,0.016946021,0.017086396,0.033180636672537706,0.3426007595659347,64.0714872649498,0.07600188
3,human3_lurch20/human3_lurch20_SkeletonData5.csv,lurch,20,163.01815518921114,134.74208350645725,176.0876805678597,9.874822834389251,166.10163217651828,102.40747263796175,179.58322606365945,17.829094434992104,93.20874035863918,8.717286772367675,-0.010061228,0.010384083,0.05371428128400789,0.24073885252294497,35.83015636429525,0.27788973
3,human3_lurch20/human3_lurch20_SkeletonData6.csv,lurch,20,158.04302466465356,124.96413813362682,178.8298385453814,15.472286085986044,169.9021973932246,122.53390833507504,178.71572918824313,6.618873001588827,94.05525010157044,9.003402929260663,0.019428303,0.012635894,0.02018516437142015,0.21687468181973568,2.316120441413517,0.03537011
3,human3_lurch4/human3_lurch4_SkeletonData1.csv,lurch,4,159.8299430514149,126.01757707281826,176.09895403448434,13.45991901323545,161.15695238361417,134.83065025130256,177.18272716141723,10.103842534519995,98.08824501151734,7.611897890514219,-0.012334427,0.014220355,0.02802903670304518,0.31067664809062706,7.729300051551405,1.026382
3,human3_lurch4/human3_lurch4_SkeletonData2.csv,lurch,4,154.21973638055633,109.3469930298433,176.31916301319748,19.24865325746888,161.726859863708,148.61326211765027,172.98413578567107,6.200480771533851,100.43668560391973,7.848216107763522,0.0045534205,0.0117454855,0.03695655663615604,0.20996888779083547,42.60129631533337,0.7637491
3,human3_lurch4/human3_lurch4_SkeletonData3.csv,lurch,4,160.4129668458945,130.34499172491513,178.6730578145627,11.884380132218928,164.22826361291678,131.8937583546795,175.8149036187807,9.358698687667856,100.52114391974831,6.893760020383123,-0.030857395,0.043858297,0.053019241459421634,0.27326155663827845,4.406920825546365,0.35207582
3,human3_lurch4/human3_lurch4_SkeletonData5.csv,lurch,4,165.12491306567188,129.82205626949502,179.2769763348784,12.435603732318969,160.7207805326075,137.772361978257,178.2653065678503,8.083539282022512,99.13834306926086,7.937341273122515,-0.013797267,0.011068133,0.027681447567973683,0.23438033384018783,8.961975475790098,0.48366022
3,human3_lurch4/human3_lurch4_SkeletonData6.csv,lurch,4,145.83723482877184,72.73060815768812,179.1260149382218,33.244007931356265,162.10185474780047,144.7393445172074,172.09564676188236,6.849199899849157,100.06349775631585,8.542515301674433,0.015215223,0.014517321,0.043882743680955676,0.22382549999729134,79.03910453585871,0.43577003
3,human3_lurch6/human3_lurch6_SkeletonData2.csv,lurch,6,155.23560061579175,117.65750509963637,178.92109266142813,14.893035531570234,165.90458879372133,150.54102852002237,171.81218819894704,4.67019031975413,97.73393962568625,8.768881920410921,0.012341704,0.018372335,0.025521915311489438,0.19649848255508395,39.99242788286709,1.107735
3,human3_lurch6/human3_lurch6_SkeletonData3.csv,lurch,6,160.09179447126192,131.5942346518456,176.43849189993688,12.149897488013078,168.9494276212492,150.54987213927157,178.5237003824113,6.861335732598901,96.09919819987813,7.140597555955596,-0.03516134,0.03363106,0.03899847401824866,0.2729970755812795,16.870429004951546,0.5029812
3,human3_lurch6/human3_lurch6_SkeletonData4.csv,lurch,6,154.84970519072417,86.26526189952851,178.7778236203194,25.612185579302025,165.97413228759447,141.8764692200736,175.726654441714,6.542119608735398,96.40730499335552,8.28527767134771,0.0135783395,0.017595038,0.032852206950811196,0.34959174561933315,58.66237649915048,0.39233875
3,human3_lurch6/human3_lurch6_SkeletonData5.csv,lurch,6,166.13318875478936,136.38180973654204,177.9666802677389,9.744312849236513,160.43100735958146,106.67078310221665,179.0479506205875,18.2269680903937,95.80213910062535,7.793727244624193,-0.019171515,0.028490929,0.021487098207935037,0.2546457409869641,30.792296987173998,0.5985441
3,human3_lurch6/human3_lurch6_SkeletonData6.csv,lurch,6,161.11214129936155,132.25147962982297,179.17068687298286,14.533951310252078,168.75826164924524,155.52067287414843,177.41353959476717,4.24164612707798,97.24542920863954,9.8953795156848,0.020130532,0.013801465,0.03645433237952011,0.25214903425177154,25.026340522541147,0.51990986
3,human3_normal1/human3_normal1_SkeletonData1.csv,normal,1,161.91247439232362,133.69949434706658,178.32011907449595,13.700939699188863,163.28214963446982,128.82539855260515,179.13004885748933,14.943336959316966,90.82739253897735,1.661979046505726,-0.00020847384,0.011137373,0.030724885844930425,0.22790157612029976,5.684025577454804,0.3571539
3,human3_normal1/human3_normal1_SkeletonData2.csv,normal,1,159.7398243877444,125.39853078031967,179.49748038221017,15.787747476308414,159.48127455223465,125.80555573884003,174.40755508166208,14.51743958783779,91.59422677233626,1.1735305796124658,0.014960726,0.013847916,0.025245225598429497,0.14776221059401387,5.496950259068441,0.20103598
3,human3_normal1/human3_normal1_SkeletonData3.csv,normal,1,163.1185726206195,133.39016702964568,175.82558436870764,12.448592801895163,158.2852587493687,108.79921967411774,179.13647745893994,18.150334210651987,92.67588442336535,2.001728570523895,-0.010663814,0.011827366,0.034385034838373615,0.20286406173679603,27.901840445760243,0.65762234
3,human3_normal1/human3_normal1_SkeletonData4.csv,normal,1,155.43368469992853,110.87929536268116,179.7015090341177,19.59181297307303,158.19635872543031,127.36535275762508,175.1168760890422,14.860179793487262,92.87849189617322,1.6838644912458642,0.019673932,0.012730683,0.039047772409049816,0.2215433342600747,21.07069034001941,0.440619
3,human3_normal1/human3_normal1_SkeletonData5.csv,normal,1,158.28920598985337,111.48586309918491,177.18986483805043,15.448954341068273,161.95442910096762,127.59068925494897,177.57121717047403,13.44447106787401,91.27481050452296,1.6726236964427375,-0.0057726856,0.012418831,0.05825234287550715,0.4505720218550194,15.723473823340456,0.74142027
3,human3_normal1/human3_normal1_SkeletonData6.csv,normal,1,158.2659673934606,124.33889301740763,178.55575756594013,15.386899076723713,162.38042321356173,129.59993268793906,179.4286479669639,14.34202249247404,92.14575115880143,1.221544743179908,0.01888022,0.01107011,0.017484516059804712,0.1541919900224408,4.3881492695076645,0.45145988
3,human3_normal12/human3_normal12_SkeletonData2.csv,normal,12,160.52883505644738,124.07970787266584,179.4377946564202,16.481133814017927,159.84765816317758,125.7638478043502,176.03819476644244,14.473696429671499,91.34196237026838,1.4486955365631173,0.012675275,0.011737882,0.015150391234195738,0.152553460316411,5.083739821662135,0.029819012
3,human3_normal12/human3_normal12_SkeletonData3.csv,normal,12,162.41431656547908,128.29669499721712,178.20999790717758,13.345034987212081,162.11133138008756,111.18020886022433,179.36128952388285,15.028027935189163,92.45694000935953,2.308455869575668,-0.01177627,0.012530586,0.022007303183638798,0.25803504556436047,18.267777753698056,0.018170118
3,human3_normal12/human3_normal12_SkeletonData5.csv,normal,12,160.29647063952237,122.04911907954337,177.1733287024237,14.809472322009189,156.86481412309533,118.26515783461458,178.45303961942042,17.18974057912565,91.15834126000746,1.4760365639121327,-0.0043844595,0.012018576,0.036269810075752834,0.1821103656418893,5.06367216192551,0.45430994
3,human3_normal12/human3_normal12_SkeletonData6.csv,normal,12,159.33696131809415,128.39776627815226,178.81508850856028,15.240591762528451,162.47901797671292,125.21471236899254,179.35460835180783,13.997631355072308,92.19538454736036,1.2313084915142238,0.016276618,0.012636918,0.015466321780158542,0.15749304857174998,3.7225737524072713,0.50773
3,human3_normal14/human3_normal14_SkeletonData1.csv,normal,14,160.51038850442148,104.15757684566312,178.61479217474917,16.06147372392404,159.94626033563594,120.40585880960276,175.9423388908485,16.073925031719302,90.9703361294955,2.0794208417816913,-0.0009411115,0.015941765,0.035621550342497275,0.3427658931276896,18.920735247840312,0.4034381
3,human3_normal14/human3_normal14_SkeletonData2.csv,normal,14,156.7459299493137,111.62532105587098,176.36109251446382,16.791620213768446,158.46044205015835,125.23191574431777,176.19075636558034,15.67508015409543,91.72536346027232,1.680105606357612,0.009502311,0.010254565,0.014778552415514228,0.16662073742123976,13.77693083733027,0.42817783
3,human3_normal14/human3_normal14_SkeletonData3.csv,normal,14,162.3726051549329,128.30748683747854,177.79160620833505,13.970488592496304,157.466466921892,112.48414494804052,179.4461071996196,18.90747001660313,93.43101675211356,1.8639155064121469,-0.010669819,0.011632761,0.019436603209056158,0.23177465374472692,17.477842880722562,0.52181005
3,human3_normal14/human3_normal14_SkeletonData4.csv,normal,14,160.46302548002544,129.03841573798286,179.21898328040103,16.028517526395593,157.2269668847289,121.01915121384607,177.2197309039116,15.979496134185585,93.14487549673329,1.874083653886335,0.021127058,0.014534083,0.02813746580536397,0.24911295799181285,6.02001214764735,0.80795217
3,human3_normal14/human3_normal14_SkeletonData5.csv,normal,14,158.46050761253375,120.3065385862634,179.52699485432606,18.007775625803347,157.34482458375993,126.33151331835543,176.90832096547024,15.251313352147658,91.8612476349806,1.8107395485134345,-0.0062624216,0.01192349,0.027483155371510675,0.21576967481653508,8.643648620947857,0.20647001
3,human3_normal14/human3_normal14_SkeletonData6.csv,normal,14,156.0053250398193,122.95164821972038,179.25180003505196,17.053796447135007,161.16503249242285,123.83309764595207,178.80678190618372,16.280320066671113,92.72226901284189,1.6025385855692211,0.016115865,0.011540175,0.020919914066009085,0.21953098259632162,1.3264675550999243,0.26729012
3,human3_normal19/human3_normal19_SkeletonData1.csv,normal,19,159.127296958392,130.55182526497322,175.3934887292649,14.355589516618068,153.8126421043493,105.26255936980651,177.16879631311122,19.304534893369013,92.01959713581829,2.658763684334663,-0.00995798,0.019976111,0.027788835642610015,0.3169732684944412,27.06457347901302,0.53321385
3,human3_normal19/human3_normal19_SkeletonData2.csv,normal,19,159.61303070839,130.0050453448894,177.74482773884924,14.019957736959428,159.81463375554551,127.60424912447941,176.68420000540888,15.112950634783244,92.72087209901939,1.4455963994444059,0.0060426346,0.011768946,0.027413517046705024,0.18570449774464878,1.340168486969631,0.1950934
3,human3_normal19/human3_normal19_SkeletonData3.csv,normal,19,162.69500958917862,129.46278209084497,175.93741884139658,13.450058999695036,154.79186940155742,101.75509477535483,178.93273298152116,19.923878582552685,92.97390122470196,2.080810550929376,-0.017950093,0.016099475,0.023129924628342968,0.22793400839357061,30.70300145561471,0.38927627
3,human3_normal19/human3_normal19_SkeletonData4.csv,normal,19,161.2924129549476,123.66686994765278,178.78123749858648,15.864161692033393,158.14062081993762,78.94015712596776,176.52542678387076,17.68081001895244,92.88651334551767,1.7750969328744672,0.015355809,0.014405888,0.03303532528622378,0.5090836940544483,42.470902106969305,0.14396405
3,human3_normal19/human3_normal19_SkeletonData5.csv,normal,19,162.35841731899893,133.2605679278368,177.78061293814102,13.299375110584215,162.84822002970688,130.31220489755478,178.75174613126745,13.669757434055926,91.89615178397952,1.7169494285493963,-0.0071979244,0.011262531,0.042911116624075096,0.2064317038020292,3.9194962234084585,0.30349994
3,human3_normal19/human3_normal19_SkeletonData6.csv,normal,19,157.35325272434892,122.53978517282543,179.14387199721776,17.377429790731924,161.18371548340687,128.72569779615256,176.25599741654793,14.475088332378013,92.84723407709023,1.3442071408559706,0.015223455,0.010762805,0.0168556095369964,0.20871140101043847,9.073787203996957,0.37008977
3,human3_normal20/human3_normal20_SkeletonData1.csv,normal,20,163.33709419560955,129.21940453302193,175.5870785411696,11.992335681482558,162.31126131495444,124.74735589217202,177.84532104051277,14.428228286591683,90.83131630856197,2.838921241144128,-0.0032086475,0.013977179,0.030430704760630735,0.2802055302867485,6.730291140193074,0.09484959
3,human3_normal20/human3_normal20_SkeletonData2.csv,normal,20,161.22465585007967,131.96385883477726,179.2849888204995,14.609448592251384,160.10956935129218,127.4978989817367,174.73552390454213,14.579873433955797,91.62807970229713,1.574080814970073,0.01551137,0.014850171,0.031402526040848755,0.17823087445013125,0.0835050629168137,0.13870192
3,human3_normal20/human3_normal20_SkeletonData3.csv,normal,20,163.10152835562502,130.4914516829114,177.1212149196789,13.568333204669083,156.22592477748887,107.61987797372454,177.67714167819153,18.46749080760215,92.03130523932182,1.959732020606912,-0.015907142,0.014002797,0.0178452024324158,0.23621848800124678,23.42750046769949,0.44689512
3,human3_normal20/human3_normal20_SkeletonData4.csv,normal,20,161.09431622001125,127.1909925047231,178.76135482598752,15.193477041385126,156.72063328547574,125.44155590480219,176.7015175313572,16.08618545083109,91.89760415202846,1.8338018217265115,0.020261528,0.02044365,0.02926295208791911,0.4883518921953802,0.3104006947094007,0.83675885
3,human3_normal20/human3_normal20_SkeletonData5.csv,normal,20,160.28293548838087,128.88354033995245,176.79352978987274,15.65259345125101,159.41158136050456,107.81483592372443,177.63031803090033,17.01187397158539,91.40452534114772,1.6143453367635765,-0.0076681883,0.01390837,0.04588653312484425,0.21855076446449823,21.905492657255607,0.10033989
3,human3_normal20/human3_normal20_SkeletonData6.csv,normal,20,158.89728338474634,129.06008371243462,179.6376270551217,16.083923392896565,162.16817099534242,128.30649784214543,179.1526647527018,14.544788691979262,91.94917489784635,1.4287182678453538,0.014260769,0.014982196,0.015630713006370294,0.22875199013581698,0.2686235678692981,0.14467001
3,human3_normal4/human3_normal4_SkeletonData1.csv,normal,4,159.26030277063657,127.72608509305462,175.7374446141448,14.433284125452309,158.03388693112134,124.676050237172,176.8550663677911,18.074101778005947,90.98745191554288,2.3781628017347147,-0.0042307554,0.017452992,0.02743080085091943,0.2952356684794665,4.167656609528905,0.3468535
3,human3_normal4/human3_normal4_SkeletonData2.csv,normal,4,157.28153847840085,127.54848020515746,177.97884254737872,15.74968626712577,157.9900721034892,126.66314477695859,174.53032761878836,15.045655910417828,91.54287365086883,1.6975679754054342,0.007935784,0.011170071,0.0206788285944116,0.1791536513080032,2.5631795003914846,0.16745758
3,human3_normal4/human3_normal4_SkeletonData3.csv,normal,4,161.25694850847353,125.35041317560386,176.06195540114007,15.122649182969893,159.29344810935754,117.25378835855042,177.07741404210623,14.37435621638886,94.00237077060835,1.989559276774418,-0.01689532,0.015560325,0.023601247114797632,0.239030957782779,9.112083458019598,0.7271037
3,human3_normal4/human3_normal4_SkeletonData4.csv,normal,4,158.26159942601956,122.82840786675108,179.16877584774466,16.72169683863569,158.55743650363837,124.39164238655987,176.58937742406297,16.400539788782,93.90312538843408,1.8398715151975886,0.015560071,0.013789673,0.024870185372145328,0.24177714600274353,4.142632943490469,0.6412678
3,human3_normal4/human3_normal4_SkeletonData5.csv,normal,4,161.83487116589757,126.44055017357,178.9812378485565,14.866637878275133,161.71780078821658,132.77097566513916,178.25306174497626,13.966817634563698,92.18098191604903,1.4953516663989594,-0.010571508,0.0119989915,0.04349612253310411,0.2324951650640322,7.058601595149398,0.04629016
3,human3_normal4/human3_normal4_SkeletonData6.csv,normal,4,157.95017140373105,124.5263098211508,178.1777866686484,16.767860604004408,162.40135411507737,126.38847253921514,178.49381080619295,15.423344086283203,92.99393696990214,1.3271584263162612,0.014212918,0.012202513,0.012940755199676409,0.19826516737921265,1.5461385805197807,0.2672
3,human3_normal5/human3_normal5_SkeletonData1.csv,normal,5,160.04571209400137,128.39298338511827,177.12062489250386,15.478492166880061,153.65445609708613,121.25439473845209,178.04398383883265,19.929174074568316,91.99806108067764,1.9279919214836303,0.0022192698,0.010335185,0.028382309131523703,0.2927570990972188,8.061947592994969,0.4426427
3,human3_normal5/human3_normal5_SkeletonData2.csv,normal,5,160.03497087836448,128.91471876320205,178.64583982236425,15.903683070967782,158.77124769009905,125.99224128809259,177.0997150210479,16.10611580710506,92.40901599705819,1.602296142481605,0.010786772,0.0109144775,0.024443958226245083,0.2162284284482813,1.3763526737931073,0.032568216
3,human3_normal5/human3_normal5_SkeletonData3.csv,normal,5,161.31473252938966,125.2297764642321,176.79836926701373,15.419491379430992,154.15541384243016,111.81266553240023,178.5510566466044,19.066395217307072,92.99875681457517,1.8017134998052047,-0.012562634,0.014379375,0.02185002426280789,0.25153604842216665,15.16979831142254,0.4985845
3,human3_normal5/human3_normal5_SkeletonData4.csv,normal,5,158.3862934867228,122.10498549266966,177.876070435137,16.805722281425805,158.39156429372468,124.97709303536364,174.74832500822652,16.085342341917205,92.97780402344466,1.6194942999366917,0.019240202,0.012571535,0.02219018444288446,0.2532624389852638,5.999852969604461,0.10842419
3,human3_normal5/human3_normal5_SkeletonData5.csv,normal,5,162.20993049399976,130.56922967487935,176.81947798183631,13.49024845747851,161.68159154790357,129.69412622059417,177.17658201182368,14.77180946104536,91.09790591754164,1.6251406582706671,-0.004099549,0.012481873,0.05855963018164815,0.2439337972230663,1.23220748427255,0.47548008
3,human3_normal5/human3_normal5_SkeletonData6.csv,normal,5,160.23844816790404,129.27653147917442,179.25424988916268,15.418850360118322,160.1578426243114,122.11947169736497,177.10002389197243,16.55779570571163,92.13780946488828,1.3044918538573587,0.020690538,0.010073103,0.022995693163123155,0.2098907898567219,5.002833784619199,0.30393004
3,human3_normal9/human3_normal9_SkeletonData1.csv,normal,9,160.5558274214774,49.40450008849151,176.6298462354725,17.899088959091355,160.4480531652287,95.66429813974673,179.14360513786926,16.8810939242197,90.18185137618904,2.4365231799216454,-0.009669488,0.020564027,0.05878555477856081,0.35294094957570815,43.74603914885847,0.23313713
3,human3_normal9/human3_normal9_SkeletonData2.csv,normal,9,158.522089679402,122.90861503682052,178.61600323488315,16.450415118038237,160.67830566765335,128.84460309646434,176.43565841587792,13.657764428918961,91.07541232585987,1.268173540951456,0.015490418,0.009942767,0.030658642549813066,0.18766215917211465,8.116332878649047,0.2331028
3,human3_normal9/human3_normal9_SkeletonData3.csv,normal,9,161.65397759459836,127.16603121880415,176.22753447457808,14.423503851613264,161.43985972456733,113.5960550387149,179.32231184058867,15.294085021529957,92.31879990394569,1.6744037970394245,-0.015690472,0.016719706,0.03679204252026684,0.24432119837863778,16.664753546099845,1.0125566
3,human3_normal9/human3_normal9_SkeletonData5.csv,normal,9,162.65398752126902,130.99666729923862,177.94789372381058,13.964516258055184,159.58136672230523,124.92697414359822,179.72919109235028,15.009125568300865,90.93838519204851,1.4322102972728712,-0.006160682,0.011113708,0.03277501063559461,0.22644883830198317,7.850990524180105,0.086316824
3,human3_normal9/human3_normal9_SkeletonData6.csv,normal,9,161.5669984925306,126.54782063332047,179.08966778203379,14.979058577370875,160.04012425740905,123.48732731331923,176.55248762332616,13.85132485916493,91.5846276134916,1.337353407340936,0.016770607,0.011616673,0.020115680699513416,0.2301753020618306,0.5233131612936148,0.21282983
3,human3_steppage10/human3_steppage10_SkeletonData1.csv,steppage,10,161.99991084658095,131.18452266278618,175.69832582086252,13.112459948432218,148.38984892517382,80.3727683462718,175.1850605225904,27.156040036486623,92.4688483286939,1.7450061202253884,-0.007792505,0.0107893525,0.031026020072482757,0.25077319085054617,50.29848901824225,0.7641562
3,human3_steppage10/human3_steppage10_SkeletonData2.csv,steppage,10,161.50473594217004,122.96145621071202,178.4281830688687,14.206224926051432,142.98591997988683,78.36172274090025,169.90348293260035,26.987542084952285,93.31007579697322,1.716572981893711,-0.0010118338,0.008886023,0.03106357019605681,0.22097930750486933,36.07503333354343,0.3885479
3,human3_steppage10/human3_steppage10_SkeletonData3.csv,steppage,10,163.4961005650436,128.64049263028306,175.9214116830087,13.292088689809704,140.3213406200256,80.34183014209246,176.34392689013478,24.83045668017467,93.72100343220534,1.9417756912330182,-0.018692648,0.013066591,0.024092223225463866,0.23744334068604755,48.72117769531668,0.313581
3,human3_steppage10/human3_steppage10_SkeletonData5.csv,steppage,10,162.52382083934975,130.55761521044465,176.29927151800752,13.344134941490195,139.48261579722146,79.45693870298373,178.72295394201075,27.96328552214576,91.97137616762357,1.578093259082731,-0.014067485,0.009907064,0.037577682134932996,0.2544585617702927,53.52435893146415,0.31120014
3,human3_steppage10/human3_steppage10_SkeletonData6.csv,steppage,10,164.46133048673212,119.12639104999023,179.63227487338074,12.899232242360267,135.304032599198,77.41982713207662,168.47686677164856,28.053967068260075,92.6307042320642,1.695100697770774,0.014642673,0.010641185,0.024750392092512924,0.3392215710677461,30.551155816181435,0.14203978
3,human3_steppage11/human3_steppage11_SkeletonData1.csv,steppage,11,161.592564477833,130.23021044740062,175.06276980172802,11.981253637332658,149.36065333564392,82.57988442135917,176.6696616645298,25.9990033127307,92.02544394778411,1.5419816442644025,-0.0056798942,0.014396997,0.030865991160933647,0.2597039198436031,49.25721788884323,0.43863702
3,human3_steppage11/human3_steppage11_SkeletonData2.csv,steppage,11,161.60712081254732,129.66808150862508,178.76256289288577,12.809398745735189,148.23752331431314,86.55948496304241,177.19599798993946,26.52324797752374,93.48610611073005,1.8695517733678007,0.013629077,0.011830641,0.02942501216804956,0.2873908594357141,41.54203164263636,0.36025763
3,human3_steppage11/human3_steppage11_SkeletonData3.csv,steppage,11,164.94454176866213,128.3372218760057,178.21360910408393,13.7750314487382,138.86852038687064,74.44910138355444,176.33965062600845,29.54988495968227,92.67971126010615,1.4120790162705699,-0.0149231525,0.0146865,0.04468095599219945,0.27884823027252104,52.0141620143758,0.501564
3,human3_steppage11/human3_steppage11_SkeletonData4.csv,steppage,11,163.44752364900498,123.9102997620744,179.06082731829716,13.81291303615588,137.41748520220273,78.12427073082159,168.33993967124132,27.097785251600953,92.45741724770228,2.003562373655444,0.0147414515,0.016637124,0.04832445852671777,0.6912413706961262,35.06514138419698,0.2334919
3,human3_steppage11/human3_steppage11_SkeletonData5.csv,steppage,11,164.16044598190945,125.81849869898444,178.63325706139773,13.659007313789667,146.50073095077238,67.39046863219073,178.05765572735345,23.753950185606524,90.88539213371412,1.77147961003728,-0.011821128,0.013754772,0.047246579070403194,0.25773383292493496,57.85242873274943,0.39847994
3,human3_steppage11/human3_steppage11_SkeletonData6.csv,steppage,11,163.94727132183607,120.8275940158198,178.67743560218656,13.009611878418127,140.95935381155402,92.64830534039282,168.04195843699452,24.94611986355779,91.751096574129,1.6485586033689497,0.0176033,0.010520592,0.020764858658047926,0.2641167070056266,17.54381151023493,0.27418923
3,human3_steppage16/human3_steppage16_SkeletonData1.csv,steppage,16,161.6797336852819,130.30754939804046,176.0267281185371,12.718740801447362,147.52015669048038,99.97650645310082,174.52612206554915,20.27800423356141,91.59123171274756,1.7769998851783528,-0.010098766,0.01014284,0.032747073478508214,0.24646223508806883,28.830436891951678,0.96017015
3,human3_steppage16/human3_steppage16_SkeletonData2.csv,steppage,16,162.98634408536063,126.51026812983636,178.27183755192738,11.95926124441999,148.4448009374651,98.80192659325071,169.33383765935025,20.472962353349722,92.09495330295712,1.9184882884487047,0.0041484,0.01024753,0.032383911863685194,0.2530402892793409,18.770341644008525,0.9074774
3,human3_steppage16/human3_steppage16_SkeletonData3.csv,steppage,16,162.71925938015755,121.55371092496198,176.2726742289141,14.569152153312022,145.06615461773154,89.01883005137944,175.1622011824701,24.84308396356805,91.29174372500994,1.4865398007896564,-0.017330205,0.015713742,0.023751310011508882,0.23117593097593858,31.424407827138552,0.95986676
3,human3_steppage16/human3_steppage16_SkeletonData4.csv,steppage,16,154.61447336972262,83.05724136996756,178.00171211017266,30.119693426287064,141.56705279795375,93.36014211363404,166.3887315810915,18.722895861807306,91.77647224064441,1.7549892226735238,0.013859918,0.014170597,0.029886641436781297,0.2729028078754169,21.915881272747654,0.10357261
3,human3_steppage16/human3_steppage16_SkeletonData5.csv,steppage,16,163.5312021427537,127.41729680240508,175.5104659289473,13.068215834034815,146.82515857562043,91.93363769963128,175.49636332997594,21.785773949810057,90.16942930193576,1.3403296971015846,-0.01885975,0.010289283,0.03900550219315755,0.22054523485822933,35.46955650380244,0.4305439
3,human3_steppage16/human3_steppage16_SkeletonData6.csv,steppage,16,163.84880013859146,123.17173652279945,178.19665333528027,12.762351076320423,143.09490939102224,88.20701550808347,171.9453577971145,22.622007245623426,90.63873802106404,1.7230960739714476,0.011288556,0.008434167,0.019527317874096,0.2576656074163589,28.7134254765502,0.09143019
3,human3_steppage18/human3_steppage18_SkeletonData1.csv,steppage,18,164.13515162490015,136.42381939413332,174.82040078211966,10.75587741949608,147.48921955074223,88.03200090391296,176.04264317637814,26.21848074119567,91.39053905616656,2.0310989956157512,-0.0066013257,0.009970998,0.027065213462524947,0.1935788665735974,49.61406088447883,0.11575723
3,human3_steppage18/human3_steppage18_SkeletonData2.csv,steppage,18,166.1728116405746,125.0015675597093,179.1898960233318,12.608129528515924,145.58337430934466,103.40052602529829,169.27565698115836,18.919846116116194,92.62061280012135,1.957438371816896,0.008707443,0.007156626,0.030050107476374023,0.2168090709760601,11.686802492237561,0.25018907
3,human3_steppage18/human3_steppage18_SkeletonData3.csv,steppage,18,164.66080137836948,131.84923686897255,174.61497840262797,11.948992389636867,146.681790177667,91.1294525264368,176.0373478098897,23.608360261952875,92.61886165500995,1.6364971964013824,-0.017721323,0.010429118,0.02598562965215455,0.1961146831801274,42.14215374979749,1.196379
3,human3_steppage18/human3_steppage18_SkeletonData5.csv,steppage,18,164.33670258364015,125.54926301692001,176.77179027534788,12.144650498733215,146.8287120690316,88.9461203437719,178.75818035438488,22.986347906549454,90.30124819001848,1.5705525144298482,-0.012366278,0.010658415,0.03603361199052039,0.21450650058108434,38.58953275218511,0.015870094
3,human3_steppage18/human3_steppage18_SkeletonData6.csv,steppage,18,159.35919679234414,107.86242682417979,178.30005972683648,17.186417006842902,145.41766302296676,87.47793127817063,171.92343203486243,24.03005869726364,90.9515735083025,1.3728613645057317,0.017707137,0.015067807,0.02267074061911814,0.25404545745668405,14.007867854035112,0.2160399
3,human3_steppage2/human3_steppage2_SkeletonData1.csv,steppage,2,162.64902586743244,132.56977679620064,175.0898519144192,11.15538090872419,159.04295991877288,109.93283464346335,179.7705147327224,19.328600218724258,91.84342078154006,2.444826822242989,-0.015868053,0.012771673,0.028469520956400495,0.18674887249107247,27.317604971040495,0.12530017
3,human3_steppage2/human3_steppage2_SkeletonData2.csv,steppage,2,165.45200107864517,125.46404638575844,178.24684182265332,13.66904425433201,152.05047841307976,117.30920215209828,174.00689265957539,19.22408143412016,93.01164736389366,2.2380610764198705,0.0069474834,0.013010038,0.03600592366852339,0.1918185153574101,3.9148950705822188,0.35830402
3,human3_steppage2/human3_steppage2_SkeletonData3.csv,steppage,2,162.72815338288362,131.75189537209852,175.00312991267623,11.781617143284821,153.94027218349876,109.89482143285684,178.74989485339373,18.017145485060972,94.40295841119784,1.2672786118609398,-0.026273979,0.008769498,0.022545425525094562,0.17747529095883152,25.60383887995917,1.0343828
3,human3_steppage2/human3_steppage2_SkeletonData5.csv,steppage,2,160.3454933749368,129.84467571044502,174.69220695886474,14.130200838144384,155.24557516552545,124.1897409944873,171.0983901217206,12.75595027763307,92.36628234662044,1.144914520455941,-0.017130159,0.0071219048,0.0339004621235735,0.18086128460179265,2.061117878813576,0.79525995
3,human3_steppage2/human3_steppage2_SkeletonData6.csv,steppage,2,159.90727591586395,123.07721497649426,179.72509800811696,14.480026009535841,151.09903023930985,121.17933736855923,170.3518671069256,14.477170657344914,93.0425797532248,1.5849421735745495,0.011084184,0.0075837956,0.028448179265867908,0.22165232705307095,7.475353293256333,0.39005995
3,human3_steppage6/human3_steppage6_SkeletonData1.csv,steppage,6,157.05516954128345,124.57544978997386,173.96734773296023,11.956640815142427,150.1049506227136,94.63665314196872,176.80862947920747,21.32493111011307,92.05330703534888,2.5190142876395742,-0.012415608,0.009157098,0.034916066677604704,0.265307444200981,32.78007839425237,0.51313186
3,human3_steppage6/human3_steppage6_SkeletonData2.csv,steppage,6,155.85921343816972,104.47073925408758,178.91960410595843,18.259812283777038,145.03165773716086,99.52923845910367,176.41489914808176,20.35622208477293,93.02966024252586,2.1997739435544075,-0.0014717148,0.008231836,0.02983774124041987,0.21377061857670313,2.4367958371072405,0.06732392
3,human3_steppage6/human3_steppage6_SkeletonData3.csv,steppage,6,159.92628096561467,126.21963925454718,174.70447463317808,12.550892291073385,146.00182843870684,96.4863746958294,177.36274025251473,18.8828654670212,94.40470590072944,2.26828514557376,-0.018301768,0.011769103,0.026480906950103716,0.23298215588926965,32.391530178054424,0.39725828
3,human3_steppage6/human3_steppage6_SkeletonData5.csv,steppage,6,161.24450784518027,124.1565846099567,176.72733194690886,13.560646053149666,140.2165978430954,91.05335606120474,177.43215732961835,24.05993901517814,93.58929245193902,1.6497481679476986,-0.014847817,0.009911784,0.026493563710015645,0.20063853682026256,33.808053931461444,0.52682996
3,human3_steppage6/human3_steppage6_SkeletonData6.csv,steppage,6,156.75411534149558,115.8090984854821,178.29039055266074,16.49607505124038,137.12361716888032,94.805160456337,166.5572445852981,22.42514818749733,94.80224843888122,1.9777665061248382,0.0059757377,0.012133627,0.04232834253936621,0.25881094886038597,9.270792061782444,0.49723005
3,human3_steppage7/human3_steppage7_SkeletonData1.csv,steppage,7,158.8604803031268,126.97537964958973,173.93346913022202,13.175587200824458,142.95804253918712,95.30790027290071,175.7168098844295,23.523986549922558,93.37195550555725,2.0106307558724636,-0.008194294,0.01432705,0.031788545388986685,0.25126474181612546,33.45082013089649,0.8204782
3,human3_steppage7/human3_steppage7_SkeletonData2.csv,steppage,7,161.16236631639617,120.33662516590496,177.25478635797526,14.519134995696216,142.77058692692168,95.47620853120986,176.4241090434828,21.719486737663505,94.49792544782072,2.2749484876106076,0.0031133287,0.015373301,0.039779505453444455,0.22631541386891027,24.029739320202623,0.09460163
3,human3_steppage7/human3_steppage7_SkeletonData3.csv,steppage,7,160.01349948608103,123.90878452534439,174.54710016505362,13.480434891926809,142.14644790925652,99.63003841573332,175.41190677760787,20.585718858908216,94.75942268011387,2.1450746163987042,-0.020627562,0.01719811,0.022963009511128243,0.1948342680303161,25.14355272216531,0.58171606
3,human3_steppage7/human3_steppage7_SkeletonData4.csv,steppage,7,163.0207958842401,115.04907426125622,179.66644127794154,14.32880925973677,137.75270073705727,91.30275009215123,175.01772755674517,23.956164273699276,94.98963731493097,2.7343369558559534,0.007467345,0.017240414,0.03035926319002243,0.3892837304560213,19.09761044790862,0.09815192
3,human3_steppage7/human3_steppage7_SkeletonData5.csv,steppage,7,160.83107094115843,126.04414367887051,173.20777237636045,13.221966014087469,145.4358334102885,107.52542112069344,177.32780017940237,16.85400347331364,93.23876871533746,1.0819656691663169,-0.02190294,0.009919697,0.040571674844057645,0.20404204429278702,22.638750361218996,0.34082985
3,human3_steppage7/human3_steppage7_SkeletonData6.csv,steppage,7,152.90313086090666,79.42965438588165,179.41052659611935,26.32894032735698,140.20291327698018,106.35491520873647,166.42512154189302,17.754143384324372,94.3875929765984,1.4140464825775836,0.0016530919,0.012025184,0.01770802680178354,0.2944267827848052,39.91066587708116,0.10483003
3,human3_steppage8/human3_steppage8_SkeletonData1.csv,steppage,8,159.46441808460293,123.52009394078924,175.54722346368897,14.267757890540143,144.95326773042325,104.79418631168429,177.1829067440451,18.88921011631779,93.24156235562756,1.9598000218071538,-0.011970583,0.013200931,0.02978571712150349,0.276294869956669,20.3615909094611,1.2114029
3,human3_steppage8/human3_steppage8_SkeletonData2.csv,steppage,8,154.1531942316269,87.84205734766908,179.59978790975404,25.42863268412744,145.19170207378355,105.80337976279948,166.49462972200934,17.1997406301084,93.92211783771923,2.1015720847429087,-0.001656158,0.012919544,0.03367803600973476,0.24610317301201742,31.066480602875103,0.8825898
3,human3_steppage8/human3_steppage8_SkeletonData3.csv,steppage,8,159.5753779846582,123.25757348425803,177.5319315246954,14.138373892848042,148.9611390796209,105.39852710595035,176.92446404296393,18.242740519821528,94.59821951541441,2.0937854986160693,-0.028920779,0.0124906,0.02271671029492243,0.23239436908881098,17.251578896576206,0.6259961
3,human3_steppage8/human3_steppage8_SkeletonData5.csv,steppage,8,160.943631592729,124.0102134518612,173.62903105372607,13.942474452682417,146.26019356970198,110.54075352100854,178.54468697832425,18.491057422077557,92.09068396859892,1.1637511206296915,-0.020494599,0.007791281,0.03313877718473094,0.23229201275278785,18.38511585545085,0.48082995
3,human3_steppage8/human3_steppage8_SkeletonData6.csv,steppage,8,160.06875452065236,121.71835869389,178.69082828952742,14.882887292632008,143.53768353612486,105.93403077606322,167.4752534164556,17.499954090206202,93.13372915288707,1.3710073643430154,0.0067472346,0.010369621,0.020947016224433505,0.26023398504770434,4.568753044754942,0.022132874
3,human3_stiff_legged11/human3_stiff_legged11_SkeletonData1.csv,stiff_legged,11,165.49375878634356,139.5446705258147,177.34597441303276,8.628439006056649,170.12663038669507,146.19014235038767,178.2566611021149,6.523340442880608,88.20720264046676,2.031541385049901,-0.005417534,0.021614285,0.028667009993027695,0.40487176375959294,5.734785135490853,0.21690297
3,human3_stiff_legged11/human3_stiff_legged11_SkeletonData2.csv,stiff_legged,11,167.51640621965905,142.62629211351728,177.52699476095236,8.737098600346071,168.7304174078038,161.70568689611906,174.88608287665656,3.1070772596256853,88.38046781875094,1.5238149859644925,0.017933581,0.015859509,0.011720523999920816,0.18996460520158429,21.720306666897585,0.106025934
3,human3_stiff_legged11/human3_stiff_legged11_SkeletonData3.csv,stiff_legged,11,166.234449774698,136.5575346327456,179.59374383133036,10.766042563811014,163.5218025517134,108.80324863681932,178.36488220943664,16.084001808548948,90.09312826929406,2.0624241218672075,-0.012458987,0.016374407,0.027537846571899963,0.25671490956264253,26.525424374032553,0.39413095
3,human3_stiff_legged11/human3_stiff_legged11_SkeletonData5.csv,stiff_legged,11,166.47000530173045,140.8334356600165,178.72111351246673,9.825848522541701,169.03432867659984,148.9792228706678,179.39721801403522,6.812731620209027,87.21768136614973,3.183997788108167,-8.1971666e-05,0.010376628,0.024983950944502547,0.255180761736557,7.469682709082804,0.32565975
3,human3_stiff_legged11/human3_stiff_legged11_SkeletonData6.csv,stiff_legged,11,166.74825874419582,136.25340281408924,178.2821631228936,11.305560813087004,172.4678940545406,167.90564969306692,178.58446634521565,2.409466145662825,87.63166487506132,3.0154506028811285,0.029234957,0.013866558,0.023767426934857127,0.17826360118291482,31.349943656655626,0.27666998
3,human3_stiff_legged13/human3_stiff_legged13_SkeletonData1.csv,stiff_legged,13,165.2026799260996,136.1472374411231,177.27990226596384,9.60014396792377,169.49320257654642,158.61642297857776,177.53221578334075,5.663618032793939,87.40511778592368,1.9979336659524671,-0.006027935,0.01719574,0.024970704223685622,0.2745227916877736,22.216872020077744,0.22293091
3,human3_stiff_legged13/human3_stiff_legged13_SkeletonData2.csv,stiff_legged,13,167.18123401271848,136.5059928856856,178.65358305165913,11.585372654719773,170.32068258884183,165.32882300233015,176.21730167453612,2.428855997581994,87.68292793234983,1.9027630323512088,0.020484144,0.011876449,0.021611498946800988,0.15142552236828402,31.259111493767563,0.24005365
3,human3_stiff_legged13/human3_stiff_legged13_SkeletonData3.csv,stiff_legged,13,164.26443251182462,134.04737539474635,179.82659342344928,12.26503714259152,167.99838093421818,130.56353917330821,179.20764856690545,8.215439089848285,90.04365590850367,2.3522016539611967,-0.0118756,0.015515917,0.036067192801831294,0.23762896590050156,2.864891364894305,0.116021395
3,human3_stiff_legged13/human3_stiff_legged13_SkeletonData4.csv,stiff_legged,13,164.9440333712194,119.30701173764982,178.64313846932419,14.900801063413548,170.1633584462864,150.85693031053185,178.63834479657626,4.046841198726675,89.43388463124909,1.834098795624496,0.022668837,0.017395156,0.03396616326287449,0.4104164513538633,31.554712245629958,0.06503296
3,human3_stiff_legged13/human3_stiff_legged13_SkeletonData5.csv,stiff_legged,13,164.5082165007254,137.6551536026892,179.7578744713189,12.302777258059395,167.42838521769454,140.68019618643712,178.23793902877622,7.957773250841513,89.1975480158773,2.068565516939515,-0.005087975,0.012617716,0.020824974492866456,0.2545524554039333,4.544978026290579,0.5981302
3,human3_stiff_legged13/human3_stiff_legged13_SkeletonData6.csv,stiff_legged,13,163.99646817349483,132.42938208177992,178.91377162843668,15.013301450783896,172.15214917279087,166.78507508852755,179.4738651565005,2.702741632690944,89.80711647473795,2.0016269223676364,0.02358589,0.009276004,0.04112016698285096,0.1865739958585092,33.79559947868381,0.34062982
3,human3_stiff_legged17/human3_stiff_legged17_SkeletonData1.csv,stiff_legged,17,160.78516744231553,129.8757225154019,174.76050721383348,12.719791091018543,167.89003307312132,127.84411836096521,178.20474517893604,8.609652754674661,88.9804389963891,2.1339432611288833,0.0045462702,0.01709435,0.036654901105818,0.29729156362154796,5.475842119539237,0.23774338
3,human3_stiff_legged17/human3_stiff_legged17_SkeletonData2.csv,stiff_legged,17,163.57428241851844,127.25563753921786,179.1230087740511,14.077206587233759,168.96736089079883,162.82392390799032,174.3223748895728,2.3982315810064483,89.44240438796466,1.7162399726034316,0.02334866,0.0138115585,0.01665297067394725,0.14884066936944407,40.36892025325075,0.32122302
3,human3_stiff_legged17/human3_stiff_legged17_SkeletonData3.csv,stiff_legged,17,164.81576274611677,136.19143614808428,179.8497046198971,11.026686590018167,162.60674390996826,105.76495869652864,176.92982667314686,17.844034496439207,89.55132507188219,1.2841602396307927,-0.009667906,0.01762744,0.03592755310247234,0.20609907109338232,27.506599504805408,0.1900158
3,human3_stiff_legged17/human3_stiff_legged17_SkeletonData4.csv,stiff_legged,17,166.46714963616503,120.89677148716851,179.82435509982716,13.21132838004626,170.11191724896054,163.164500241095,174.7997671821262,2.5786311502364256,89.21652144916924,1.4145548985650362,0.027866734,0.015892612,0.035881044107328286,0.5096763625150585,47.29231667162745,0.08964181
3,human3_stiff_legged17/human3_stiff_legged17_SkeletonData5.csv,stiff_legged,17,167.7569141662605,137.79703543600192,179.1939728915867,10.331451415038206,168.08640403900378,146.48429768121503,176.2185655079913,5.923592396919217,86.99846876962094,1.4647022415089734,-0.004075263,0.011999068,0.024990750076824456,0.20236319829006208,11.662669628808516,0.4556899
3,human3_stiff_legged17/human3_stiff_legged17_SkeletonData6.csv,stiff_legged,17,169.50857438400735,139.687845522915,179.0993816037796,10.59957078978809,172.25075443803362,166.08635562109035,176.5152703074302,2.0222382355780106,87.50607934715882,1.328713864241316,0.025373982,0.010135785,0.03209691353279897,0.17035287183707226,28.982621394524728,0.45869017
3,human3_stiff_legged5/human3_stiff_legged5_SkeletonData1.csv,stiff_legged,5,162.2670053253133,133.80984976877824,176.18450533101955,10.800414559433461,169.61463638301169,152.98594090712544,177.44567322417151,7.434357057248958,91.42759858123152,2.2452582677125923,0.00082236563,0.013577583,0.02409186422396977,0.2411149029921401,17.91492324519524,0.35820603
3,human3_stiff_legged5/human3_stiff_legged5_SkeletonData2.csv,stiff_legged,5,165.5344651594713,132.69901440866872,178.77184118640696,11.712070429987365,170.91388438274575,163.79271394362758,177.73199300249266,3.038375678398122,92.36191659893257,1.2228481707730445,0.029558148,0.012224317,0.01824581933838055,0.14166644245823218,32.13354771887316,0.20092869
3,human3_stiff_legged5/human3_stiff_legged5_SkeletonData3.csv,stiff_legged,5,163.3018350830953,135.92236612437546,177.68043040451852,10.796001525602364,162.94794341992113,104.22651658492828,178.747421437375,18.292122857995782,91.90556124934602,1.67750830905377,-0.0038655072,0.01277375,0.02485180403132641,0.23372513320954366,32.76284057230367,0.92510414
3,human3_stiff_legged5/human3_stiff_legged5_SkeletonData5.csv,stiff_legged,5,160.6991164540054,132.44540365793895,174.36300107535348,11.518085993625734,160.0711953303905,95.53265388745699,179.72380307343326,25.471767700205703,90.84674757774262,1.9004952517709526,-7.4559044e-05,0.01205757,0.03606469418390656,0.18696335990010876,42.273551768561745,0.27776003
3,human3_stiff_legged5/human3_stiff_legged5_SkeletonData6.csv,stiff_legged,5,161.44280808560785,123.65266065172769,179.17134094881092,16.066398030013058,171.87665708529212,163.37502061149723,176.4503789209427,2.5318292256313377,91.86764385033682,1.7216106461770717,0.027464727,0.010138811,0.023016504048837753,0.16729560112574327,42.44332198763776,0.034499884
3,human3_stiff_legged6/human3_stiff_legged6_SkeletonData1.csv,stiff_legged,6,159.249734509243,129.30213974300497,174.16072266643948,12.879418785845838,168.708733071323,143.71210284083978,178.6925470037508,6.938206115555627,89.74425769044804,1.5722307635953385,-0.00958098,0.015251332,0.025393967582351917,0.26284631244287887,9.878138760523484,0.017996788
3,human3_stiff_legged6/human3_stiff_legged6_SkeletonData2.csv,stiff_legged,6,165.24710712458378,133.65741286782767,178.92519200442095,11.973771817318706,170.11292304389312,166.5722717499633,173.98248589235249,1.8001395833103802,90.08758853448919,1.3107918203613036,0.021122226,0.0111596305,0.02538806889988201,0.17357312155209387,37.8575649942041,0.118376255
3,human3_stiff_legged6/human3_stiff_legged6_SkeletonData3.csv,stiff_legged,6,163.85781709323658,131.01909499883251,178.80565362293794,12.324078556387093,159.2655496288162,98.51847229710779,179.42781301434684,18.22478301068271,92.14848443707902,2.741510228320132,-0.006847915,0.014403774,0.027955495479804512,0.1994769271542602,33.12278209313362,0.5227847
3,human3_stiff_legged6/human3_stiff_legged6_SkeletonData5.csv,stiff_legged,6,164.2985527175246,136.05878595290383,177.14650373542818,11.596400464858599,167.95612561674284,154.39276336898487,177.63076845617837,6.303300675416046,89.83261035226957,1.4338835981037394,-0.0020305673,0.014627831,0.0420836058328265,0.23899367352238887,17.84971269533085,0.52296996
3,human3_stiff_legged6/human3_stiff_legged6_SkeletonData6.csv,stiff_legged,6,165.80369919610106,132.6042835944865,178.9392126071203,13.919133297746564,172.14321365442663,165.30323531499255,176.70327682508704,2.2971939554971597,90.704324322265,1.0607896945125128,0.02821335,0.010104136,0.024646073638508587,0.1764773215601708,34.93488750253931,0.24398017
3,human3_stiff_legged7/human3_stiff_legged7_SkeletonData1.csv,stiff_legged,7,160.16179911791482,135.77373079311218,177.81383908811856,11.760519798474204,169.49383899849516,149.50674521077391,178.33785330706274,6.9348753906841205,89.10884602366308,1.5581534710680607,0.00079171074,0.01452448,0.056702121430760886,0.28466798907261365,13.209000198717547,0.1023612
3,human3_stiff_legged7/human3_stiff_legged7_SkeletonData2.csv,stiff_legged,7,165.85912779955547,133.43751117480812,177.02117588062282,11.367313215619728,169.14497724933074,161.1161736346512,173.81290051865042,2.3548409896675655,89.96428027579596,1.1669497064357344,0.016698612,0.014784537,0.04031574783244982,0.16184297071513892,30.88693782181548,0.07602787
3,human3_stiff_legged7/human3_stiff_legged7_SkeletonData3.csv,stiff_legged,7,166.02418279894653,138.09063540096358,178.78737343066632,11.041495009653367,165.03604900751245,127.27788005654338,176.10764099537943,11.41125937470536,91.20959744088948,2.1510601619647383,0.00089237915,0.012938729,0.029823233069781758,0.2149375821176927,8.133022909133302,0.33969808
3,human3_stiff_legged7/human3_stiff_legged7_SkeletonData5.csv,stiff_legged,7,161.66762194346305,130.45919987761206,174.90858494824107,12.986236263572092,167.65800281658878,151.93517552502163,177.83420014072814,5.621212175069611,88.25893224926789,2.258805856649212,0.0047999183,0.010578735,0.02637575270276812,0.1979626214958381,18.550360454922497,0.55123997
3,human3_stiff_legged7/human3_stiff_legged7_SkeletonData6.csv,stiff_legged,7,162.53472476659323,129.33913591891573,179.0737844540653,14.804862376818132,172.0998030421538,167.34360382435608,176.60061686076136,1.8736760045046235,89.16821613316392,1.9756357422945372,0.033228405,0.010876473,0.02825107049705191,0.16250081615369985,40.47763549874429,0.57280993
3,human3_stiff_legged8/human3_stiff_legged8_SkeletonData1.csv,stiff_legged,8,165.2952826022954,142.23060168775208,176.68169167520304,9.764186060818897,170.61374827437157,158.5820819300037,179.13479878310176,5.68831291953463,88.93404487112294,1.9695375335432548,-0.0022654328,0.014347941,0.024732416721047572,0.2327328841024939,13.898373134352909,0.042314053
3,human3_stiff_legged8/human3_stiff_legged8_SkeletonData2.csv,stiff_legged,8,166.60324594659406,134.53072206450625,178.32274960301294,10.890239779303656,169.20618300851484,162.35314784073944,173.63658340267503,2.707132147446314,89.52714042942752,1.2479840541830667,0.016391193,0.016865129,0.03389600366957623,0.1657172108020579,32.5085919765711,0.05680585
3,human3_stiff_legged8/human3_stiff_legged8_SkeletonData3.csv,stiff_legged,8,166.83125428719543,132.07064110364044,177.32395355571666,9.74046566539684,157.4744983679292,98.16377721717927,176.71964234648598,22.02200812074238,91.75939171817303,1.8693348772937213,-0.0103883855,0.016334543,0.030091790285038875,0.21385861941048975,33.302552677230494,0.44534492
3,human3_stiff_legged8/human3_stiff_legged8_SkeletonData4.csv,stiff_legged,8,167.06094442473494,114.95867417198185,179.37275313922646,12.609056207304866,169.63450971879925,136.06785838172297,177.0235627797468,5.43479612430866,91.81224700384509,1.7804057556215682,0.024871416,0.0154905375,0.03673035935191123,0.5785815090820964,23.458374569220766,0.25700903
3,human3_stiff_legged8/human3_stiff_legged8_SkeletonData5.csv,stiff_legged,8,167.7176990197074,144.8426761485131,177.54441915576558,7.227767215898317,168.21969468587483,128.17403629816886,176.3683782071812,7.116911504011794,90.00718152147934,1.734392735665927,-0.0026357472,0.01388758,0.030081477799048444,0.216482423031492,15.492598901759862,0.40788007
3,human3_stiff_legged8/human3_stiff_legged8_SkeletonData6.csv,stiff_legged,8,169.1627488889207,143.3294089961137,179.71706465317376,8.780002025931859,172.77460374849238,168.3294228852445,177.4792189420663,1.9863648106919454,90.72596490076779,1.6697741082611592,0.025390537,0.012792301,0.0264234679716398,0.15973476356441033,27.237859600238266,0.036989927
3,human3_stiff_legged9/human3_stiff_legged9_SkeletonData1.csv,stiff_legged,9,166.09483323897183,139.8537718974299,174.6285303580613,8.013875426113218,167.20203186351264,130.58280332435382,177.77819949075752,10.99368696423321,90.26079507270148,1.610993186080581,-0.002198816,0.016345039,0.03078674712152458,0.24189278376411164,12.420637705772293,0.09389496
3,human3_stiff_legged9/human3_stiff_legged9_SkeletonData2.csv,stiff_legged,9,165.59974687811953,132.27014871532222,177.48680539120173,11.82587675085604,170.29200169216773,163.6652048212058,175.94482477343536,2.5499669714353894,90.57280471666559,1.3498825933682588,0.013754044,0.015545206,0.024445488154178383,0.16125812813838777,32.93703672364995,0.11262703
3,human3_stiff_legged9/human3_stiff_legged9_SkeletonData3.csv,stiff_legged,9,165.82165482911515,146.0037390311305,177.61806205197982,9.193346733909484,169.09719919577978,154.5415045747821,176.54529210474635,5.729708231142226,90.35584921623152,2.1260626071970163,-0.008855296,0.01518927,0.031743695200967786,0.23803317758961634,9.61053549088507,0.053448915
3,human3_stiff_legged9/human3_stiff_legged9_SkeletonData4.csv,stiff_legged,9,168.24346325371974,133.12243121572078,178.3775603890757,10.533407824137063,170.48453726371986,148.54161456295745,176.98870399140034,4.330821211176282,89.84996163240392,2.5279411738425304,0.025732214,0.019948712,0.03153550913949863,0.49939860473158254,16.808039744912037,0.31946206
3,human3_stiff_legged9/human3_stiff_legged9_SkeletonData5.csv,stiff_legged,9,167.05589079197514,146.3498094755672,176.70501785349606,7.460021236127591,161.9609912145342,109.70809049841847,178.57391562128822,18.626981575112215,89.14945180603752,1.8923416097631596,-0.0038338024,0.009927612,0.038088386240753724,0.21432996732269852,38.510616744940904,0.43306994
3,human3_stiff_legged9/human3_stiff_legged9_SkeletonData6.csv,stiff_legged,9,169.50049617197558,141.61902204072734,178.70509148570136,8.794916239014956,172.07145596048292,166.56015218021366,177.15262532468157,2.397998850243255,89.56666972864518,1.5965452389605894,0.024072118,0.012107646,0.020939891416786864,0.18696453614050074,26.493596300506113,0.40339017
3,human3_trendelenburg15/human3_trendelenburg15_SkeletonData1.csv,trendelenburg,15,152.83479218854586,123.10320627893269,175.11375097134317,15.097636864163833,152.41496053396455,120.73586839431255,178.76583606663132,13.561013294543551,89.3920672786912,1.7023027117101652,-0.005913605,0.01685158,0.05212061149848896,0.3204383558030574,6.019422979908299,0.5372703
3,human3_trendelenburg15/human3_trendelenburg15_SkeletonData2.csv,trendelenburg,15,155.58690823014535,114.89521610720138,176.89272384184446,18.421192534272645,150.6083370105247,130.0956493701924,173.74959227613147,12.005095876532822,90.99201417682933,1.7137476735230082,0.019067135,0.015595667,0.055990024300087635,0.2608507540531661,18.343564828704018,0.18213153
3,human3_trendelenburg15/human3_trendelenburg15_SkeletonData3.csv,trendelenburg,15,160.6138277268679,135.43653347517392,175.88351344268403,10.269112392560404,157.79444468158607,127.08900718006647,178.5670490349046,13.628659471266682,89.70282696190675,2.2872061452927133,-0.01782394,0.015880354,0.040556889968436226,0.26398640795259365,11.031061887328022,0.10421109
3,human3_trendelenburg15/human3_trendelenburg15_SkeletonData5.csv,trendelenburg,15,157.33617238109545,133.9874219082209,171.896091739908,11.491425253340765,157.84120346891743,127.76486593543014,177.39112556656056,10.598443660730373,88.807811924027,2.191272514660941,-0.008370348,0.012518871,0.05310842037902411,0.20619861604613285,11.717589799443331,0.7123203
3,human3_trendelenburg15/human3_trendelenburg15_SkeletonData6.csv,trendelenburg,15,154.44039305910712,114.82502594576458,175.37154709463363,16.58279643990324,153.85152366521885,132.9652457099693,172.21130730264744,10.09628275365422,90.02899096792773,2.1740850037630994,0.02479805,0.016560609,0.0494537649598458,0.2516962646347735,21.300459556190916,0.53998995
3,human3_trendelenburg18/human3_trendelenburg18_SkeletonData1.csv,trendelenburg,18,158.79514595577328,129.83089336783385,175.43940244120387,13.643712561133007,162.53234771707335,80.2612278033298,178.24353563670164,13.86399607902845,89.36633149903554,2.4548318540000893,-0.0006376493,0.014833089,0.04587242972197799,0.29844513733667377,52.37379876000182,0.5607374
3,human3_trendelenburg18/human3_trendelenburg18_SkeletonData2.csv,trendelenburg,18,155.3969901648316,116.43332696269091,173.03623694022565,13.714046293202749,157.7645958414849,132.6750875483891,174.46584248302324,10.437565592208125,91.23316702487752,1.2737368485942409,0.02935987,0.014338743,0.042027277814510884,0.19503492680248566,14.812155042900585,0.26386786
3,human3_trendelenburg18/human3_trendelenburg18_SkeletonData4.csv,trendelenburg,18,160.14057611642,117.2601671466881,177.59153075451732,14.268495239860943,153.93083835687,130.49514319417509,177.26130235114712,11.032265309137554,92.41638521873487,2.6058100630433203,0.028570987,0.009680156,0.04074516330949003,0.20896674479992686,13.56520445085718,0.5520377
3,human3_trendelenburg18/human3_trendelenburg18_SkeletonData5.csv,trendelenburg,18,159.4839824325701,126.92632919105084,173.97469777790587,12.538990016778568,157.6437065374324,120.88513301531596,179.12854910382273,13.096343837171776,90.47334997649513,1.098608296229152,-0.011002047,0.010625008,0.04705936546060259,0.21411380651648218,11.195047501651743,0.6337099
3,human3_trendelenburg19/human3_trendelenburg19_SkeletonData1.csv,trendelenburg,19,160.54684184519584,124.510045607959,175.9176825564425,12.168311579050178,158.738904593919,103.47223135891296,176.1994308389859,13.244392116284228,89.30215479773733,2.604278536504334,-0.0005856949,0.019489722,0.04333332314008916,0.3094891185959096,21.319562531589455,0.6240964
3,human3_trendelenburg19/human3_trendelenburg19_SkeletonData2.csv,trendelenburg,19,160.67440415538465,128.9191632682318,177.48718178891858,11.144773098631061,151.0597391242102,126.56250241481362,171.5324311617262,11.334618048108455,91.20514173705584,2.0437824708907373,0.031449262,0.009565046,0.04009481536459361,0.18581109658770512,3.598089773774177,0.42653513
3,human3_trendelenburg19/human3_trendelenburg19_SkeletonData3.csv,trendelenburg,19,157.64811733971146,124.43240800993976,175.07732620229666,14.45462804214286,156.5880056529779,127.56829913483124,177.91847358365163,12.240259583499466,91.04933988444745,1.6067821228589976,-0.012601535,0.015498046,0.041802174622607914,0.26466160160929425,0.29474374353650035,0.75786614
3,human3_trendelenburg19/human3_trendelenburg19_SkeletonData4.csv,trendelenburg,19,158.87062537984505,120.87826059798724,178.1089995776392,13.017504382636076,151.50490833410785,127.57951490266848,173.62764318640527,10.917555208203895,91.73431504734488,1.7691762377169467,0.029913802,0.0140218185,0.036034111241945124,0.22094427930203786,11.182610695915173,0.59743786
3,human3_trendelenburg19/human3_trendelenburg19_SkeletonData5.csv,trendelenburg,19,158.10706161241293,121.01769382651676,174.64602431709778,14.26521109379582,153.82510357361528,126.00503735979734,177.3364949287702,12.60410279311272,89.02721393086584,1.8469821747419262,-0.003812637,0.012500158,0.0501368082788353,0.2826657127479537,2.2968729216081556,0.62636995
3,human3_trendelenburg19/human3_trendelenburg19_SkeletonData6.csv,trendelenburg,19,157.80258515220038,115.3250996813858,175.83023943665077,15.631327406135911,149.48147648724563,104.19936467457983,178.3759797796873,13.12837654538848,90.01294122337794,2.1964673628861826,0.031184314,0.015819967,0.04149791780652288,0.615686369440793,13.671475349842495,0.6668601
3,human3_trendelenburg3/human3_trendelenburg3_SkeletonData2.csv,trendelenburg,3,162.08046325928706,127.63656712148392,176.9257036384052,12.94947276865172,156.76294049891482,131.79364898554383,170.2186967611445,10.111108294590533,91.61442010505519,2.430620841175292,0.03589197,0.017244684,0.05555860697510282,0.21436105413094592,10.864088741320586,0.08839893
3,human3_trendelenburg3/human3_trendelenburg3_SkeletonData3.csv,trendelenburg,3,163.39489854013354,117.89936959489076,176.10775889690282,11.7204449514142,160.5428586197837,123.86362048379075,178.29990745929865,11.74699054967154,91.36077080149008,1.9534373077076421,-0.008239124,0.017212551,0.040133676415730755,0.24989192873257957,3.772102326504168,0.0911572
3,human3_trendelenburg3/human3_trendelenburg3_SkeletonData4.csv,trendelenburg,3,164.07614175202124,113.5997574121074,178.36695339825297,13.049196930679033,154.6581830768057,128.9135176722176,172.28038771473575,12.249126833410513,91.97616380053402,2.385397909178414,0.028189179,0.016478816,0.03867923208123444,0.2924835208494639,21.400325943627436,0.5902891
3,human3_trendelenburg3/human3_trendelenburg3_SkeletonData5.csv,trendelenburg,3,162.91118954613808,136.0150686589916,177.2780653706417,11.288815624295594,157.12431927943786,129.45844358032562,177.5948423363318,12.479605206575556,90.06502605373821,1.6907356424399869,0.00066303153,0.010599914,0.042180842055197544,0.21105313468482395,6.873402044356055,0.30108976
3,human3_trendelenburg3/human3_trendelenburg3_SkeletonData6.csv,trendelenburg,3,161.30940872743693,128.98526086632415,178.93001043751033,12.667552612878488,155.87465616527754,125.71961953987497,172.5671540406224,12.562483019667546,90.89706891528469,1.9471838097391834,0.031113751,0.014487613,0.03898883934284539,0.21132255458639915,3.09721507043875,0.1663599
3,human3_trendelenburg6/human3_trendelenburg6_SkeletonData2.csv,trendelenburg,6,161.22951322756106,123.15175684678535,177.03445632573784,13.048776603923965,154.475599040604,129.05722341044543,170.04484219246189,10.810003243095471,91.46555355852985,1.8944398592793281,0.03072169,0.012403711,0.04504596438069184,0.23514231221821907,12.895080696936034,0.05570793
3,human3_trendelenburg6/human3_trendelenburg6_SkeletonData3.csv,trendelenburg,6,159.7066223689668,99.11294691490427,176.21815425468762,15.609754817093028,159.01302727537555,122.21413786718921,178.89374046202155,12.061163608744161,90.31334149100717,2.8997407297889466,-0.0076221633,0.018157903,0.05459939385977801,0.3145885155265231,20.425604744951002,0.11425805
3,human3_trendelenburg6/human3_trendelenburg6_SkeletonData4.csv,trendelenburg,6,161.08612800078956,112.96191492583945,175.76142526546002,13.606490132687254,151.19540228182836,126.47944657482405,169.4854120712671,10.90950384378487,91.22849827988975,1.8775026073683032,0.030046744,0.0130930245,0.04602187572630713,0.5526467769220015,19.79354484317753,0.6134169
3,human3_trendelenburg6/human3_trendelenburg6_SkeletonData5.csv,trendelenburg,6,158.6850347118662,125.1079170844938,174.67278739452215,14.45482338576617,152.89253701866795,128.99357989052146,176.15091167357662,11.89709310644371,88.45691778567117,1.7538790870189576,-0.0043007615,0.010777598,0.03824668414560765,0.2032770982388437,2.407538526973184,0.043280125
3,human3_trendelenburg6/human3_trendelenburg6_SkeletonData6.csv,trendelenburg,6,160.24181248358443,122.22584670796022,176.3817211097925,15.04214380784552,151.6205940060179,130.37211056699854,171.06828262325348,10.16671960498006,89.8457029771969,1.7735673969653043,0.024105942,0.0074550095,0.03991983692422671,0.22898376677941845,13.459702345577341,0.009109974
3,human3_trendelenburg7/human3_trendelenburg7_SkeletonData1.csv,trendelenburg,7,159.0298421845692,124.6411779818539,175.6386554041521,12.788965426164262,159.82374266335083,122.51266759023686,178.22688393883652,12.467021514317027,88.56904506426034,2.199636353726132,0.0007223207,0.019603735,0.05436991236956331,0.2891531651292006,4.71673892630146,0.69976306
3,human3_trendelenburg7/human3_trendelenburg7_SkeletonData2.csv,trendelenburg,7,162.29203751525083,127.0034438640293,177.05230631850353,12.503280678507952,156.84838413352088,129.72452595285742,171.2566254088601,10.669709489422251,89.92862402267886,2.0020860961271185,0.029325264,0.00833029,0.042319680186714594,0.18667138369666597,8.516762998471563,0.37005293
3,human3_trendelenburg7/human3_trendelenburg7_SkeletonData3.csv,trendelenburg,7,159.75219142219527,129.33499830092026,175.834040074126,13.46523941842414,159.40832655294446,128.0827888983778,179.18215284533497,11.839942647979566,89.93999171185595,1.5950345671677617,-0.01492191,0.015194482,0.044645556338334835,0.20059554844112026,4.600322173751437,0.44832587
3,human3_trendelenburg7/human3_trendelenburg7_SkeletonData5.csv,trendelenburg,7,161.3019722651849,130.41028046808506,175.12773288753925,11.916441727196581,159.36377492384662,127.0767079651129,179.46901367653692,11.671379872471222,88.32468730252438,1.6797229232556927,-0.00890087,0.008235138,0.042275813209518814,0.1841197747414162,7.674853291969825,0.5250499
3,human3_trendelenburg7/human3_trendelenburg7_SkeletonData6.csv,trendelenburg,7,164.096243121851,133.22593896331213,176.1211364267262,10.453576024206772,155.95727163139793,132.0204717147901,170.17661388207966,9.62732371647804,89.62478393005007,1.9873972067542052,0.020913085,0.010316101,0.04216624863502787,0.19172860365901084,4.739055296124491,0.4614401
3,human3_trendelenburg8/human3_trendelenburg8_SkeletonData1.csv,trendelenburg,8,160.2824968012735,138.3821519402045,176.66209239238307,11.71886266049649,155.5213512188598,120.86815986223941,177.57866567656848,13.780076468422438,89.44169463456434,2.7752095066832996,-0.005721929,0.010921129,0.04859853543800141,0.27634588292318224,18.43056536215049,0.570637
3,human3_trendelenburg8/human3_trendelenburg8_SkeletonData2.csv,trendelenburg,8,160.4113368800607,128.8576165759369,179.61864210878298,12.2455727031875,155.8285086830787,130.64430200138136,165.82274671753888,9.749091077965478,90.53931749696785,1.8765671271699034,0.02388546,0.01255988,0.039187848060499866,0.17453811150131315,15.582580816688562,0.80919194
3,human3_trendelenburg8/human3_trendelenburg8_SkeletonData3.csv,trendelenburg,8,159.25427301395902,133.9703233386935,175.0661006374324,12.096652831002759,159.27906228767586,126.69652199326582,178.32346263429886,12.182246894788054,91.83016126663927,2.1819295536086556,-0.009679211,0.011945902,0.03851878383683555,0.21343502138846437,10.531163342294136,0.20777774
3,human3_trendelenburg8/human3_trendelenburg8_SkeletonData5.csv,trendelenburg,8,159.24000574351402,125.01702837880784,174.92820729684433,12.476338982890725,154.3140002428476,126.56356779343363,174.05259850452762,10.398368929756762,90.25961701053582,1.4040449443551128,-0.004860799,0.009491986,0.03928224185298163,0.1840393791200261,2.4221482069425093,0.3823099
3,human3_trendelenburg8/human3_trendelenburg8_SkeletonData6.csv,trendelenburg,8,162.55215211702742,124.3450994436226,176.94028800300586,11.14231330116877,152.1696876584468,129.38829544767404,170.39630082602753,10.648909612763584,91.32053367331739,1.2173074358164895,0.025750458,0.01357591,0.03402361178106082,0.19508127310062903,11.587183181029772,0.59043
3,human3_trendelenburg9/human3_trendelenburg9_SkeletonData1.csv,trendelenburg,9,159.20307458439527,97.30893774768,176.3575284855682,13.82059230301358,159.79888649324388,115.4865443055172,177.51662485098439,11.895089007486087,89.04586917374552,2.6350735514228494,-0.0059230416,0.013915549,0.04736362458937612,0.2973542753883951,17.018510192421004,0.5559325
3,human3_trendelenburg9/human3_trendelenburg9_SkeletonData2.csv,trendelenburg,9,164.53059663730153,133.04756222005662,178.72145269026888,10.45696913161507,154.81824605515553,128.55533627424012,167.05375815170981,9.564808075894943,90.53190388901305,1.3310621752063407,0.027751632,0.011891294,0.035622690061712335,0.20206841740229667,7.175468592742561,0.383842
3,human3_trendelenburg9/human3_trendelenburg9_SkeletonData3.csv,trendelenburg,9,160.56927341569778,132.08696243680077,175.57912228672743,11.259885124191378,162.18064853144136,133.8670633209046,176.97456953977394,9.6848248926481,91.05700945046779,1.757907079053283,-0.010183551,0.01091236,0.036132405395839194,0.18578340399248106,0.38465363105731853,0.24084282
3,human3_trendelenburg9/human3_trendelenburg9_SkeletonData4.csv,trendelenburg,9,162.45344294734346,129.78973113660797,178.63359613573246,10.294166458531219,154.0604887132542,121.19004203462485,169.93014558913103,9.643771379031081,91.17619021148295,2.074625216453065,0.026207421,0.01451993,0.038277163614616104,0.5128766355249883,0.10376144461831416,0.19455695
3,human3_trendelenburg9/human3_trendelenburg9_SkeletonData5.csv,trendelenburg,9,160.96725300533137,134.54585415749102,174.59913929269746,10.655409183666446,157.09699164027612,129.8870391615341,177.05787723947608,10.085650933345551,89.85170841288901,1.1969713498303254,-0.0054653506,0.00965341,0.05070449322126419,0.18855785189655283,7.117552942735557,0.12897015
3,human3_trendelenburg9/human3_trendelenburg9_SkeletonData6.csv,trendelenburg,9,163.369200414869,139.47345857737506,179.12031735027756,9.518589955711418,155.29683817446175,130.775536969823,170.4250747993861,9.499476889487902,91.3113831872448,1.664332696170379,0.028241592,0.011718591,0.035682556090913926,0.20102583387764172,0.002679056660582546,0.079570055
4,human4_antalgic10/human4_antalgic10_SkeletonData1.csv,antalgic,10,164.02010232883515,140.88811133819203,176.10235345867008,8.840926764841752,164.53267589591198,143.8382419685195,177.48741484329645,9.309785108307064,87.24105444380419,1.8119014639123803,-0.025937004,0.028460387,0.0353560455217233,0.1904568739699693,1.5650692457010962,0.29294968
4,human4_antalgic10/human4_antalgic10_SkeletonData2.csv,antalgic,10,163.94892524756338,131.45140670194235,178.5704598522407,12.742947065603099,165.71766612739978,160.9355976888235,170.22418113653242,2.2159769565627983,87.20356424774593,1.6411220124778312,0.01827217,0.01133068,0.022405985215554987,0.15800748806444803,37.830469702589426,0.086909056
4,human4_antalgic10/human4_antalgic10_SkeletonData3.csv,antalgic,10,162.96598835706652,131.4703314644531,176.87811759689168,10.327470351354929,163.73920209436716,138.02836489585752,178.5923268752853,11.051228249600122,88.77209521502613,1.727039590225914,-0.0355083,0.020195734,0.02651246405921905,0.17569998781541626,4.843824153010814,0.0765419
4,human4_antalgic10/human4_antalgic10_SkeletonData4.csv,antalgic,10,165.82017170691546,135.81505787539746,178.4076085920358,11.909872518858455,167.72001762526594,158.5423161290915,173.25890652358072,3.1217823945997636,87.93658383732364,1.7988920752245,0.031696755,0.018190363,0.026159051331717472,0.14609375067169691,27.875960322149126,0.38372588
4,human4_antalgic10/human4_antalgic10_SkeletonData5.csv,antalgic,10,163.34585109641012,135.2562810241427,176.88415688033325,10.406245544349686,166.64945560501107,144.14037994260724,179.45145741385232,9.034973995037019,86.76284403263452,1.6794256643343968,-0.025040008,0.013539089,0.03749283605208411,0.1743981692226968,6.316798384945457,0.23483992
4,human4_antalgic10/human4_antalgic10_SkeletonData6.csv,antalgic,10,164.92894252778194,135.11814132910206,178.19621507248542,12.286385576816484,167.85810654225654,141.71720594694003,173.65864771830337,3.9267941911411874,87.21244015757776,1.8570804668308165,0.028807538,0.011841288,0.026939468496920735,0.1814402278954861,11.136631972020012,0.38465
4,human4_antalgic12/human4_antalgic12_SkeletonData1.csv,antalgic,12,164.60695727212828,138.12981310564197,176.00108734423986,9.193716996199518,160.9654847455991,120.33187687349674,175.48236289100245,10.802865824434226,87.70099874492287,1.8055759569752758,-0.0318296,0.023729514,0.03313514718071193,0.21065482620199977,17.279211778907822,0.19023442
4,human4_antalgic12/human4_antalgic12_SkeletonData2.csv,antalgic,12,166.34689338751394,139.3260330809944,177.6637339918774,11.015429002646052,165.09610018557063,149.6193682613093,170.74070596764022,4.084263734624497,87.6631437316734,1.8137618150194246,0.023387345,0.0150006665,0.022939203398184813,0.14963519038434586,17.216363204552067,0.025234938
4,human4_antalgic12/human4_antalgic12_SkeletonData3.csv,antalgic,12,163.50592295316653,137.6711624826767,177.88167988722373,9.829103190050045,161.89862848451318,124.79955163811533,178.5070897734476,12.242864787177552,89.57019065650881,2.085959260984293,-0.03456008,0.023149457,0.026317157727590475,0.17954059927254956,13.497020730785238,0.14395499
4,human4_antalgic12/human4_antalgic12_SkeletonData4.csv,antalgic,12,165.95492013920475,133.5071034376961,179.17429343079547,12.481821066748886,166.68536136324124,155.21441272374486,171.60735332453115,3.644793484696998,89.05107114362362,2.0743063557348305,0.031498935,0.017592665,0.024226195879890295,0.15795845486977061,29.274249392313095,0.30157185
4,human4_antalgic12/human4_antalgic12_SkeletonData5.csv,antalgic,12,162.61698373804876,138.10284477204416,172.4757744779928,9.690005373882979,165.36025855737535,134.28096101935904,178.40281371525637,9.626581873719795,87.71561567397403,1.7255721424921655,-0.025284128,0.012342857,0.03682536698692976,0.16249427005450526,9.74892298994871,0.23418999
4,human4_antalgic12/human4_antalgic12_SkeletonData6.csv,antalgic,12,164.92237064330988,138.8452534058619,176.9160224022337,11.019536636154994,167.4104136718676,140.46126694326716,174.45880844514886,4.341362682584436,87.97980518282235,1.6387626155999546,0.026049534,0.01166034,0.030476205755962254,0.16497438988121202,4.073227494490084,0.123999834
4,human4_antalgic2/human4_antalgic2_SkeletonData1.csv,antalgic,2,163.73594082433235,139.78215426918692,176.32069203072533,9.189916519082471,163.67442730371627,134.64037105360597,177.66240008738356,11.163588555263733,87.14640946180688,1.640372061007709,-0.02466391,0.022807324,0.02897633695886007,0.1825139844853475,6.483491272239178,0.22859788
4,human4_antalgic2/human4_antalgic2_SkeletonData2.csv,antalgic,2,166.58739998387153,138.73378780451648,177.47251095924503,9.918546497092734,166.32463308592872,159.050105096105,171.95653875421033,2.5365026104700075,86.83511841135639,1.6813432015681562,0.019568237,0.012626101,0.021410565468856634,0.1519830152249085,25.83228949662322,0.24493408
4,human4_antalgic2/human4_antalgic2_SkeletonData3.csv,antalgic,2,163.73809945874402,139.35912771078046,178.78371991265027,9.874486856508678,166.3945385292384,136.3139970208559,178.26013735019708,9.692777553849849,88.75057176343307,2.005588511786997,-0.034326337,0.024900997,0.02674350863884155,0.282228208792915,2.5215481274713625,0.07263684
4,human4_antalgic2/human4_antalgic2_SkeletonData4.csv,antalgic,2,165.06863316693182,138.0647505792764,179.40548429819827,11.887661637917006,168.13650835864962,162.51611589219868,175.99263500605093,2.689633059224421,87.92272669423677,1.880972194362214,0.027877659,0.015325663,0.020240672913420372,0.14675770133692526,27.864214605069634,0.2584052
4,human4_antalgic2/human4_antalgic2_SkeletonData5.csv,antalgic,2,163.7499300445965,138.52581909767292,175.1419087940455,9.170396687423205,163.3773324509932,128.04844895985602,179.10892665862002,13.208177517576791,87.09513714306179,1.8846199816231117,-0.027695436,0.012116747,0.035971138531073164,0.1833035058639102,14.444388002391435,0.23880005
4,human4_antalgic2/human4_antalgic2_SkeletonData6.csv,antalgic,2,167.42692004125198,138.5642445501456,178.84109787619929,10.563446963725404,168.40376708772266,158.84368892604905,173.7720392438939,2.9364072099797696,87.36736282550739,1.7852806180731722,0.023684993,0.012099455,0.022206945859221634,0.18395373889063654,25.348503008208866,0.40579987
4,human4_antalgic4/human4_antalgic4_SkeletonData1.csv,antalgic,4,163.222013272637,137.37047410366856,175.98368596507885,8.977075320230519,159.60849443399982,127.51161572373614,178.57164644683894,11.804395489400536,87.70604582766596,1.6209169050096845,-0.02450161,0.024381626,0.029875910218014813,0.20505083608036687,12.446818861692506,0.412961
4,human4_antalgic4/human4_antalgic4_SkeletonData2.csv,antalgic,4,164.64932432351532,133.8217278741628,177.20063378391635,12.20370638804549,165.31607387479394,156.16613038998682,171.40936673735573,3.9048897039896393,87.97466552450513,1.4337514222119114,0.018563379,0.013535551,0.023718311445861662,0.14385963417397704,28.135669562384635,0.26785398
4,human4_antalgic4/human4_antalgic4_SkeletonData3.csv,antalgic,4,162.74584780064635,102.47659013016936,176.00423431935184,11.475727918842766,162.93813441560738,118.77828359420155,179.3438919414474,11.619259149639653,89.17267730585496,1.5962169754915099,-0.03679824,0.024909895,0.030115793770081674,0.43779368772613136,12.96203584193664,0.18007112
4,human4_antalgic4/human4_antalgic4_SkeletonData4.csv,antalgic,4,166.02327283142017,129.6669979523047,178.10600831488196,11.92881965249333,166.4226595120743,157.24805089955478,172.92034945614165,4.297396229167457,88.50245515210335,1.4207214937809256,0.027055332,0.017162802,0.020233556561954382,0.1559833148911283,32.76671180599038,0.262223
4,human4_antalgic4/human4_antalgic4_SkeletonData5.csv,antalgic,4,162.0630905056503,135.46580714361386,173.37378249914875,11.211829255988457,165.60144794268376,143.74819637206272,179.44485174254507,8.956090055812828,87.41892281924875,1.5187503035536414,-0.028403297,0.011509948,0.03611035415901551,0.18291956952634514,2.2113199850525405,0.15303993
4,human4_antalgic4/human4_antalgic4_SkeletonData6.csv,antalgic,4,164.37656387090152,133.39778139166768,177.57771550097084,12.876864142200226,166.81820664463606,147.51831071920918,173.3236177880145,5.005859826947543,87.78081410131729,1.5215894633169116,0.023473658,0.012197207,0.03018820847961834,0.17664876861670178,18.374627040497842,0.08639002
4,human4_antalgic5/human4_antalgic5_SkeletonData1.csv,antalgic,5,163.22955345363363,139.20021573245793,175.92401364049582,10.473546080122663,161.41833285086508,139.28206774627577,177.79934001139134,11.538261903173224,87.44069276591293,1.5787566392995138,-0.025420297,0.02361509,0.031387563333738,0.18750321826588737,1.7934743570776845,0.43801928
4,human4_antalgic5/human4_antalgic5_SkeletonData3.csv,antalgic,5,162.98485815761185,137.60518843050943,175.1441206195092,10.432280696321085,162.99441665355081,130.50917920480154,179.27458759551786,11.647962615736446,87.78417007398583,2.2829432740491327,-0.037327226,0.023113938,0.02310263008075648,0.1779339194664275,11.226476201716537,0.3269682
4,human4_antalgic5/human4_antalgic5_SkeletonData4.csv,antalgic,5,166.02134195741658,131.889743028641,178.84488145584373,12.746291745421209,167.55221139513264,159.63863194033073,173.2361171812552,3.325649168596766,86.8058242373218,2.141225106348732,0.028077316,0.017429406,0.02419477437440804,0.15876948731116686,33.35765318627827,0.1412642
4,human4_antalgic5/human4_antalgic5_SkeletonData5.csv,antalgic,5,161.61465989962673,135.65802976962735,173.50342185209624,10.93507041855418,165.622340458133,109.8825746355088,178.4365639244645,11.894224107892606,86.6497989405774,2.058709060143187,-0.030573372,0.014352727,0.043997520146823496,0.17682593116278428,30.708597206486814,0.082969904
4,human4_antalgic5/human4_antalgic5_SkeletonData6.csv,antalgic,5,161.83467940499978,129.84881595736502,178.618704599059,14.107827579970227,168.99058474257998,162.47078790412453,175.37824054964082,2.676990839463152,86.58990538340413,2.3181414738338884,0.02267469,0.012541498,0.02326469624839493,0.18617518384573625,35.86243599617768,0.019129992
4,human4_antalgic6/human4_antalgic6_SkeletonData1.csv,antalgic,6,162.9794378539515,141.3762910839426,175.8918476930823,9.908518025137042,160.42110221389956,125.92692869660165,179.0695630928006,11.75173480723467,87.70385326095446,1.8884231662084354,-0.029802758,0.024586404,0.03669644367582369,0.21124390042339017,18.627077787059235,0.36983466
4,human4_antalgic6/human4_antalgic6_SkeletonData2.csv,antalgic,6,165.36168311867297,138.5968691629712,178.4589965310174,12.549539334053383,164.3575276968485,153.04430326820975,171.85408873044864,4.1306183387974515,87.72004488152385,2.027349805470814,0.024053585,0.014105281,0.020982862822113656,0.16534269049288547,21.05234190580731,0.064312935
4,human4_antalgic6/human4_antalgic6_SkeletonData3.csv,antalgic,6,162.3598441629437,133.07674430770783,175.10858549037005,10.131960833654215,163.7813097330534,135.64085982970943,179.20029140823036,11.193536541205496,89.75386896715963,2.0298172995522727,-0.035949133,0.021234974,0.02559931280753543,0.24008347688077408,1.5275903958587094,0.23080707
4,human4_antalgic6/human4_antalgic6_SkeletonData4.csv,antalgic,6,165.05214718582712,134.4198274706914,178.63490861419908,13.309517296557283,165.52526487097717,153.46729756165402,172.1915693368729,5.293807394235869,89.17713450441462,2.128160934176408,0.03165316,0.01711561,0.023668689662049675,0.16580774157580455,25.490809368288808,0.10630202
4,human4_antalgic6/human4_antalgic6_SkeletonData5.csv,antalgic,6,162.28514930756273,135.38509930379354,175.61417073264957,10.950111681316907,167.0567853126606,136.01859262002165,179.35986237644332,9.44562891838491,88.34866662864066,1.8091441340301775,-0.026704984,0.01277637,0.035314553259728654,0.1816498542946254,3.112198327565636,0.06845999
4,human4_antalgic6/human4_antalgic6_SkeletonData6.csv,antalgic,6,161.8258206804588,127.97748878405646,177.9782195180042,14.08984638759687,166.87316311622664,150.16596164632568,173.60989543386341,5.764511133778387,88.65634468023076,2.0055105663011723,0.02704295,0.01421004,0.02415410452487462,0.19324971106721767,26.556796946410017,0.039289713
4,human4_antalgic7/human4_antalgic7_SkeletonData1.csv,antalgic,7,164.43894449962693,137.06747320686242,176.29719453903533,8.768099578334137,160.34536879332913,129.09366401525017,177.17555991318358,11.455779704890826,88.15582094197495,2.339772149920717,-0.028384015,0.026130535,0.03357821393671435,0.21638255063191705,8.852174565760492,0.24927473
4,human4_antalgic7/human4_antalgic7_SkeletonData2.csv,antalgic,7,165.9477712760549,135.5918668177849,178.35419180192608,12.245361871731955,165.04716235035178,154.952627678447,170.76008291066017,4.054996270657798,88.32677502352846,1.7891015280929887,0.021573465,0.016106658,0.022015203124629398,0.1503120924546581,26.954869751927987,0.14937186
4,human4_antalgic7/human4_antalgic7_SkeletonData3.csv,antalgic,7,163.71905531075703,139.69254716723472,176.04113539178735,8.721991083487485,162.2057044350397,130.97236932085306,178.9236665917111,12.92052713926225,89.23284795328732,1.6601632702523148,-0.036766715,0.02142283,0.030311115256031546,0.21865555957932586,11.60270904630542,0.61786985
4,human4_antalgic7/human4_antalgic7_SkeletonData4.csv,antalgic,7,166.3902323739166,138.72163728334826,178.304719881168,11.217174311684346,166.25252957614475,154.2617384044072,174.74123143214322,4.1983033168598896,88.57146403306463,1.756093088075694,0.029332312,0.016661419,0.02447637575167752,0.1619036840905419,19.103589570083727,0.6136091
4,human4_antalgic7/human4_antalgic7_SkeletonData5.csv,antalgic,7,162.31287938986003,137.0582107197651,175.80911281330683,10.584376358440105,165.43642266018657,135.89686229236494,178.65441371674765,10.456373841841524,87.3298889467836,1.6385932313708838,-0.02787609,0.014588121,0.02951515999082036,0.18772647325940095,4.006649330840986,0.22752929
4,human4_antalgic7/human4_antalgic7_SkeletonData6.csv,antalgic,7,165.0484111304337,133.93822875572548,178.37541774435613,11.70000826943825,164.94050161170065,109.8773321188038,174.84208101432975,10.298213365921233,87.67539307370757,1.7499798663717774,0.023404716,0.011922573,0.027277008726076458,0.18486092792747988,20.52755990689529,0.17668891
4,human4_antalgic8/human4_antalgic8_SkeletonData1.csv,antalgic,8,162.3918909750915,140.1456377599393,178.3186213927589,9.309343921241101,165.68311158445096,130.3588441467538,178.49969652336574,10.500806595283917,87.85252813347505,1.5432531659144462,-0.023494186,0.025466913,0.027108427790600752,0.18118578614744374,9.967868743792337,0.22455883
4,human4_antalgic8/human4_antalgic8_SkeletonData2.csv,antalgic,8,163.84462476589846,131.01601954127372,178.50217107749762,12.652380931122899,166.50476788373373,157.46810478703165,171.17086656073826,2.8218053101262845,87.59612687793353,1.6540122026054573,0.023611328,0.011897505,0.024630244462611278,0.16408772904923885,33.78338976251729,0.1659391
4,human4_antalgic8/human4_antalgic8_SkeletonData3.csv,antalgic,8,162.24684533056904,137.36109041482672,175.9604804530936,10.856427123667158,165.50353986985445,128.06881816585647,179.56747438919678,11.5893450332902,89.55914575340245,1.6847488657741896,-0.034963943,0.02211988,0.020079861150269423,0.17565613533894142,12.89926618507343,0.83114076
4,human4_antalgic8/human4_antalgic8_SkeletonData4.csv,antalgic,8,164.41197917701044,131.83222410421763,178.83485181216406,13.636397981430452,167.24419714370035,159.43558240821534,172.99100796473508,2.987094431949356,88.77465863510223,2.0114864244263146,0.028859984,0.015136615,0.02750406827396522,0.17667548515606926,33.447202151426694,0.6729109
4,human4_antalgic8/human4_antalgic8_SkeletonData5.csv,antalgic,8,161.69098944423064,132.9358410748353,174.50930209733633,11.550525136839235,166.06666619188377,129.99042486952933,179.13769386635298,10.69462543936542,86.56281397163053,1.8263929913195482,-0.027346736,0.010552703,0.032768877792564294,0.179873212694448,7.573807974322619,0.30585003
4,human4_antalgic8/human4_antalgic8_SkeletonData6.csv,antalgic,8,164.3303230474991,136.4733560380572,178.05358947501352,12.48221251038744,168.31782741322618,158.85911933481432,175.39295171058848,3.2893194255786313,86.96708298898827,1.9324184251648713,0.022754509,0.0110016065,0.027149703270946964,0.18631622339049037,25.046401061182166,0.32982016
4,human4_lurch1/human4_lurch1_SkeletonData1.csv,lurch,1,161.9755966626768,134.1489330303262,178.15673818242468,12.140914267331382,163.43142189359855,131.9174842002817,176.31759955492114,11.801273697287002,90.7711433732188,7.604633331476783,-0.034466255,0.021891614,0.03942495033837435,0.20189883164174927,0.39231020254095483,0.505255
4,human4_lurch1/human4_lurch1_SkeletonData2.csv,lurch,1,155.67553866703838,122.21289018270753,177.43405847178073,16.683301696473308,164.55730490472217,148.85870871729253,175.25363318952967,4.3287217123863435,93.63378414109621,8.54488742299742,0.021017706,0.019133862,0.02574098011387505,0.14119871101982195,28.82624381683607,0.47434592
4,human4_lurch1/human4_lurch1_SkeletonData3.csv,lurch,1,162.45488739302664,136.44336140586233,175.83101558239517,9.557006917343237,167.39805639376164,141.29448958349667,178.70519135326427,8.570493054170239,94.04494152289259,8.516582664451608,-0.039208796,0.023896895,0.034181350155202746,0.1801743292500021,1.9769524067652355,0.217386
4,human4_lurch1/human4_lurch1_SkeletonData4.csv,lurch,1,151.61565473888345,90.33129715407718,178.4258216446732,23.783768259851588,163.96937295061335,121.86628917291242,174.05258718245386,8.524088700943956,94.66170601617785,9.612565438966696,0.03253121,0.022320371,0.02516593327916874,0.17153288041879738,35.90822648105457,0.614557
4,human4_lurch1/human4_lurch1_SkeletonData5.csv,lurch,1,162.85098991111306,131.9236616540382,177.94129214200717,10.27336531634124,168.4538681905207,144.83248104459275,175.76895786511454,5.989234067830857,94.11602871658143,9.107110806258493,-0.026298089,0.016630063,0.04254042778415654,0.23027501567340936,15.081153667447182,0.54614997
4,human4_lurch1/human4_lurch1_SkeletonData6.csv,lurch,1,152.07650623768225,86.33679923347907,178.6134485683638,20.412767250794314,167.52023920340434,112.96625901810432,176.33041196048012,7.072120295962008,93.78711471140812,9.590926978689911,0.030289982,0.02844492,0.04372017084827143,0.9764816166225984,28.912496392508928,0.22459984
4,human4_lurch10/human4_lurch10_SkeletonData1.csv,lurch,10,162.44672439229205,136.0770079141903,174.75203155591663,10.085764601672372,166.48452924672932,134.8584782036625,176.11334165672972,11.116117056024581,92.84690441753492,6.477310446902155,-0.029175337,0.022495802,0.036928269709954914,0.16667013128774816,2.5798398113408894,0.23099995
4,human4_lurch10/human4_lurch10_SkeletonData2.csv,lurch,10,144.14542459198725,86.9321644165409,178.24429069672118,26.549895036787333,165.64824262073336,140.3643059399703,176.29638257763773,5.818199792666191,93.52347540492512,6.996727727163581,0.030588508,0.019810574,0.027927485391688125,0.1500302213337317,55.38004964251286,0.08795595
4,human4_lurch10/human4_lurch10_SkeletonData3.csv,lurch,10,162.99590681748293,124.32817946732949,175.1246065648872,11.1788978820343,164.51346455529057,38.83564469159739,176.89231198031362,20.225290036194153,92.25070909539353,8.151764936633874,-0.034370404,0.027353415,0.029748744924605316,0.17717563333031186,87.26024019115853,0.14868975
4,human4_lurch10/human4_lurch10_SkeletonData4.csv,lurch,10,157.23480957556836,88.06336044679998,178.32655049601095,19.025956457303824,166.6024930196652,154.41060790648783,175.04290860399445,4.989752403081763,92.36486179107884,8.643569625772344,0.03403893,0.019549644,0.03361460608441695,0.20650333646312588,69.63088935170435,0.16842794
4,human4_lurch10/human4_lurch10_SkeletonData5.csv,lurch,10,161.79956036830146,129.68290062230326,175.1675531780761,10.710353572737876,167.5329428318545,138.31539850624117,175.2688215246907,7.284075064386601,91.00656913383361,8.819779784750141,-0.027040267,0.01457732,0.03715037594931322,0.203641500207144,8.531229537323298,0.52129006
4,human4_lurch10/human4_lurch10_SkeletonData6.csv,lurch,10,153.61724746765918,103.76768564140693,178.27669258688385,18.284993317751624,165.95663976590322,143.12513550084253,174.94209678684896,5.856754002425379,91.53723739475441,9.146010782291151,0.030866059,0.019263277,0.04746816709285261,0.7422946495979734,42.692045659470494,0.47742987
4,human4_lurch16/human4_lurch16_SkeletonData1.csv,lurch,16,160.4305038714605,125.93909003913214,175.13154330942925,11.605299946647095,162.6079572093927,121.56478022591118,176.7815922046017,14.571742023086987,92.24140619463473,7.7579917259968925,-0.036782887,0.023563353,0.035392098181262995,0.19805917966316977,6.024358708393422,0.599885
4,human4_lurch16/human4_lurch16_SkeletonData2.csv,lurch,16,150.59940757884405,113.37000129500953,177.60681767207498,18.755854085374292,164.62322176904613,138.36636580096135,174.304095266682,6.131203756298561,93.37234226018845,7.899907729131396,0.030285133,0.022828609,0.021506316449238245,0.16227578491400246,28.2990869113448,0.11538124
4,human4_lurch16/human4_lurch16_SkeletonData3.csv,lurch,16,162.08411108267833,132.82408645737283,178.2610074121124,10.618194454509263,166.8819364362038,130.3516050382876,176.5402450875372,9.823088252664265,94.33040711296472,7.144906854109631,-0.035943616,0.021432703,0.03239816708464565,0.2094658494974806,0.7517190945100083,0.53424406
4,human4_lurch16/human4_lurch16_SkeletonData4.csv,lurch,16,155.3806586942135,115.43401117704168,177.50660985794778,16.920027013225063,165.09843822757168,119.62666975945363,177.1934021177594,9.096562762023872,94.34507338592182,7.448116689426858,0.034803633,0.016923713,0.02341880653237623,0.1729342878264097,4.505866322600326,0.26247382
4,human4_lurch16/human4_lurch16_SkeletonData5.csv,lurch,16,163.4071371487398,132.80810384416156,177.2549166909984,11.263541035558207,166.59308723630934,137.39244154521228,177.5819496903875,9.129929803008629,90.37326491299645,7.078726740555988,-0.02898331,0.015260795,0.03984878399664133,0.24147310232390862,4.2573047016616385,0.057629824
4,human4_lurch16/human4_lurch16_SkeletonData6.csv,lurch,16,155.35356125629067,81.703416449406,178.61031413623823,22.75141868530598,166.18728801808052,142.36320039116103,175.4883724827992,5.063806974784842,91.2074807202563,7.336761357041376,0.024119904,0.014122418,0.031886802238561336,0.33414933230627314,63.78172559519405,0.010800362
4,human4_lurch19/human4_lurch19_SkeletonData1.csv,lurch,19,160.52655722933582,132.32259898064729,176.15728049720033,11.965208494896787,164.90154170131186,128.86262820568984,177.01203686405003,10.876199622074814,92.06288212445784,6.513521469957354,-0.030658571,0.025569582,0.0301305688017045,0.17503287406780843,4.31472714180714,0.79667497
4,human4_lurch19/human4_lurch19_SkeletonData2.csv,lurch,19,160.2888217703896,116.88579438969883,179.34626765754584,14.721921854805887,165.78829797524048,154.92199120319913,173.5053153656481,3.7736894614490666,92.7780745964693,6.862704493277333,0.019260023,0.01589523,0.029405156023997063,0.1284202076518054,43.87714910539803,0.496938
4,human4_lurch19/human4_lurch19_SkeletonData3.csv,lurch,19,161.23624896787157,133.99996381505352,175.68124335591565,9.909954839299123,165.80051511058937,121.78994631596892,176.7442457790162,11.757352768644955,93.3569499414104,6.150990817005484,-0.044355582,0.026440041,0.03396993031766351,0.1760234972000491,13.273019922185156,0.010793209
4,human4_lurch19/human4_lurch19_SkeletonData4.csv,lurch,19,158.1716522963072,95.24629771927528,177.91305230563242,17.266228108709274,166.5490697232946,136.3780695933425,177.39751936408297,6.7674368717938655,93.07489184387212,6.84761783665469,0.024362195,0.018559895,0.027553545697250627,0.18471141381642905,41.64730481561668,0.054564
4,human4_lurch19/human4_lurch19_SkeletonData5.csv,lurch,19,162.00861846254,134.1209363194429,176.0344473192794,11.022360255134783,169.0411703594444,143.26559293021762,178.92537812572286,7.2331256365681895,90.56198790449228,7.071854721697218,-0.026693743,0.016492471,0.049877953080027904,0.31669099525611266,6.253725804331253,0.12347007
4,human4_lurch19/human4_lurch19_SkeletonData6.csv,lurch,19,155.6943579189986,102.76817139108415,178.67428619705825,17.367048882264218,167.77660565106135,152.59413737216258,176.62980963359095,4.414140351282742,91.41160703523371,7.422210530281002,0.024662776,0.01756198,0.0292939171408098,0.34893916924434787,51.870442544545725,0.07833004
4,human4_lurch2/human4_lurch2_SkeletonData1.csv,lurch,2,161.23452691142285,130.23572862892019,178.15383447714152,11.508814414994745,167.007001446732,135.74158513593503,179.70042068626924,7.533102024136954,91.76201463493618,9.603345905953214,-0.035616647,0.030884856,0.04695823550438822,0.19224798563892864,3.959270297887116,0.9435389
4,human4_lurch2/human4_lurch2_SkeletonData2.csv,lurch,2,150.16158976272652,97.86073391776453,177.61591220135116,27.023058963930364,163.37013444805996,116.11351281960849,174.92431590192254,12.109329942733678,93.954691554907,10.56688001897633,0.036306337,0.024143947,0.027495959741810516,0.170562408686919,20.944375201272578,0.44065905
4,human4_lurch2/human4_lurch2_SkeletonData3.csv,lurch,2,160.68153960215741,137.03860556388923,177.35421898475263,9.337364142860244,166.4980915879701,135.28835737904072,176.1693426417514,9.60175389836794,96.61417389264524,9.339770868662992,-0.045845307,0.026621394,0.04398781520563132,0.18446609677403802,0.5653718418472806,0.29616094
4,human4_lurch2/human4_lurch2_SkeletonData4.csv,lurch,2,156.6817795086316,126.3839092685652,177.94271443432592,13.950010403395073,164.86914615736407,128.12077306087286,176.6596266390916,8.782127466089362,96.38076270776129,9.93284561710777,0.035555605,0.02270978,0.031218438679216108,0.19325015684594665,3.019951587541968,0.05470848
4,human4_lurch2/human4_lurch2_SkeletonData5.csv,lurch,2,159.95654089703174,134.30608802751138,174.8223902031463,9.679223922653057,167.67062290942198,145.97620770857404,175.14762332561173,6.2940713910622295,94.2603475090563,9.940489755545386,-0.026660593,0.019194243,0.06912600262036164,0.2575534014963828,11.344886558597238,0.24425983
4,human4_lurch2/human4_lurch2_SkeletonData6.csv,lurch,2,153.2705360681719,90.73005943707545,178.60746711038453,20.19262586960851,165.43075656579654,136.21151931953378,175.96880859523554,8.157231458884084,93.82817783810087,10.282072999778846,0.029335458,0.024000283,0.050614203526306384,0.8045012739007446,48.120118397607314,0.25357008
4,human4_lurch6/human4_lurch6_SkeletonData1.csv,lurch,6,160.5769366172462,125.62947683580686,174.39654248767928,11.25343763080628,165.03629590177292,132.15114047291937,174.57220148345428,9.731511983794627,94.18850451406615,8.570617317502174,-0.034641955,0.024293045,0.03460055649477263,0.1824890872095029,6.346004641337515,0.40725207
4,human4_lurch6/human4_lurch6_SkeletonData2.csv,lurch,6,138.38941611959214,85.95034194460256,178.03978017454853,30.015483134807944,159.99120683023136,105.36326400956695,174.56022621715022,13.058880840337094,95.048042993829,9.279154684424496,0.03233202,0.023560114,0.03804873242475698,0.2052790146956381,22.8924760223627,0.07866025
4,human4_lurch6/human4_lurch6_SkeletonData3.csv,lurch,6,159.30223535071175,128.10444184060762,175.08006373129766,10.45585892895305,165.8991676656762,112.46598549717106,177.3873992102799,13.203125921537078,96.86266622144805,8.948712109022809,-0.04111866,0.025826924,0.03793717339532573,0.18780343259767163,17.945791822418812,0.5771146
4,human4_lurch6/human4_lurch6_SkeletonData4.csv,lurch,6,141.4499222979755,74.63330742615614,176.94892439684762,27.24077721512804,156.65803019597618,90.60931534433945,176.42548892123997,22.168026178544306,96.71519356063264,9.136096962436234,0.03425499,0.021491975,0.028227200189163033,0.19174032905652,16.499443393790955,0.22719002
4,human4_lurch6/human4_lurch6_SkeletonData5.csv,lurch,6,161.8637219602079,133.83887402301204,176.5294690684978,10.544062591657934,164.9517349189931,122.59885974288414,176.4263193725638,11.888886230960209,93.8690984418061,8.73441480274789,-0.032464094,0.01200906,0.0464734926461644,0.20577684187371298,11.136864584193887,0.17063999
4,human4_lurch6/human4_lurch6_SkeletonData6.csv,lurch,6,160.15854637048477,123.56651341397462,178.96626825864024,13.502345403247485,164.95629903230147,141.33663166940386,177.48175498460932,7.00300654011167,94.37821896909324,8.868082783771472,0.025989357,0.015393379,0.030400999725865744,0.33380232450669983,19.254631529460156,0.13015008
4,human4_lurch7/human4_lurch7_SkeletonData1.csv,lurch,7,160.2620735983235,126.4441645449181,176.40044418918177,12.387531175998202,164.9555048602785,132.18523073640677,177.86024867220198,10.083791438581944,91.1818860859884,8.373366358803354,-0.037974294,0.030059835,0.03227723076961692,0.21336516808688355,4.281261708468463,0.62795043
4,human4_lurch7/human4_lurch7_SkeletonData2.csv,lurch,7,159.17719695988532,121.07113794135604,177.99886979220136,13.694864845645913,164.83372908509202,127.17608942298162,173.00684915334884,7.154550484942178,93.15756372582483,9.150359540823834,0.030543482,0.0142635945,0.03419264815665396,0.1510707345009426,11.0969721204781,0.47929668
4,human4_lurch7/human4_lurch7_SkeletonData3.csv,lurch,7,161.9095775530372,135.95807385511236,178.18103316017908,10.088880578974994,167.7727998929495,133.79017417888713,178.4600472047753,7.976869909987765,93.89358491661994,8.068926609365237,-0.040060796,0.022418525,0.03948148766622999,0.1789833306086031,2.446913720821442,0.4726081
4,human4_lurch7/human4_lurch7_SkeletonData4.csv,lurch,7,153.533168922346,113.02228729994414,178.15547060917584,16.0945639807366,166.4709523347477,152.65250508081547,176.1085477284374,4.493586834336565,93.28364739332581,8.771785233026677,0.028874185,0.021317868,0.022364126053677023,0.1472594645372165,41.67714066160977,0.64107037
4,human4_lurch7/human4_lurch7_SkeletonData5.csv,lurch,7,161.7664923775051,133.0103574393647,176.9451552633544,9.722182956982262,166.17438498785418,132.3523658800404,178.0088934433744,9.898591480901084,94.35212098783698,8.300918820411752,-0.026636656,0.017061925,0.046236562915083566,0.24485613770554374,1.7217297393443118,1.0004301
4,human4_lurch7/human4_lurch7_SkeletonData6.csv,lurch,7,156.31464631889654,116.83577428893608,178.31931739514678,15.902649514114964,164.70348796665334,128.14483846095973,179.17902165405073,7.689524648228978,95.24116213068709,8.92736113637524,0.026704874,0.018255472,0.034837087468739064,0.20439865843339627,10.449359913119707,0.91481996
4,human4_lurch8/human4_lurch8_SkeletonData1.csv,lurch,8,160.1188708798995,132.8582062715144,176.44511202359274,11.862506307383272,163.1740621994246,128.335946619023,175.9770282079243,10.092694531624828,92.02764149452689,9.144096686583143,-0.034190137,0.03302692,0.04258279052313097,0.21265304874891192,4.054175836822964,0.880944
4,human4_lurch8/human4_lurch8_SkeletonData2.csv,lurch,8,158.5223879747335,127.9681745025522,178.17732554286167,14.029135450206082,163.38603236701,130.2702095058098,174.93941129618784,6.13279567216581,93.73835447261412,9.318156666395636,0.029548755,0.022687754,0.023989847529245156,0.15554952173930936,5.539949249931411,0.3531921
4,human4_lurch8/human4_lurch8_SkeletonData3.csv,lurch,8,161.258964250735,131.76077861443926,178.79381311371108,10.384967383858982,166.35003856502067,126.73640695952429,177.87366696389614,9.872287621107931,95.02611075505497,8.387216872649303,-0.040455457,0.023696974,0.04166598484445346,0.1910275786044212,4.1042255051000325,0.6530366
4,human4_lurch8/human4_lurch8_SkeletonData4.csv,lurch,8,154.40976358847425,121.34661579408956,178.1797987934358,15.254264076014794,164.65014953585109,134.30647089520576,175.45996875774784,6.655847807548323,94.33402863045362,8.61355390830862,0.028304799,0.020137727,0.025482114112026704,0.18131205952858015,15.679685136804153,0.5341754
4,human4_lurch8/human4_lurch8_SkeletonData5.csv,lurch,8,162.95209136844855,135.65263518448432,176.78026818118624,9.514625017660812,166.39911875344526,131.40158279813167,178.4334659982356,10.498396612122908,92.99961462035229,7.948040150725802,-0.027302409,0.016124869,0.04413155347576621,0.2144629833422092,5.904250203402,0.7874398
4,human4_lurch8/human4_lurch8_SkeletonData6.csv,lurch,8,149.06290266686005,71.26934219266003,177.02695409310988,28.91134331373109,160.8114041270594,114.15365250492803,177.75485213257113,14.703923745318042,94.14476057509009,8.187314230511184,0.03163793,0.023595806,0.03115359108970388,0.3713839224670444,42.15641227280675,0.57007
4,human4_normal10/human4_normal10_SkeletonData1.csv,normal,10,162.38475531794117,131.29104816422617,176.70659451060422,11.877743255518775,155.1556894021144,121.63873383081133,175.885102836802,15.824577283936742,89.95454842331087,2.0156904696850435,-0.029295225,0.022424689,0.027757317062476083,0.2651993108243469,8.830822659612608,0.25997877
4,human4_normal10/human4_normal10_SkeletonData2.csv,normal,10,158.26404236260998,117.71939062228388,177.56741192263337,15.25957598045041,159.43851540597447,133.70741245996925,177.43483221760786,12.53491088965361,90.3292933768224,1.987104307335344,0.022102429,0.019426998,0.019718437458131517,0.23065423070157426,16.120601542710872,0.43232584
4,human4_normal10/human4_normal10_SkeletonData3.csv,normal,10,160.82356091205347,129.50551081750686,179.13173775612373,14.333619289953614,153.8104617643892,112.38676350996779,176.99626360675754,18.386529933133172,92.772018070943,1.2435525839534314,-0.044290077,0.022582015,0.02288257672100837,0.27917959092915867,14.983273158172878,0.4706061
4,human4_normal10/human4_normal10_SkeletonData4.csv,normal,10,161.41847262682978,119.28065505631305,178.59220731548152,13.991541159516093,159.40031603738817,129.03674954271634,176.31519954781797,12.51511209281206,91.99708768485281,1.5733233336568482,0.028742129,0.013048851,0.01851119377946314,0.23031396911375648,12.033102254066833,0.20689392
4,human4_normal10/human4_normal10_SkeletonData5.csv,normal,10,161.91556288578033,130.89159451572502,178.90809362850013,13.72222793328359,158.8661863276269,130.79684260086347,177.57536774948161,13.779507137571915,90.74497827945099,1.1734846300661983,-0.028995814,0.012431514,0.03254756102398745,0.26296879879249996,1.2379739641569643,0.13030314
4,human4_normal10/human4_normal10_SkeletonData6.csv,normal,10,155.03780500178513,114.67702255792562,177.2346828596663,17.841262973591853,163.62093649998775,135.89404687862543,177.6983240889715,12.196493806664604,91.58762931729893,1.1211336784454946,0.027005026,0.011980831,0.020417315464537195,0.23911099971975702,20.753383091394596,0.360348
4,human4_normal11/human4_normal11_SkeletonData1.csv,normal,11,161.28506895933404,130.81289631059227,178.06947857216838,12.925489008548663,156.69337579139298,122.78588014883992,176.90072767073866,16.69900694582891,90.22908173404217,1.37771066388983,-0.030810263,0.02336704,0.024167170071620364,0.28683662132816384,6.858265260322625,0.6554866
4,human4_normal11/human4_normal11_SkeletonData2.csv,normal,11,154.4574557397673,120.18097286337667,178.3721707666746,19.162263529239848,160.61103018197494,133.91971082638673,177.18387035087773,13.18297537586138,90.96850654534998,1.607665346328595,0.028291235,0.016696295,0.019709479754920007,0.24443004515302744,14.927038378806941,0.8164631
4,human4_normal11/human4_normal11_SkeletonData3.csv,normal,11,161.2331722863846,131.47760543952538,178.3742578898257,14.023698177940148,154.8631885810922,108.07392627610275,179.542182097139,19.341341180251927,92.32710190759842,1.5840199926943428,-0.041690413,0.021240072,0.025456529822265806,0.26325573229467164,24.571603370735914,0.45664525
4,human4_normal11/human4_normal11_SkeletonData4.csv,normal,11,161.00773741999788,125.31041485549738,177.78660791052891,13.994538128806852,160.05414993649524,132.7943254076882,175.07783454992216,13.538694559088084,91.94710849856807,1.6096839687896858,0.031490143,0.018439606,0.021073903085949242,0.23028753120698683,10.192683912797577,0.58791184
4,human4_normal11/human4_normal11_SkeletonData5.csv,normal,11,161.49767548741664,129.55679631780512,176.06926327578603,14.179564085935237,158.1950118188058,127.22225542555034,176.38183690586047,14.112162323939412,90.33647842503423,0.7159561603151497,-0.027442282,0.011784193,0.031566078606500396,0.2351050830813441,2.6471145223292183,0.19458103
4,human4_normal11/human4_normal11_SkeletonData6.csv,normal,11,157.54916247698574,126.06555917794653,176.6178943493391,15.016068064675865,162.60810623242057,136.26088251817728,175.03627447085742,12.37491284523378,90.85538372278934,1.1387775597035865,0.024223736,0.0113514075,0.023003013823480294,0.25642677402218145,11.776943218712447,0.31421995
4,human4_normal12/human4_normal12_SkeletonData1.csv,normal,12,163.10242551888163,133.98954043182127,178.76285470318876,11.25618215883857,147.685278628909,77.32460855948678,176.54274049079223,25.124434071339383,89.65048642238914,3.350050005431301,-0.022570126,0.0216277,0.04267943273661766,0.7213485402949721,54.444817659937954,0.40033507
4,human4_normal12/human4_normal12_SkeletonData2.csv,normal,12,158.20757445914373,122.51605253563586,176.69240991192578,15.7741494842338,159.19537197021083,132.9734537729719,174.87818042370733,12.559103074990759,90.83205941871235,1.9882187293056632,0.021920087,0.018829329,0.021363484041824494,0.24516207717118296,12.271630725554488,0.902248
4,human4_normal12/human4_normal12_SkeletonData3.csv,normal,12,161.51136087907236,130.05645734308416,176.71258750491307,13.282034787167643,158.91894804495197,128.1438755598913,177.19735038824248,13.703589252937206,92.81186933197462,1.2204125965199568,-0.040198088,0.024161791,0.02735427725698623,0.2900195237990497,2.397344666522258,0.693249
4,human4_normal12/human4_normal12_SkeletonData4.csv,normal,12,161.2196153732842,116.1860819837196,176.7648211744474,14.106203746547752,160.5252224058633,133.23016018269882,176.1765692028454,13.337195148610588,92.30657427390305,1.2934268206378168,0.03128789,0.013917287,0.01939727929323209,0.21984540356922405,17.632330170581227,0.339396
4,human4_normal12/human4_normal12_SkeletonData5.csv,normal,12,160.62212461839877,122.87281584207554,176.2553026813257,14.88720785444646,160.3732071751403,136.7458807295651,176.83507638514135,12.088362942014646,90.23198133457491,0.8332687299306969,-0.029171536,0.011458623,0.017140680970023768,0.22920652011726947,13.293291183673915,0.20528984
4,human4_normal12/human4_normal12_SkeletonData6.csv,normal,12,155.80460447030026,123.22613083209497,174.4755088856755,15.50177755883504,163.00825811791282,135.09579284553234,178.156152999327,11.898498149672758,90.84637920303206,1.131329622351083,0.025089126,0.011631944,0.0339440550279254,0.294544743148759,8.189017899785895,0.25891018
4,human4_normal16/human4_normal16_SkeletonData1.csv,normal,16,160.20244037878552,132.6929614748569,175.5004596051209,11.740243342576115,151.85773989994323,104.28941135950623,176.90500612940602,21.14927418524276,89.58461216070063,1.5223576732010253,-0.02773243,0.019464161,0.02227851517278034,0.26833242101434585,29.808096639635778,0.594141
4,human4_normal16/human4_normal16_SkeletonData2.csv,normal,16,162.83599766501416,120.6336941346621,176.8086096972321,13.559461058921386,159.7910759358733,132.73017105573396,177.5152529830567,12.816264759946044,90.1718207191403,1.676697197960147,0.019857336,0.019477839,0.021100722951373847,0.2732200819155995,11.389833635247257,1.0763168
4,human4_normal16/human4_normal16_SkeletonData3.csv,normal,16,159.144790936082,128.22341450944253,177.2638947095552,13.120896516327843,153.19736509291428,101.98235279741903,177.21534631723733,20.687153893123973,92.02832340301137,1.177415685033608,-0.038892824,0.022522446,0.02479577708624126,0.34476915765333543,26.192513319705654,0.3602512
4,human4_normal16/human4_normal16_SkeletonData4.csv,normal,16,162.52938811627124,122.90357325872326,177.85350631598456,13.357271319732446,159.54400591602806,126.7013140803262,174.7848696550294,13.482275137938663,91.12118447107662,1.5245707723824837,0.028246365,0.014427017,0.020319716521188916,0.2393835271758493,6.866377482558093,0.1790061
4,human4_normal16/human4_normal16_SkeletonData5.csv,normal,16,161.25346148115065,132.74815141761954,177.75727183356398,13.613085158988197,157.72111195946619,121.74925926879231,177.11426415659983,14.26710088630559,89.42733177723926,0.9210211285334993,-0.025993243,0.013719341,0.03462603076349743,0.24095337016283944,10.355884471863078,0.12491107
4,human4_normal16/human4_normal16_SkeletonData6.csv,normal,16,157.69901607470683,115.09823309757199,176.63062825377835,15.641546544552595,161.69461255483566,132.29093674650082,174.59915741996863,12.597592622051918,90.00082264985632,1.107226836302355,0.023903554,0.011320122,0.023846581185211695,0.2612025480814846,19.224174482738547,0.35084677
4,human4_normal17/human4_normal17_SkeletonData1.csv,normal,17,159.58887676361016,131.79280920110213,179.39206432125852,14.962529785509444,158.80629310035377,117.11817690560301,176.13421060159664,14.385058812542402,90.13200560772641,1.4111544732996901,-0.029105805,0.026303986,0.026291554308233055,0.26229916794755137,11.416778575837242,0.8636304
4,human4_normal17/human4_normal17_SkeletonData2.csv,normal,17,157.75568373716868,117.4416451704508,177.07322612984342,15.282238715395003,161.5684144131707,123.25193810382989,174.10246592002497,11.906999118586143,90.33255508474326,1.6670012216059846,0.019602316,0.012788072,0.0212342562320454,0.2427508786666753,8.78105314319754,0.6977092
4,human4_normal17/human4_normal17_SkeletonData4.csv,normal,17,156.79313056344085,125.28413703040037,177.26389501652616,16.491135076836695,162.465870840325,130.71792793666927,175.8386838072657,12.57012342007624,91.90255465771433,1.5390617585635715,0.030283563,0.012482954,0.022342145865793025,0.22491605636838374,6.85900211552935,0.532161
4,human4_normal17/human4_normal17_SkeletonData5.csv,normal,17,160.8709610222519,131.17235408487488,177.37514008949015,14.201238698361257,157.51670367816942,125.4007556998125,176.12485216064135,13.932639843129898,89.92346466751879,1.1187998093152727,-0.025553899,0.015332878,0.030225143171746058,0.2430365611158093,4.521310456213584,0.3178649
4,human4_normal17/human4_normal17_SkeletonData6.csv,normal,17,161.49794802000034,126.25916953391018,176.02599800974454,11.730443134306961,162.64556329176335,128.99302440848984,178.4370793095978,13.736130682777828,90.56926030496632,1.3775704706206788,0.025023615,0.010656316,0.018624098651607635,0.24904366513077367,0.3227735747263978,0.2996559
4,human4_normal19/human4_normal19_SkeletonData1.csv,normal,19,160.68880687073516,134.3531986427349,176.0160519768896,12.368311877661409,151.44937534973144,103.85146540183776,175.50017209280955,21.09283723192248,90.30071343854698,2.0162304261943236,-0.028556699,0.024049155,0.022800465341782556,0.2532710078523028,29.98585335681709,0.35505605
4,human4_normal19/human4_normal19_SkeletonData2.csv,normal,19,160.72504878148942,117.95288480804261,175.7752590818702,15.246035785423558,159.168777151055,131.95535756255103,174.17339513843731,13.161687876895732,91.05747882989212,1.5694334019300433,0.023219086,0.017856909,0.023599803587890766,0.2504674617791898,15.604336697941292,0.54832244
4,human4_normal19/human4_normal19_SkeletonData3.csv,normal,19,161.41838253290925,131.28185342976164,179.08541979830255,13.389521428379862,160.2976755696556,123.30222445806166,177.83102207226446,13.730830885632063,91.8456308854658,1.4672085537295212,-0.04033668,0.023195239,0.024861039254213593,0.38438636303438994,6.725231245661888,0.4621539
4,human4_normal19/human4_normal19_SkeletonData4.csv,normal,19,159.75176291808768,120.8269325537623,176.24932465951173,14.254112526139608,159.96079457981935,131.07838923142293,174.84569946351024,14.070633044883369,91.3169672695631,1.6939084579194672,0.0311283,0.01648436,0.016352534443793493,0.24087581444632578,11.655081873662112,0.6577852
4,human4_normal19/human4_normal19_SkeletonData5.csv,normal,19,160.188553501657,123.13370530274017,179.12961324317848,15.411854416801804,159.54257288917728,130.76413546117192,178.1106524134312,14.02939576610075,90.28016812488706,1.2855024781016517,-0.030862574,0.014556877,0.030892515663227278,0.2726064883896559,8.649390988179022,0.047100067
4,human4_normal19/human4_normal19_SkeletonData6.csv,normal,19,155.19305618969915,105.61773836520426,176.7236598544252,18.67434867181883,162.45177765340694,137.19731578133943,176.65414582699492,11.963895592917599,90.81953076111935,1.439271640059211,0.02644409,0.012831949,0.0221397346391357,0.30148865318465373,31.64909144356544,0.07596016
4,human4_normal6/human4_normal6_SkeletonData1.csv,normal,6,157.27458322064896,60.04493826213407,177.69927578593965,24.713031034835115,147.01666223528073,41.17988635881332,176.97903201188055,30.332664813178674,89.31170340306882,2.9987338548246707,-0.035250247,0.02283894,0.06973438715488338,0.541393397952546,18.144808129261648,0.68531585
4,human4_normal6/human4_normal6_SkeletonData2.csv,normal,6,162.3016216157214,121.41042915388836,178.35168928871497,14.197009473581671,160.13981543373018,134.75783085188576,176.3754642764603,12.304873660586372,90.36058857211849,2.0788241709087996,0.025214303,0.019265197,0.02252811003283013,0.2720439464160804,15.323626710252071,1.055752
4,human4_normal6/human4_normal6_SkeletonData3.csv,normal,6,161.68865493585142,128.06888622259746,176.5513080094471,14.133042771669357,154.69323427086886,116.585786268953,177.6321260381749,16.938132066751795,92.48805132515268,1.1547757265117797,-0.0454326,0.02125068,0.019466000477297313,0.26407413826167897,12.56391798237226,0.6708441
4,human4_normal6/human4_normal6_SkeletonData4.csv,normal,6,160.8743986748842,117.45545264107285,176.68623608210825,13.722152552328486,158.58686907919295,129.96662048967121,174.93834135831463,13.130195168747198,91.94787104051666,1.3435108340861897,0.02668173,0.013260161,0.017447359299298193,0.22827242870732203,14.259062572391983,0.40605187
4,human4_normal6/human4_normal6_SkeletonData5.csv,normal,6,161.58117055835834,130.9127236536417,176.4491246754026,14.271453291628562,159.4501517672183,125.94903991748366,176.97274212902386,12.962604414906531,90.3402098359626,0.9686992197448573,-0.028565763,0.012740423,0.028471420079675954,0.2406662021537883,5.487301189779302,0.09285593
4,human4_normal6/human4_normal6_SkeletonData6.csv,normal,6,157.67736598092714,127.92845437381584,175.0102132032626,13.94333546787394,162.86315246960655,133.0489145517934,175.33635911923983,12.689847415300573,91.0630406593325,0.9063000963838825,0.023620224,0.010388196,0.023631764433914373,0.24026396161554928,4.794314262000313,0.35229993
4,human4_normal9/human4_normal9_SkeletonData1.csv,normal,9,159.78651978491564,131.5849347427661,178.7061277457905,15.538699878399425,160.79725748248748,130.77779284441786,178.70588524631648,12.956197124171094,89.62605303038308,1.5179446553151172,-0.028746156,0.026344005,0.025542932803818995,0.2736979243520496,0.8068993988742363,1.0845397
4,human4_normal9/human4_normal9_SkeletonData2.csv,normal,9,158.65165783944636,116.43145028717458,175.32572719039703,14.44337335165151,162.08734175628317,131.590060809461,175.37446771868142,11.588081910383234,89.8729965264476,1.9200471807246107,0.020731216,0.012529525,0.022312541537715985,0.2540539805448173,15.109869994002025,0.7545459
4,human4_normal9/human4_normal9_SkeletonData3.csv,normal,9,159.41602233001583,128.16569491529205,176.49300294724367,14.262521407347144,155.42837656394332,105.65449064923065,177.89759157282637,18.24004343006922,92.04622559030805,1.4178729064852826,-0.040908124,0.025126306,0.017133126122374973,0.25009618511930304,23.915792891644102,0.71860886
4,human4_normal9/human4_normal9_SkeletonData4.csv,normal,9,157.14775207960395,124.22864282633269,176.92394737710592,16.77037423850625,162.77444018672963,133.57322558469687,175.47273965858955,12.241876892390176,91.54172909245693,1.4987042396813124,0.034148943,0.016502967,0.022425573221770353,0.23877101066416023,10.795790476880555,0.56390476
4,human4_normal9/human4_normal9_SkeletonData5.csv,normal,9,161.0792346037995,131.04680770754717,176.86778990497103,14.409091377752418,158.25218238410378,128.91281424444944,178.6525440937784,14.205306165592285,89.91828744461444,1.025433024978031,-0.026896704,0.01392785,0.05020904400185952,0.2400325918913538,3.9187476519051074,0.34545994
4,human4_normal9/human4_normal9_SkeletonData6.csv,normal,9,160.11014007608762,114.54796374860106,176.96258851404227,14.633116433600144,163.52320936809323,134.76923621838725,175.33631687181494,12.060990808458357,90.44669884881374,0.9661832066946631,0.026229704,0.009156246,0.019656347775087988,0.23672335905431552,21.84754411201351,0.062357903
4,human4_steppage12/human4_steppage12_SkeletonData1.csv,steppage,12,162.56005359478613,127.55618425578355,177.14615092649237,14.710930103690057,151.7766207086279,95.10158195799407,176.51211077908022,24.085973520878294,91.12596133849226,3.519719380387444,-0.033941355,0.026319098,0.031991466326669195,0.21395766551268783,31.820562150377327,0.950377
4,human4_steppage12/human4_steppage12_SkeletonData2.csv,steppage,12,159.35579255608894,124.01533514903292,178.75825894495736,15.185431096840404,151.04459098256737,108.20738207455945,174.32454000032314,21.466153701000348,92.30839478734431,3.774859020291469,0.025419509,0.018586135,0.02249800959320062,0.1811958777238089,11.374234129839252,0.6222863
4,human4_steppage12/human4_steppage12_SkeletonData3.csv,steppage,12,163.5716753046026,132.31099762933286,179.43068739035982,12.96176226239297,152.07211072958302,96.40560071537597,177.17276728579375,23.041128201842778,92.01746355330414,3.6708088950645994,-0.03830978,0.019152429,0.027745727714653005,0.18790718838252166,33.647476809390824,0.32926702
4,human4_steppage12/human4_steppage12_SkeletonData4.csv,steppage,12,161.9873497529502,123.50760634798839,178.85034092568984,13.979511926655531,153.5227268943525,111.50776638146405,176.08912327733893,20.75900932429586,91.76953973324486,3.9081395345724403,0.025412489,0.015185487,0.024628424841202673,0.19094283884816513,9.238622318173427,0.32861972
4,human4_steppage12/human4_steppage12_SkeletonData5.csv,steppage,12,165.0068934855942,128.27509701845037,177.76184968011825,12.944910935620673,148.96095912074196,100.6432393276381,179.0004912141281,24.594961236572715,89.7111708359007,3.2898470879722828,-0.025478106,0.010470869,0.03440591008514589,0.1850075348767489,28.87049922482211,0.48098993
4,human4_steppage12/human4_steppage12_SkeletonData6.csv,steppage,12,163.15282054648733,115.51342146225038,178.65054662731873,12.90504609542272,149.5572142372809,106.63245196594542,178.21311234509577,22.203358523049683,90.98136736489342,3.627319014571663,0.024958825,0.013493591,0.02769384500113709,0.25661650666845814,8.44353521408199,0.5850899
4,human4_steppage13/human4_steppage13_SkeletonData1.csv,steppage,13,162.22749736964664,126.03497292905017,176.204188620134,13.947235897033632,149.02820036836155,89.60190885817333,174.73898995124514,26.04994756717634,91.12825830731734,2.9109194024138407,-0.029776655,0.022797452,0.028122522651215943,0.2015638732021896,34.96786540198798,0.64599895
4,human4_steppage13/human4_steppage13_SkeletonData2.csv,steppage,13,161.7779921036981,128.69195789189868,178.64653110618008,13.810148333470291,149.76901914179092,101.60793227549973,173.16420338455757,22.078359534338514,92.23841704590248,3.1510374049236667,0.025620176,0.016859481,0.02335615312090771,0.18383438257733503,21.601697894776436,0.046599865
4,human4_steppage13/human4_steppage13_SkeletonData3.csv,steppage,13,163.46863664278908,131.2493665271636,175.44204504132438,13.023723342492525,148.90568037193339,96.04623644487326,176.61466990096915,25.682168269579677,92.11158669157459,3.1504328373811066,-0.03711716,0.023042524,0.026084954986815505,0.18761993127810134,36.375754941935114,0.32171822
4,human4_steppage13/human4_steppage13_SkeletonData4.csv,steppage,13,160.45400602453265,123.99084472937783,178.24695686215023,14.063069182415552,150.8407706955143,107.6165073825789,179.6806312876181,22.36574158333495,91.82387558892866,3.4152770042835265,0.028998319,0.012599765,0.01973952413555349,0.19724731348304964,17.808011772266795,0.45322418
4,human4_steppage13/human4_steppage13_SkeletonData5.csv,steppage,13,165.9182693549731,130.45025820231766,175.69338105706288,12.151289393655366,146.33097299841003,100.17397492769399,177.09733572108306,23.81595769858405,90.15945605458566,3.3171166480875103,-0.029628994,0.012746569,0.028421479943004136,0.19928716205495495,31.68023793864384,0.59375
4,human4_steppage13/human4_steppage13_SkeletonData6.csv,steppage,13,161.0068617307884,92.08675629523236,179.11531719639638,19.19997823286365,148.2563035027016,105.51287379934315,173.7939271009717,22.05177257573051,91.12955166977726,3.8610923772100896,0.025812326,0.014914036,0.03164060000724489,0.24676283934540538,18.747507599535467,0.5873003
4,human4_steppage15/human4_steppage15_SkeletonData1.csv,steppage,15,163.19644295472153,127.19759514444442,176.44695266149435,14.898108982362508,147.66355156691418,92.16041701974008,175.28772089527985,24.831531577995214,90.92394012417164,3.8624994848361456,-0.03506107,0.028790245,0.026463095331252275,0.19268780294342874,33.87794635848984,1.0047932
4,human4_steppage15/human4_steppage15_SkeletonData2.csv,steppage,15,158.6585581856705,128.03432468936688,178.4360602097349,13.77335229032817,150.92718949154462,103.74510555857975,175.8554526410424,22.041295312068627,92.55773123521578,3.836676867558058,0.020156443,0.013751305,0.026059777655421026,0.19432122042089522,21.70861156209463,0.5577929
4,human4_steppage15/human4_steppage15_SkeletonData3.csv,steppage,15,163.05017142002833,127.63644911836923,178.15588936514763,13.937187985251697,151.2615847186085,94.19218090090817,176.71716578011808,23.483222662271192,92.41401110825565,3.4148512364862733,-0.042233452,0.023742255,0.02851484517820974,0.19246774201569383,32.00554463243151,0.22163796
4,human4_steppage15/human4_steppage15_SkeletonData4.csv,steppage,15,161.09785965546777,114.32732868580523,177.92596200367458,14.02400903279031,152.9344835075429,99.99009684863391,174.41507118271642,21.56358080841281,91.8773751951604,3.3471959348462446,0.019078927,0.014138463,0.02045253612783071,0.2103328699224934,10.82634101621315,0.72937894
4,human4_steppage15/human4_steppage15_SkeletonData5.csv,steppage,15,164.62240339854847,128.17715202744031,175.94776380715734,13.118464875610563,146.4730479473453,101.90880920273776,178.1089075258399,23.205514711443044,90.65682534553214,2.997457017736098,-0.029915337,0.011367799,0.03603459471809064,0.20078031384153486,28.42948654338511,0.67135
4,human4_steppage15/human4_steppage15_SkeletonData6.csv,steppage,15,159.42990331904065,82.32781707799236,178.40421874582248,22.221777591857332,148.18628996853718,102.60600300752466,174.40801014031305,21.780880011018574,91.15069701022382,3.6080699087292394,0.022453472,0.014741924,0.03006895087459179,0.3017602514164971,24.274394535041722,0.75327015
4,human4_steppage16/human4_steppage16_SkeletonData1.csv,steppage,16,162.48126600143576,126.06827793668533,176.283061216171,13.839380123920618,151.94241202239675,93.28031500887627,175.28734712479007,25.273464927857866,90.49983471026944,3.613737595543701,-0.026526514,0.02401736,0.027606793501149605,0.20517496706868246,31.79224883642813,0.63134384
4,human4_steppage16/human4_steppage16_SkeletonData2.csv,steppage,16,161.65843506196748,130.44522111583308,178.44172681540678,12.946701717110997,149.53046894627587,103.47817489092468,176.16050285911453,23.022576869649658,91.87114221556563,3.9334473132674037,0.018452387,0.015745947,0.02564706087507665,0.22180552399080264,24.68582226861615,0.02607894
4,human4_steppage16/human4_steppage16_SkeletonData3.csv,steppage,16,162.5110706332552,127.92410794983171,177.59928946897918,14.50664764983684,149.3817177359994,104.7709848043564,176.67304230459888,23.000740393363692,92.71077883863765,3.4803352290905005,-0.036256243,0.025234569,0.02681607129883425,0.19846625710316432,22.226875981095006,0.33811808
4,human4_steppage16/human4_steppage16_SkeletonData4.csv,steppage,16,159.72833081967622,118.6091247882774,177.56574573636794,15.592788739307,150.75103560731904,108.88861874548658,176.6979084792291,21.94380734774274,92.75087944689653,3.518501976920199,0.02852783,0.018018804,0.021660055095638415,0.197693711050377,8.852668785651986,0.45324302
4,human4_steppage16/human4_steppage16_SkeletonData5.csv,steppage,16,164.5977254602021,128.34980795775016,175.1800748682622,13.410645468474021,154.74596494764884,109.04999611266506,176.24528269126392,20.32949040270972,89.8964697312487,3.403822745156051,-0.025669815,0.012708628,0.025808767683168924,0.1765350546876419,20.365019668086816,0.37600994
4,human4_steppage16/human4_steppage16_SkeletonData6.csv,steppage,16,157.65129590997884,106.62256662394798,179.1228485872334,18.189854214560462,152.1225271579713,99.6719876284527,175.80380282389987,20.487077386757463,90.88518800044767,3.4513171217128593,0.023966685,0.015836857,0.0402922891507685,0.40848064180347937,3.6315332321617575,0.33562994
4,human4_steppage17/human4_steppage17_SkeletonData1.csv,steppage,17,162.97408194277688,125.1391068305174,175.93402348581063,13.06387279342977,150.24434923052854,97.89804591388929,175.86074478666094,25.52864337153065,91.7266959869844,4.145558631525131,-0.029045897,0.021250676,0.029994334595473033,0.1976272922292891,27.167782217478432,0.8283584
4,human4_steppage17/human4_steppage17_SkeletonData2.csv,steppage,17,162.2164715503976,129.1440225293522,178.72970507311035,13.06415937404407,151.02427008631727,110.26981467827974,174.7397913023553,21.899400274233663,93.04402972061425,4.294686730510204,0.025678197,0.019794343,0.02346660913733735,0.22035542510079578,14.884294080317403,0.19162989
4,human4_steppage17/human4_steppage17_SkeletonData3.csv,steppage,17,163.13096823981311,128.78893036504115,179.52498536276715,13.757487619295839,148.70183692453423,108.06979265739025,175.87232871442316,21.74523217873239,93.23622116571731,3.8110617027182787,-0.040329598,0.024927728,0.02920179195249086,0.1907344980113205,17.06648105930691,0.0854671
4,human4_steppage17/human4_steppage17_SkeletonData4.csv,steppage,17,156.56759279458726,78.6019567251448,177.46238695894104,25.4071032499261,151.41903165351275,113.09751751672519,177.6519450077604,20.3169912895863,92.92903704191109,4.157087110357538,0.028850645,0.017997077,0.023421221416734844,0.2254067893373019,34.30600274276104,0.422956
4,human4_steppage17/human4_steppage17_SkeletonData5.csv,steppage,17,165.50113117098942,132.6937871381422,176.8741588483623,11.600590847437786,151.47749068327863,113.86889126651086,179.7765262354704,20.143820031689373,91.46178354272335,3.9190717633061416,-0.029956527,0.012579234,0.027325989538861197,0.17865059489562943,21.727263258739455,0.58375
4,human4_steppage17/human4_steppage17_SkeletonData6.csv,steppage,17,158.34785836996144,103.85778766256718,178.54724500907085,15.553843784165192,152.13260813112416,119.25633442935177,175.23325997499055,18.43373262509806,92.07029909314257,4.08356354815299,0.019117547,0.015325318,0.03422016631691349,0.23221383828921202,18.712531800864895,0.51771975
4,human4_steppage20/human4_steppage20_SkeletonData1.csv,steppage,20,164.02210127892616,130.5133205777652,177.37655428254516,13.094021653249492,149.80060646339172,100.21618051099374,176.63139910649184,23.427117457335704,91.42776602268322,3.2803537567330117,-0.029797591,0.026858449,0.028458362811669642,0.1781975624775149,29.551984890718145,0.520947
4,human4_steppage20/human4_steppage20_SkeletonData2.csv,steppage,20,161.5645069917433,119.64685620307178,178.94899400192574,14.89091791037229,152.11826148688274,109.36524638723066,174.88104846378894,21.08856978589189,92.07138341998879,3.575497028133822,0.026388591,0.0134795755,0.02289004167536219,0.1879209258498778,6.213664277704325,0.49078918
4,human4_steppage20/human4_steppage20_SkeletonData3.csv,steppage,20,162.69367424784,132.0338073812611,176.95825762174593,12.960285732004188,151.59566756137866,100.62655555878337,176.82094937979974,22.703115877445263,92.74183965609764,3.840244950200526,-0.040559713,0.019785486,0.02483018334902859,0.19135641044562005,31.26994358053156,0.21470308
4,human4_steppage20/human4_steppage20_SkeletonData4.csv,steppage,20,161.29678473123806,124.30367866992893,179.11300498673904,13.302678197833563,154.1988688886851,105.72190288865917,176.26527517828032,21.366940617340873,92.59835674129067,4.117371253603348,0.019491952,0.013372976,0.02378857766695911,0.2176430897976443,15.734045972811032,0.010899067
4,human4_steppage20/human4_steppage20_SkeletonData5.csv,steppage,20,163.34313539609784,131.90458077441497,178.01742554183937,13.471964268697702,152.53530332732885,103.53113593043595,178.1483756384702,21.999411911334015,90.77730570015483,4.077342926130473,-0.028793598,0.01086724,0.04290825450979108,0.2134980464614638,28.504394940609856,0.13042021
4,human4_steppage20/human4_steppage20_SkeletonData6.csv,steppage,20,148.00311937879445,69.11341315683502,177.9357789166721,29.72727644574456,149.41729494593227,111.11890103781116,174.2938138576089,20.08497682891906,91.5373824960913,4.673984659416768,0.020796962,0.0145305265,0.021461664196976763,0.23467019477294804,45.647452940039315,0.08316994
4,human4_steppage5/human4_steppage5_SkeletonData1.csv,steppage,5,161.36574961755818,131.06485272215113,175.44516744461274,14.581641141366472,148.6034297474331,92.54745568942106,175.87463127272474,25.070929393924267,89.32938628573737,4.692330421213243,-0.02680128,0.017886471,0.029634921138038242,0.17082994085343683,38.94686086084208,0.7070434
4,human4_steppage5/human4_steppage5_SkeletonData2.csv,steppage,5,161.916450768323,125.40595979368395,177.20446133498473,13.142290737435452,153.02975091821574,107.51458929723778,176.65118603283392,21.674570664489575,89.48249090335335,5.046171414279975,0.026094923,0.023843037,0.0704731854913134,0.3845077087552669,17.338095194295363,0.14796996
4,human4_steppage5/human4_steppage5_SkeletonData3.csv,steppage,5,163.1967392279073,129.1322006887165,179.09437670850087,13.047809734525417,153.14714448506768,95.37156725982166,176.58390276253158,22.55432984738416,91.48521294922047,5.349717035143141,-0.04215875,0.024664532,0.025490453212656125,0.18843056287317844,31.25015948292554,0.278651
4,human4_steppage5/human4_steppage5_SkeletonData4.csv,steppage,5,163.20072353912164,123.2081167888474,178.23820175708883,13.041170050437541,154.0149736401396,108.95754532254516,176.7158921186207,20.564813213274494,91.06480940621584,5.9078975665348095,0.027092144,0.0155062,0.022432838958790495,0.20811715341817874,12.728261827834118,0.6933203
4,human4_steppage5/human4_steppage5_SkeletonData5.csv,steppage,5,164.7098309676989,129.3702934703102,177.81763644463095,13.167886374921336,146.65171574625327,98.51480156316465,177.29746594402573,24.40850072132883,90.50611922933746,4.453324430291327,-0.02653159,0.012217355,0.04062303543028089,0.1892546240299103,30.33532140654033,0.42588997
4,human4_steppage5/human4_steppage5_SkeletonData6.csv,steppage,5,161.50917608518006,94.76761353016981,178.50891711616288,17.993002522764705,147.95550064988902,107.17899905167137,174.93076989625945,22.36665113011528,91.80936480062596,4.758240567191033,0.029381393,0.012833743,0.027145867626215146,0.22518429578232493,15.989532741404986,0.5416198
4,human4_steppage8/human4_steppage8_SkeletonData1.csv,steppage,8,163.7687002666576,132.7245810856443,176.13672108377833,13.020040530126257,148.60012199305535,93.63533395090116,174.7799123528245,27.247253714257138,90.52282420798569,3.873143446657264,-0.036108937,0.023017503,0.033455999501258174,0.2861251999542718,37.73243840378933,0.6554792
4,human4_steppage8/human4_steppage8_SkeletonData2.csv,steppage,8,163.2664093208491,126.11935024230411,178.38216543358192,13.424233555400326,148.81612587611863,101.82170838474026,175.56503556789227,23.910535913962427,91.84813409615096,4.101013982348599,0.023905633,0.016456436,0.023981240713929153,0.19528256528063173,21.480511991874195,0.13620853
4,human4_steppage8/human4_steppage8_SkeletonData3.csv,steppage,8,164.33203530659623,127.86981693626771,176.8898450550003,13.13786817389123,149.0324974827844,106.13353739657225,176.52609009046577,23.39133047935907,91.921402389224,3.858759095511926,-0.040498998,0.026160767,0.02831402610045595,0.2088046742500574,21.372524575160924,0.44169497
4,human4_steppage8/human4_steppage8_SkeletonData4.csv,steppage,8,161.83985497686112,98.90146564786708,178.5426564067276,17.90805792670368,151.08559206862154,110.07698372687972,177.0854245619873,21.93285507606575,92.19617581378165,4.082706419860474,0.028307403,0.017689377,0.02813014560936621,0.22778756952872192,12.632749923752911,0.2116723
4,human4_steppage8/human4_steppage8_SkeletonData5.csv,steppage,8,164.44596506133968,129.1443780571282,177.056243987501,12.563257026033245,150.9508247816559,101.22328400601182,176.66824991743658,22.219646904239713,89.61061699953461,4.0928885711958864,-0.030497894,0.0127688795,0.032275478572337216,0.17816269471085117,27.533099981051947,0.36762977
4,human4_steppage8/human4_steppage8_SkeletonData6.csv,steppage,8,163.143607686988,124.8818608863481,177.41387220208492,12.09371023265338,150.621873857358,101.09118591391528,176.63710198085954,22.800938547141854,90.51001771263772,4.362062621653311,0.026894536,0.016008379,0.03916314728969161,0.462237426580371,23.013904751207434,0.41789007
4,human4_stiff_legged12/human4_stiff_legged12_SkeletonData1.csv,stiff_legged,12,163.69391677098926,125.34425418524452,176.7779613214458,10.373216827286901,162.50100963106394,118.63296480454305,175.56412804886352,13.354113973276204,85.55227358428529,2.7460188305147564,-0.024008514,0.02035567,0.037420325822387884,0.19164897258118435,5.497456108119209,0.29136705
4,human4_stiff_legged12/human4_stiff_legged12_SkeletonData2.csv,stiff_legged,12,164.91245961905253,126.11225529472779,176.8042418686068,13.039658335529479,168.86538523404852,162.12799593641847,174.99163000105338,3.31394578030345,85.43156123479667,3.460632168441514,0.020382822,0.016586091,0.01885187685351118,0.15614544134626993,37.8283525092441,0.6144695
4,human4_stiff_legged12/human4_stiff_legged12_SkeletonData3.csv,stiff_legged,12,163.63933850869583,131.3957888213176,179.15986104799495,10.698713594614993,161.94256459552474,122.10192688878521,176.6945583018743,13.176198070470459,86.94911216004809,2.691855421361449,-0.03177043,0.021738565,0.024570455998356347,0.16080810288776107,6.828559186411752,0.52188015
4,human4_stiff_legged12/human4_stiff_legged12_SkeletonData4.csv,stiff_legged,12,166.1784956467319,131.29407233171298,179.6376807077019,12.636356768577802,169.52543043812994,163.2238866258875,179.46690935277078,3.1607452009696284,85.61953624187854,3.200193804701153,0.031477872,0.017525757,0.020295269304279582,0.1426401997231528,32.100585649105625,0.44359708
4,human4_stiff_legged12/human4_stiff_legged12_SkeletonData5.csv,stiff_legged,12,164.27344688407908,133.70370208320765,177.65153964258656,10.253857457641727,164.83789399957936,134.97267112244552,178.8062398697258,9.301022148799895,84.43219673530675,2.426708832655024,-0.0274627,0.015296827,0.038063557404806964,0.19640601455629592,0.11426881209862927,0.54071
4,human4_stiff_legged12/human4_stiff_legged12_SkeletonData6.csv,stiff_legged,12,167.617450066538,127.11945686209445,179.591770632335,12.350592628164756,165.65835848227402,30.604178785799835,175.82967264118633,23.056256320063675,84.2304944317425,2.80061758255525,0.027419837,0.014617923,0.021532746704468135,0.18682414409247938,92.75318008514596,0.54118013
4,human4_stiff_legged14/human4_stiff_legged14_SkeletonData1.csv,stiff_legged,14,161.49291204546967,129.59723924807105,178.9079726012303,12.466808866421932,161.87411003475358,139.22727899027214,177.06008515248863,11.3280025171665,85.29305961208833,3.028109314261636,-0.021494461,0.020923749,0.03103068141618975,0.17348969627379246,11.47792719094278,0.5561068
4,human4_stiff_legged14/human4_stiff_legged14_SkeletonData2.csv,stiff_legged,14,162.44003444445065,122.3262604866763,176.39690850786346,14.07242738091042,166.82544173499053,142.8356882507012,174.56196144461975,4.873207773799965,84.78933221178421,3.3116785273263076,0.025354488,0.015051742,0.019535681950536968,0.13526952676964965,22.344374827268595,0.42373085
4,human4_stiff_legged14/human4_stiff_legged14_SkeletonData3.csv,stiff_legged,14,163.20238600085446,132.5834629405343,177.5795310649873,11.126942501147449,164.6645176359575,138.30540594982443,176.7945487712125,9.837216663612727,85.95744087610099,2.760356275096187,-0.035309818,0.021951076,0.02778163597764186,0.18436618541870853,6.506925303064918,0.038336992
4,human4_stiff_legged14/human4_stiff_legged14_SkeletonData4.csv,stiff_legged,14,163.3797390053523,121.29288589770354,178.66456231717493,15.046705748761536,167.70102759584003,148.7973669333001,174.32498636882036,4.440484308697585,84.52894050262474,3.254173272077467,0.029554922,0.017165074,0.02057628703429406,0.17322142032435936,31.844056983951134,0.013062954
4,human4_stiff_legged14/human4_stiff_legged14_SkeletonData5.csv,stiff_legged,14,162.362817080982,132.83261093551863,177.4212742362039,11.531896135445043,167.5354771077139,140.74815267792374,176.62724323647643,7.51369901097164,84.14197866391534,2.303011186157529,-0.023977038,0.010089039,0.041615207639138924,0.21002457782900746,8.709572742132593,0.33995962
4,human4_stiff_legged14/human4_stiff_legged14_SkeletonData6.csv,stiff_legged,14,163.80796084498647,87.5367050837417,178.6757878721279,15.187176982373975,169.71492380853704,106.16019112568203,177.37113706977547,6.529461325488193,84.10625902671269,2.8741557831717577,0.021347437,0.011384751,0.02612971209945645,0.42957146268223156,19.928136844292766,0.3667562
4,human4_stiff_legged15/human4_stiff_legged15_SkeletonData1.csv,stiff_legged,15,161.73787577765296,133.86123278137532,174.76053844206734,12.114378543927163,163.0090363266018,130.0537351607704,175.1619119289207,11.1535805652045,84.72773242228817,2.5150822608491135,-0.024873845,0.024124041,0.025832002010142203,0.1705971822221345,4.208871107458265,0.786283
4,human4_stiff_legged15/human4_stiff_legged15_SkeletonData2.csv,stiff_legged,15,164.0655333096062,128.74475382635626,178.6011254469066,13.473618766321302,168.08516847253725,162.3927027136215,173.9267621880568,3.006764868854195,84.75420922523509,3.0303125551424404,0.02688428,0.015742036,0.018323925625688114,0.15345069291194668,38.322312146115024,0.561651
4,human4_stiff_legged15/human4_stiff_legged15_SkeletonData3.csv,stiff_legged,15,163.7155828773495,133.36676131330688,178.34754268290985,10.847135881320142,160.7111148695426,110.25955464467602,176.5652243075831,15.992727720694303,86.27073751671281,2.1665430590097254,-0.035724353,0.022559885,0.023254473763532003,0.17414811609572442,21.324888293304113,0.040455103
4,human4_stiff_legged15/human4_stiff_legged15_SkeletonData4.csv,stiff_legged,15,164.62012175439367,115.1927649420386,178.5247395495687,14.024309576042684,166.5651083818389,152.8012464317713,174.12408015335802,3.005471249077151,84.95508438920238,2.868138899386644,0.026524367,0.019146558,0.01762294331474057,0.15109671656407397,42.00914088594337,0.22812486
4,human4_stiff_legged15/human4_stiff_legged15_SkeletonData5.csv,stiff_legged,15,163.49543515062888,134.73461710725542,178.301557700984,11.370627864362477,164.55042989209988,128.16934291746284,176.82402587032774,10.23297037530791,83.15147373728391,2.455390223254085,-0.025089433,0.014793038,0.04384170208379521,0.32712190047860396,5.087742359136314,0.33916998
4,human4_stiff_legged15/human4_stiff_legged15_SkeletonData6.csv,stiff_legged,15,166.12459710342273,133.159932858887,179.72697864504116,12.421860398774543,167.75694861928093,124.51292301582302,174.6850563941309,5.144893312865799,83.24558667133483,2.7243201812811275,0.028812068,0.01524967,0.026380688321201877,0.5139674202932014,3.6050875921537227,0.24229598
4,human4_stiff_legged3/human4_stiff_legged3_SkeletonData1.csv,stiff_legged,3,163.4684609304586,134.04981031234374,175.1133119770724,10.068985630990824,163.44684961023256,120.71154221451967,176.2203870314218,13.770845626912145,83.3951083471395,2.256133600368569,-0.023798682,0.017399555,0.025349466028697296,0.19546605540205766,14.445343152173464,0.3869202
4,human4_stiff_legged3/human4_stiff_legged3_SkeletonData2.csv,stiff_legged,3,164.92575231415725,131.25870582904545,178.53312449082955,13.266109385880577,167.69487123090187,160.8357004997112,174.8421544031881,3.3505267614114738,82.8767970631676,2.79075264145593,0.021172963,0.016036302,0.022868418053209737,0.1560584358356072,33.267964758307215,0.6864821
4,human4_stiff_legged3/human4_stiff_legged3_SkeletonData3.csv,stiff_legged,3,162.39387097737247,130.59710721473058,178.68707550015765,12.325805480849942,165.32140738723237,133.10216250729738,175.7350440531136,8.988808263648114,84.92557828295566,2.535674215077764,-0.032621935,0.023515977,0.02279714007127997,0.19556788000536982,5.457086739610844,0.08716798
4,human4_stiff_legged3/human4_stiff_legged3_SkeletonData4.csv,stiff_legged,3,163.20082566857835,116.84103841400173,179.1874270628784,15.854720204353615,168.0245812015971,162.5932128752452,174.90776508211755,2.4756171274490932,83.52910869970688,3.132729177989547,0.027849471,0.015310336,0.015942787995099298,0.17093893699293491,50.031836442004334,0.021089077
4,human4_stiff_legged3/human4_stiff_legged3_SkeletonData5.csv,stiff_legged,3,161.8600949863795,135.28434489240226,175.85156103821703,11.161240277281468,164.80176888343203,121.58725636351586,177.3317992542028,9.709939381903716,81.57735068838377,2.8766401115462084,-0.024917983,0.011682611,0.032365772294834984,0.1911406299066683,15.177326744872161,0.010400057
4,human4_stiff_legged3/human4_stiff_legged3_SkeletonData6.csv,stiff_legged,3,166.22254206690047,136.2166531103478,178.57716234515007,13.195952362486024,168.78188794783335,158.73485487539742,177.18346789817082,4.036896740260291,81.8009322383499,2.813120083540911,0.026917946,0.016275764,0.022797944141863768,0.23759210106245496,23.911896212028864,0.052019835
4,human4_stiff_legged5/human4_stiff_legged5_SkeletonData1.csv,stiff_legged,5,163.23191423535778,135.59130433389146,174.42612293846352,9.490073176074667,165.01184608409693,134.85358139056635,176.0586633865366,11.531368590566911,86.3873454312525,2.0754967193083234,-0.018031968,0.018360674,0.04272582986300309,0.22669820149692688,2.370263391398197,0.26422954
4,human4_stiff_legged5/human4_stiff_legged5_SkeletonData2.csv,stiff_legged,5,165.48473745040624,122.01876837584238,177.68833262064075,13.037718087513728,168.33490833475304,160.2421062307847,175.173049848671,3.1301409774345745,85.72927921361234,2.763660814029431,0.02305658,0.018330423,0.021651690455560344,0.1663738129048194,40.738620626912066,0.64917827
4,human4_stiff_legged5/human4_stiff_legged5_SkeletonData3.csv,stiff_legged,5,162.90781465510932,132.44640730261432,178.14668844925075,11.39854487607765,163.8434984524531,111.9103776004163,175.5632417614972,11.953771189601051,86.8928381165088,2.597407365887299,-0.03366091,0.0235684,0.02406928265643616,0.19042300714070204,17.952583014444485,0.076122046
4,human4_stiff_legged5/human4_stiff_legged5_SkeletonData4.csv,stiff_legged,5,164.0077858711575,127.58187098789027,178.05806266026255,14.135895027609804,168.74883668599514,162.68467603385622,176.8025371169795,3.0681180463497104,85.32135511985298,3.0228465117972476,0.026691977,0.01758274,0.01749627912851204,0.17311778099589026,36.35833058924901,0.07191706
4,human4_stiff_legged5/human4_stiff_legged5_SkeletonData5.csv,stiff_legged,5,162.00911293032127,130.85293978999837,174.8063621604937,10.838440913519799,165.036818045247,119.70953936852354,179.2490197818764,12.302544243790114,84.94084144836738,2.6875835084612536,-0.024845,0.011021666,0.041451902264558,0.2626929332950901,15.58605804285753,0.08997989
4,human4_stiff_legged5/human4_stiff_legged5_SkeletonData6.csv,stiff_legged,5,166.62740341048715,136.5258478025746,179.2480319632973,11.558026336178074,169.39723571390476,163.5188600229038,176.38325309574785,3.080202434912438,84.61795554019548,2.6394850796568377,0.024343954,0.015164444,0.019134582952937414,0.22849528036200148,29.857791087878667,0.103300095
4,human4_stiff_legged7/human4_stiff_legged7_SkeletonData1.csv,stiff_legged,7,162.6999236338826,132.7060180886909,178.72239235205686,11.235076319722822,164.5471025211927,116.55794338385245,176.04786620303662,10.250649476404108,86.3945677116583,2.1735193252332707,-0.031534288,0.02628264,0.027420793523885073,0.1793944186059556,13.473548555818226,0.30406284
4,human4_stiff_legged7/human4_stiff_legged7_SkeletonData2.csv,stiff_legged,7,165.44766938481743,132.04682429852667,179.02787894897313,12.066600334799517,168.08097641819305,160.5393365797204,174.15281269609085,2.8581742197562297,85.87585296014937,2.3971732473673266,0.023483664,0.016204083,0.024625029270756,0.16640845518511097,33.36757853407602,0.162961
4,human4_stiff_legged7/human4_stiff_legged7_SkeletonData3.csv,stiff_legged,7,161.54701500057868,131.01733587473666,176.23743150706798,11.48827510733824,162.95696723408722,114.93755065610142,175.21537481837169,14.499202594973006,86.54237325597686,2.215915157442459,-0.03396942,0.020330656,0.019401175205726914,0.19757820242119922,15.057728529938942,0.03891301
4,human4_stiff_legged7/human4_stiff_legged7_SkeletonData4.csv,stiff_legged,7,164.26251843470234,129.0810054728989,177.4985840388331,13.61176028913009,167.558657815426,151.74219587499095,175.35393934525666,4.113087160474755,85.1010133215134,2.8287866352695046,0.02559009,0.01977437,0.02037292719553143,0.2083016150160981,24.80583509566847,0.0072259903
4,human4_stiff_legged7/human4_stiff_legged7_SkeletonData5.csv,stiff_legged,7,162.236711741377,130.7299310075703,178.27567676508593,12.610289274986265,164.7987726651439,110.17748467101681,176.959925608201,10.260392774194312,83.84215150540331,2.1492038621350615,-0.022431308,0.013933767,0.04904426498509378,0.2863614375577264,19.23669517966853,0.3300898
4,human4_stiff_legged7/human4_stiff_legged7_SkeletonData6.csv,stiff_legged,7,161.34534557005503,1.3102608752827043,177.49094452648316,21.433317832140958,167.71001378822817,20.67949162189497,176.34913423955956,15.384097204813164,84.5873416527816,7.799206377102959,0.029837662,0.017028214,0.028693935747384113,0.8070736422792697,20.51104103353589,0.09547019
4,human4_stiff_legged8/human4_stiff_legged8_SkeletonData1.csv,stiff_legged,8,163.05108093288368,133.57851840391896,177.20134928545636,9.521982659858118,162.24830312667083,129.4254681424085,176.4902201492525,12.33214088803648,86.40750782057162,2.127125776320781,-0.024745865,0.02538279,0.024345473044330893,0.18369316099584934,3.4419211253066067,0.482224
4,human4_stiff_legged8/human4_stiff_legged8_SkeletonData2.csv,stiff_legged,8,164.848732702018,127.6923830528263,177.26308159359593,11.064618508530629,166.95226925897174,159.73388489676879,173.1422048863945,3.2753058073610966,85.94384846203545,2.562554639347397,0.018926416,0.019995406,0.01983273553414829,0.13962586406634406,36.16237855114392,0.307374
4,human4_stiff_legged8/human4_stiff_legged8_SkeletonData3.csv,stiff_legged,8,162.28073539674253,129.99302935178787,178.99407676464133,13.069710477266057,163.3322952032127,135.98043567418733,175.31436465305572,10.334030892569416,86.35406737032098,2.2778252487224133,-0.026563225,0.022378584,0.016879996832858166,0.166358599305054,9.667118433985081,0.713243
4,human4_stiff_legged8/human4_stiff_legged8_SkeletonData4.csv,stiff_legged,8,164.1829875218524,112.66965487424216,178.5289312049781,16.193126446804218,168.37141564033757,161.62701079623858,176.973875573904,2.8295975690059336,85.19123377072525,2.8459002061493317,0.030886473,0.01914177,0.017605305292906884,0.17231924527212483,50.512411553070535,0.37286687
4,human4_stiff_legged8/human4_stiff_legged8_SkeletonData5.csv,stiff_legged,8,159.69836528672548,32.018094714815135,179.23435652334786,20.079778033092868,165.0082278280748,136.09287137187638,175.75151855345533,10.27297213582021,83.06960431777742,2.722325780172013,-0.022987403,0.011910806,0.03679685793350413,0.3013120796225678,107.55761462695378,0.4356401
4,human4_stiff_legged9/human4_stiff_legged9_SkeletonData1.csv,stiff_legged,9,163.82145152175775,133.75574357427223,177.17225836179207,9.795734429623671,162.6876549872964,136.5795585825655,176.7926358089139,11.552278086191277,85.27568133706313,2.5828657462279847,-0.027796255,0.027891548,0.031228318224486653,0.15976709291033675,3.203437561171455,0.03530526
4,human4_stiff_legged9/human4_stiff_legged9_SkeletonData2.csv,stiff_legged,9,166.3367051107199,130.17771906415337,179.17169495405145,12.878282327918098,166.87416164503608,149.1827799169556,173.3012068534077,4.198570210806417,85.49905791117096,2.7591841874233958,0.024175929,0.013974318,0.012794469874856296,0.1443691283245978,24.875548953445985,0.100878954
4,human4_stiff_legged9/human4_stiff_legged9_SkeletonData3.csv,stiff_legged,9,163.0684423624701,131.61238852112695,177.75593024802285,11.874695721068019,164.08480690477813,138.02126969563562,176.19313346275678,10.322462856320577,87.82402866869815,2.403298238460208,-0.030352773,0.023297962,0.02264863047263555,0.1777549328636092,7.971677959774752,0.6684041
4,human4_stiff_legged9/human4_stiff_legged9_SkeletonData4.csv,stiff_legged,9,164.8328845910907,123.65671273561588,178.99119926017968,15.160657702904258,169.2142267080254,163.98996220819276,176.92134879600835,2.807585201693152,86.57298520312408,2.898564547851034,0.032453146,0.017048847,0.020830124432695295,0.17211632325431103,42.40309993674822,0.58152723
4,human4_stiff_legged9/human4_stiff_legged9_SkeletonData5.csv,stiff_legged,9,161.56243404258367,93.7642677677277,174.93622600519996,12.934066233931715,167.23734755348863,146.59365221693284,176.91019432869348,8.097514742383003,84.68339687427701,2.6895272340189424,-0.023011519,0.0129165985,0.026208738487105056,0.19018381231695164,50.85541612571161,0.027579784
4,human4_stiff_legged9/human4_stiff_legged9_SkeletonData6.csv,stiff_legged,9,164.52447768190626,126.41032626485264,178.6771031637007,14.161396649880873,169.86746761738632,158.69567249030507,175.8143191342357,2.6192383252830127,84.68512979388686,2.9755509226128054,0.027805308,0.017062053,0.031594441168462384,0.27168486992988794,35.14813025491745,0.16394997
4,human4_trendelenburg10/human4_trendelenburg10_SkeletonData1.csv,trendelenburg,10,156.71933991859328,132.74535985198764,177.95530213587222,15.530541391444256,159.40370656378775,97.66612188138461,176.1665063385334,10.661333999294174,89.56738804198172,3.2882081155205594,-0.040032715,0.023456018,0.047557696424835164,0.21506384045454416,33.29044217326421,0.8113687
4,human4_trendelenburg10/human4_trendelenburg10_SkeletonData2.csv,trendelenburg,10,154.40908017018936,128.88720104933856,176.67008511446664,14.147265444971568,160.7566271810628,139.92706052372972,170.2863555957748,5.644515157647216,89.95958647599278,3.588817697000455,0.0003519885,0.012172159,0.04738792563354481,0.1681543801502614,17.423588993083,0.59816694
4,human4_trendelenburg10/human4_trendelenburg10_SkeletonData3.csv,trendelenburg,10,155.46807576515803,134.3701299247613,175.99805400561252,13.02808034655233,159.73957903176645,98.0431469059716,175.3013503095638,13.736993168893438,91.89423870983721,2.408493606860571,-0.045772422,0.018629424,0.051971849598618475,0.19495751338654438,35.630279322740975,0.32543206
4,human4_trendelenburg10/human4_trendelenburg10_SkeletonData4.csv,trendelenburg,10,157.40559342044642,123.16909914393705,179.42511984599253,14.262834509434077,163.5174234563761,139.57484154416466,172.094235770604,6.1345661471787825,91.52469366777196,2.996490297167071,0.009373332,0.012573118,0.05268213328932866,0.17039975240228772,23.736626475616134,0.414685
4,human4_trendelenburg10/human4_trendelenburg10_SkeletonData5.csv,trendelenburg,10,156.3651692746613,133.8071704632776,174.8816491856012,13.891333943862021,161.0991476207721,132.57302264832202,176.8332498163656,8.480034856526547,89.9984646713767,2.384372642228834,-0.04076232,0.01507583,0.059045302102635776,0.2117071677930144,3.1857484457199803,0.38638997
4,human4_trendelenburg10/human4_trendelenburg10_SkeletonData6.csv,trendelenburg,10,157.50616034159682,87.6168812374973,176.05336131456875,14.50453889489763,160.00143239350095,88.88025966061835,175.91176289298792,14.45251519930681,90.37806505347594,2.9335304141882514,0.007951354,0.015609062,0.06357420155085816,0.3387927155870648,1.4049768447018778,0.25513005
4,human4_trendelenburg12/human4_trendelenburg12_SkeletonData1.csv,trendelenburg,12,159.745441831953,130.44259171210965,177.4152634123874,14.671895250477785,156.48943127056117,118.36161043121344,174.3773907198731,11.98225551319441,89.70138560038589,4.332594291424716,-0.03898278,0.019348454,0.04693342621634367,0.24762476769522274,9.043108588381912,0.13916206
4,human4_trendelenburg12/human4_trendelenburg12_SkeletonData2.csv,trendelenburg,12,158.56140268782906,133.36208752846971,176.16064161956885,13.687357195976166,160.8204323714573,139.8859756819086,170.7876115499928,6.832754446724439,90.72598945447955,3.282962324681381,0.0054196175,0.013486534,0.05072369630694473,0.18320690661902092,11.89691822301495,0.13572907
4,human4_trendelenburg12/human4_trendelenburg12_SkeletonData3.csv,trendelenburg,12,156.97526802853034,134.10866418370625,179.1226896713723,14.597741964256878,158.33259107049292,99.24450990747488,174.40018023804666,13.347871477479611,91.23524836211928,2.6849030091681882,-0.044454984,0.020938005,0.05162298281912837,0.19814562620113402,30.14164484290572,0.35756516
4,human4_trendelenburg12/human4_trendelenburg12_SkeletonData4.csv,trendelenburg,12,154.3162743830196,126.73119712387536,177.23615725681162,15.460864402159377,162.39385120309572,139.43971073694078,170.48263463826433,6.7488299000396585,90.50758490442672,2.8480899880750936,0.010608955,0.01640568,0.051628568516412766,0.18196381237931444,19.462036231612714,0.11987901
4,human4_trendelenburg12/human4_trendelenburg12_SkeletonData5.csv,trendelenburg,12,157.0657182115794,58.90242440671692,178.04349354118855,16.8290418515828,159.56120622192304,24.298842020007374,177.4909091572985,15.492773792784678,87.6972358649111,3.0990929870138215,-0.035949916,0.01051371,0.05581086733508783,0.2627974923296944,34.05099800281947,0.20811987
4,human4_trendelenburg12/human4_trendelenburg12_SkeletonData6.csv,trendelenburg,12,156.73354589126367,14.536008916831504,175.04542362523512,20.074533327355624,161.3651786454268,51.7869825525254,172.82102678880722,11.56288484765301,88.08518416582909,3.218006113164631,0.009409352,0.016406577,0.06260507354395227,0.308743041321583,39.47537047212181,0.1322701
4,human4_trendelenburg14/human4_trendelenburg14_SkeletonData1.csv,trendelenburg,14,156.57827835009203,134.0777231158949,176.5850755200113,14.609204288715695,156.95381473277692,116.25837941011214,176.84229221889743,10.824840976988051,89.02206822469408,3.0081795159349123,-0.029610034,0.019117182,0.05058209312708081,0.21856562889544523,18.07656040466891,0.90140617
4,human4_trendelenburg14/human4_trendelenburg14_SkeletonData2.csv,trendelenburg,14,157.28263913362346,137.27515535962308,177.3083764628014,13.312171489292611,160.61905048883636,139.52951943278435,169.816949040873,5.8072278827583705,89.41080190142037,2.607592219706614,0.0032974998,0.014208417,0.04954920758447749,0.1724810637152942,9.745791495089662,0.72360194
4,human4_trendelenburg14/human4_trendelenburg14_SkeletonData3.csv,trendelenburg,14,157.32449454919546,134.48378308019284,179.88878702882258,14.54346091279977,157.7529009342072,110.88438023400329,175.76761450979907,11.342529178159594,91.29748749885118,2.56476801352774,-0.042297557,0.018149026,0.04964750735420539,0.17075338101773418,19.478230327166045,0.035194874
4,human4_trendelenburg14/human4_trendelenburg14_SkeletonData4.csv,trendelenburg,14,158.57331654180925,132.1390517060521,177.50889918341394,13.317524590762174,163.4688720827142,140.41204037014353,172.43670460755803,6.252002066932266,90.3891462660418,2.921285712605501,0.007533008,0.010768551,0.04871113291892575,0.17521979269518928,13.345183239947346,0.596643
4,human4_trendelenburg14/human4_trendelenburg14_SkeletonData5.csv,trendelenburg,14,156.53669579407023,109.28601710779142,178.29123935848494,15.854770656073157,161.49641671647444,128.95839280230695,175.94889780103279,9.414238678865138,89.7098332401896,2.354210221898848,-0.037782267,0.014999301,0.05241177117210777,0.4006726466404518,22.01471725196768,0.40669012
4,human4_trendelenburg14/human4_trendelenburg14_SkeletonData6.csv,trendelenburg,14,158.69671321330887,130.7413961423395,176.10758983211338,13.725708918850026,162.90761545996912,78.01610283196725,173.25018643669134,10.819696212241121,90.28227981727657,2.3389609643303735,0.0055391137,0.010986908,0.04950543236445898,0.18979902662094628,49.867889914950226,0.53673005
4,human4_trendelenburg2/human4_trendelenburg2_SkeletonData1.csv,trendelenburg,2,158.2281497885782,133.18396936887893,176.30120320447625,13.573491525618614,159.38029591616962,123.17144996134797,176.6723493045522,10.514062249848198,87.13273957263868,2.6839524076342696,-0.034535326,0.019796366,0.0470777237167121,0.17631507916080924,10.383665507606906,0.7508949
4,human4_trendelenburg2/human4_trendelenburg2_SkeletonData2.csv,trendelenburg,2,161.38030796257496,136.29855968958006,178.18041653842576,11.185376941644277,161.63109103589107,138.40556540708369,171.30254280515678,6.538182761476745,87.74189179595825,2.720619614612058,0.010898478,0.013442327,0.04323719061771572,0.16829416720018667,8.98487945077261,0.63075805
4,human4_trendelenburg2/human4_trendelenburg2_SkeletonData3.csv,trendelenburg,2,160.59824680947253,136.44685281885594,179.51563352660895,13.046580236004555,160.1769801004704,131.07292439596046,178.1564535048363,8.705993347984641,89.18630350533991,3.002012750217242,-0.03403042,0.01686568,0.04697278598840587,0.18821156844832804,4.01474840112283,0.16752577
4,human4_trendelenburg2/human4_trendelenburg2_SkeletonData4.csv,trendelenburg,2,162.41064020038158,137.94173354755756,179.18725533704207,9.371214109005045,163.49041920762036,139.32513723420348,173.0421286283109,6.3896051235604014,88.91816222739259,3.0267000427041673,0.013055202,0.013028972,0.04318275775148498,0.17178649778648425,7.528530395377089,0.0031518936
4,human4_trendelenburg2/human4_trendelenburg2_SkeletonData5.csv,trendelenburg,2,155.2098025865178,129.69082527828263,176.5660331422133,14.855130267972276,160.87518564471014,130.94152578768043,178.44003651766795,9.309156124279781,86.58167029478915,3.8134359310276307,-0.027556801,0.015338371,0.05873272603162965,0.25354152214144166,0.6233028660568323,0.45888996
4,human4_trendelenburg2/human4_trendelenburg2_SkeletonData6.csv,trendelenburg,2,157.66971486235593,131.95156389483077,178.13926014251848,13.282862158631504,163.96139906824075,139.67953102534878,176.49534921555204,6.511978945467548,87.39994546854317,4.122354918769302,0.016847355,0.01548271,0.059136985662303125,0.4765457539504292,9.371878057484452,0.5108001
4,human4_trendelenburg20/human4_trendelenburg20_SkeletonData1.csv,trendelenburg,20,156.3508475183744,130.46453225203436,175.71329225119962,15.601300534729834,157.2360918074229,122.76165014195524,176.17164113862154,10.981884293407779,91.8109967637961,2.1144422122329596,-0.032280046,0.019201696,0.044349305328939735,0.19829784615325732,8.161230997501036,0.36791205
4,human4_trendelenburg20/human4_trendelenburg20_SkeletonData2.csv,trendelenburg,20,157.72384862398297,134.43811495395852,177.83826410657278,13.192442061462664,162.72140435352023,141.91248387393338,169.612956310434,5.884675325040249,91.84054496939304,2.660254920382065,0.011023442,0.013383545,0.051523757883259656,0.17808260521289615,15.699676716113657,0.6472441
4,human4_trendelenburg20/human4_trendelenburg20_SkeletonData3.csv,trendelenburg,20,158.3599314538626,132.67127530075084,178.31032096954505,13.483900734105333,159.9772680031488,122.81234119038128,176.48751917400477,10.621585015995633,93.52236227681288,2.4350673667699407,-0.0446682,0.0167664,0.04545953398257654,0.19064409532626034,8.036132314829288,0.30399394
4,human4_trendelenburg20/human4_trendelenburg20_SkeletonData4.csv,trendelenburg,20,161.1884865486089,134.7125209909005,179.36574541253282,12.222776262242913,163.45531976487305,141.06321982816314,173.56625400319692,6.9285095697348975,92.730767233379,2.6707757407420125,0.014325869,0.016593913,0.04654134989538006,0.17629865295472558,12.150190246598555,0.029160023
4,human4_trendelenburg20/human4_trendelenburg20_SkeletonData5.csv,trendelenburg,20,156.9793404661321,130.1967640818387,177.30782074578858,15.858768127534532,160.2102870386627,110.1404277516013,177.52116955068334,9.458863745214778,91.13333217293706,2.3910945361783233,-0.038748268,0.012014616,0.04784676230370732,0.1593194076408281,20.269685135132164,0.04118967
4,human4_trendelenburg20/human4_trendelenburg20_SkeletonData6.csv,trendelenburg,20,159.08951034041692,136.2305662769602,177.02900010824195,13.755837707108128,163.89074770856783,144.08932420756642,172.5791340347736,5.743409995899335,91.72608265124265,2.85736290786599,0.005117139,0.008546516,0.056010182583411484,0.19077977858152745,12.308624004074574,0.052740097
4,human4_trendelenburg4/human4_trendelenburg4_SkeletonData1.csv,trendelenburg,4,155.80168113479994,129.355228312779,178.09182138765965,15.411333158145181,158.5934773366966,95.76605033409955,174.15314452570195,11.296832454338551,88.896292391438,2.7918319624607766,-0.035626967,0.021248763,0.04648498829334531,0.23327823926843558,29.650501116721742,0.9886942
4,human4_trendelenburg4/human4_trendelenburg4_SkeletonData2.csv,trendelenburg,4,155.32810884471542,131.03695762758227,175.69469382238748,12.853950497080547,160.8100378455535,139.32268696627995,169.39135431761486,6.200365868803822,89.61781871620248,2.7220038538269677,0.0009164194,0.015725058,0.05244969102349002,0.17687172313086474,14.5890688434703,0.5947721
4,human4_trendelenburg4/human4_trendelenburg4_SkeletonData3.csv,trendelenburg,4,155.7062411930422,132.78558469503758,177.44994373875008,13.85780019265075,158.56398908337255,100.60310397453914,175.99296108348594,14.276233408862453,91.09320588404134,2.730049250539583,-0.045269392,0.01731158,0.05290794846470773,0.20407038404462122,30.725498065234305,0.21045494
4,human4_trendelenburg4/human4_trendelenburg4_SkeletonData4.csv,trendelenburg,4,156.9499191675621,134.4227718431801,178.49560024349748,12.630007305186746,163.1443913196915,138.99251497604962,171.80710255521294,7.0697305829437,90.56732812581959,2.9905012465399037,0.006654359,0.017176658,0.05058854238102014,0.18146247628016673,11.258240821154061,0.45361924
4,human4_trendelenburg4/human4_trendelenburg4_SkeletonData5.csv,trendelenburg,4,157.1894447219117,112.81332710026794,179.88161918634688,14.993189787388333,158.34785706733575,77.14965109225585,179.22371646812616,13.599990351545783,89.13266692262995,2.9419945035969906,-0.03711582,0.020750312,0.05386203027373348,0.934357821581912,35.005773289791364,0.5994797
4,human4_trendelenburg4/human4_trendelenburg4_SkeletonData6.csv,trendelenburg,4,159.16490083016245,120.52142279071084,177.5022925968797,14.688785748585856,161.46104057436548,110.04390294815587,173.00506287805007,11.659799609424491,89.76473846117297,3.382777124520958,0.012321527,0.018548138,0.05576238272105528,0.49294757159183566,5.980290123725339,0.72122
4,human4_trendelenburg5/human4_trendelenburg5_SkeletonData1.csv,trendelenburg,5,159.02450576791762,133.96920790592395,179.37088494659028,13.949482163466868,156.74948692393195,131.06039666970923,176.46226564889278,10.494249294621575,90.85598697005163,2.2489200090752997,-0.036038972,0.019396761,0.05031068220602489,0.18967287129332364,0.0001919385172186594,0.40008008
4,human4_trendelenburg5/human4_trendelenburg5_SkeletonData2.csv,trendelenburg,5,160.39259386369164,133.61052749837344,179.21827777988983,12.613153829158572,160.62946776828576,134.03740649292047,170.28888029362946,8.698265463153541,90.78395917222828,2.4350767682452465,0.004192076,0.018731873,0.046492325519672896,0.18134330785520508,9.356276480807395,0.26292825
4,human4_trendelenburg5/human4_trendelenburg5_SkeletonData3.csv,trendelenburg,5,155.17794739400662,130.71842061794322,179.1120239629333,16.216446052041917,157.69950445988997,121.82186460323301,175.41480874018217,10.466984489729427,91.38307178466249,2.2790486482848875,-0.041430753,0.018186456,0.04002518980797987,0.19715004205875478,5.199340791959074,0.39272404
4,human4_trendelenburg5/human4_trendelenburg5_SkeletonData4.csv,trendelenburg,5,156.13176826807327,131.62074416457762,178.2077402263588,14.53636499993923,163.11700582466733,139.5658217436602,172.68367113640628,7.516209129759417,90.59931084625389,2.9839959550490134,0.014035506,0.016709276,0.05535431385643702,0.20374324038902,13.469146669035098,0.17900276
4,human4_trendelenburg8/human4_trendelenburg8_SkeletonData1.csv,trendelenburg,8,155.22073355570495,131.2634815622143,176.36146169570932,15.555953188663889,158.93407940946705,125.03180850582487,176.57585206691837,9.678385768565539,89.28479709941827,2.5577395415662205,-0.03803324,0.020857377,0.05221347833654804,0.1986434576224009,6.446063427598489,0.5387273
4,human4_trendelenburg8/human4_trendelenburg8_SkeletonData2.csv,trendelenburg,8,157.03026820612715,131.22836356271435,178.4259891358312,14.162959415784952,162.1693838988632,138.30761590561966,172.72898793337777,6.8691867024931526,89.34397093216721,2.939462333256716,0.006149116,0.016625036,0.05182150997420502,0.1856570877944496,12.776253545358742,0.689481
4,human4_trendelenburg8/human4_trendelenburg8_SkeletonData3.csv,trendelenburg,8,154.35549963105174,132.91390260289407,179.20154025045437,14.618089936949218,159.13717976813288,113.84200730049582,176.32767334260095,12.529120708932819,90.48023068284984,2.7467224982445533,-0.04256431,0.018528096,0.052554427036650087,0.21279361463665167,16.19802839454482,0.12786698
4,human4_trendelenburg8/human4_trendelenburg8_SkeletonData4.csv,trendelenburg,8,156.27226598472473,125.20654321022417,179.27384779309548,14.105585938998974,164.65145493386822,136.94829236075034,174.5881037446047,7.1926130753430515,89.99484515034962,2.8309507551406217,0.013262363,0.013580808,0.04751998102656646,0.16983561376402007,16.427493199016965,0.40746474
4,human4_trendelenburg8/human4_trendelenburg8_SkeletonData6.csv,trendelenburg,8,157.47953874352808,130.30294431451122,176.9455665437193,14.331012645699609,163.55694614016323,127.5967947139101,173.81174785945433,8.165024079432364,88.67474786820082,3.11307229760792,0.013277987,0.017665438,0.05069407198718468,0.2850437069447659,0.4276690836638579,0.0006401539
5,human5_antalgic11/human5_antalgic11_SkeletonData1.csv,antalgic,11,158.08754994453366,128.4234421626146,169.51308162548446,9.992215637236203,159.59652989730418,139.60635014285248,174.6446068826775,8.745180852844515,83.58398196540692,3.0784206193614647,0.02697846,0.010583661,0.026761473898018362,0.22016489309964246,6.0513827230448385,0.072913885
5,human5_antalgic11/human5_antalgic11_SkeletonData2.csv,antalgic,11,164.0199555988058,130.62010818179516,175.54786979160704,11.422823804898655,168.48553446362607,163.36856557823006,174.03153453566503,2.246665987676667,82.963018085845,2.9374819219897033,0.06150085,0.007498046,0.023784284632462422,0.10751690062303244,34.26479265237691,0.24025846
5,human5_antalgic11/human5_antalgic11_SkeletonData3.csv,antalgic,11,157.6973223338776,127.63023325722777,178.22315561669242,10.914721290425604,158.57163667975428,127.58039996329228,171.04077008961255,7.815662443190313,83.8482139393166,3.1609342702852468,0.019479884,0.012933839,0.02637582049368801,0.23066260589719478,7.132552233144381,0.010340214
5,human5_antalgic11/human5_antalgic11_SkeletonData4.csv,antalgic,11,163.69701274854086,128.90349471312564,177.20184218222252,11.756261579481253,169.02798076541674,161.57892300860195,175.9723040621016,2.8562656154985784,82.67253420834014,3.568972188477329,0.0639055,0.012322953,0.016837201274221027,0.1237021343801241,33.904966415597215,0.025710821
5,human5_antalgic11/human5_antalgic11_SkeletonData5.csv,antalgic,11,158.74356283545407,130.57677438029964,171.92923623466498,10.775296509603292,160.1073117096853,134.07292461675624,174.01018363873297,8.262666745942107,82.20031128660341,3.4430107397419603,0.021145618,0.013317728,0.042223784710827855,0.33016306623921,1.4152028323886157,0.16779995
5,human5_antalgic11/human5_antalgic11_SkeletonData6.csv,antalgic,11,162.5504990648551,128.33285012366866,176.31912333048868,11.14172401517123,169.8855559358661,141.80134858019272,176.97486810941228,5.233538431355291,81.49536859852584,3.707208895080519,0.05765675,0.0074170893,0.019720621395621946,0.13537301830344486,12.812753677600455,0.18344998
5,human5_antalgic12/human5_antalgic12_SkeletonData1.csv,antalgic,12,158.18227911629901,129.04790883719994,173.92032293682192,9.502566407081648,158.16640862567303,137.89359382943468,172.5812833511262,8.97256374572821,81.77093373992192,2.9652394440169707,0.02480966,0.009280264,0.028933761795737832,0.19272487057788695,10.184724577930467,0.0073344707
5,human5_antalgic12/human5_antalgic12_SkeletonData2.csv,antalgic,12,162.41780416282475,131.8104445453171,174.70328327547782,9.957028310906697,167.3935614361162,160.74135143492342,173.97063426190175,2.7469966452307966,81.44113916164606,2.998218069261252,0.0519078,0.008668874,0.02306226841288254,0.10938250800291899,29.663555903182385,0.40378094
5,human5_antalgic12/human5_antalgic12_SkeletonData3.csv,antalgic,12,158.6419129564343,127.57523885633046,175.22081498096802,10.886483150251829,159.41895631129938,129.64812925649102,171.2447898403061,7.866857721039561,83.67937398433807,3.15033469658372,0.016151458,0.014436697,0.0294251329641127,0.24224057131240553,6.048915540822463,0.0032689571
5,human5_antalgic12/human5_antalgic12_SkeletonData4.csv,antalgic,12,163.23321951575403,132.78334003212782,175.93965895298354,11.000592948986677,168.07469450318163,153.09259344774713,175.62941948728295,3.1886909728959005,82.72477271499602,3.157684946419198,0.062473573,0.010990756,0.020304451740813242,0.11342082454426027,20.6194928813199,0.13519526
5,human5_antalgic12/human5_antalgic12_SkeletonData5.csv,antalgic,12,161.821944805463,130.99274944152373,177.56239488859214,10.492950755249272,159.47005639952428,141.60763140296396,175.87956790778284,7.1504296140693935,82.47744335930105,3.3427160529732194,0.018771036,0.014691175,0.05691562319145466,0.3389513294295477,12.297708942249528,0.42541003
5,human5_antalgic12/human5_antalgic12_SkeletonData6.csv,antalgic,12,160.5549294933531,116.45984428223925,174.87059754610448,11.932368336674456,169.87890656217505,150.0697771101418,177.24011540892914,3.526691870551899,81.49049466033661,3.520974736157344,0.058567904,0.0075050574,0.017562655720498945,0.1277857683380683,31.240414965077903,0.41498995
5,human5_antalgic15/human5_antalgic15_SkeletonData1.csv,antalgic,15,158.9538754997097,131.44091207360486,175.1207101704587,9.290164122918044,157.6061726491423,135.52258427232582,171.4785741085623,8.323152197509847,82.99848085045794,3.408182085077849,0.02903011,0.016463783,0.03152225263647731,0.23654505297705733,7.723808260617346,0.0069270134
5,human5_antalgic15/human5_antalgic15_SkeletonData2.csv,antalgic,15,163.35273241127905,133.80991675198766,175.21781758794828,10.397631098877225,166.75400122493295,160.21452790842727,173.25091886710482,2.8891112244191994,82.10848686851405,3.4784605296357696,0.060931925,0.006640099,0.020030414922491958,0.11512907790300966,28.371509877283074,0.033789396
5,human5_antalgic15/human5_antalgic15_SkeletonData3.csv,antalgic,15,162.1231040908932,128.15475360668054,178.80355208611263,10.608679505836694,157.72312767978522,119.37635438954955,172.7051548900886,9.557185773093735,83.14212308711527,3.420120201854587,0.025396291,0.016579105,0.03667558191473451,0.22128900973119406,2.680002021106972,0.037267923
5,human5_antalgic15/human5_antalgic15_SkeletonData4.csv,antalgic,15,165.1228954548066,134.82852162565254,177.00293277662357,11.032709935958376,167.85638903863656,160.99570671713767,173.7023646191344,2.589737653085275,82.21395262133508,3.2480268745883856,0.06926276,0.012586861,0.02266194270708154,0.12304226837155186,29.467753248974276,0.07982206
5,human5_antalgic15/human5_antalgic15_SkeletonData5.csv,antalgic,15,163.77128465050336,132.88471141759538,179.0786723405675,11.386014607396124,158.00988846078866,107.48098893843962,173.29399347814226,8.797099678860656,81.48937913503775,3.0587900207144476,0.026419802,0.014897973,0.05134391373701775,0.2756159177782397,19.619043616730522,0.11668968
5,human5_antalgic15/human5_antalgic15_SkeletonData6.csv,antalgic,15,164.1045881976,129.51866811082826,176.73460517231044,11.67811208208649,168.29340991083347,126.74973772617957,174.5240515541496,5.664458601146974,80.74858019534368,3.25380607270635,0.06683237,0.008080646,0.020826729306903484,0.11559215569676956,0.5583767664878394,0.1607902
5,human5_antalgic16/human5_antalgic16_SkeletonData1.csv,antalgic,16,159.58976226810012,130.77685275206278,173.62196178370206,10.147019541806056,157.71415531412742,131.55990351867942,173.11184984163683,8.403082294002624,82.77507185367513,3.622665064707841,0.020708624,0.010222798,0.0309811549311421,0.2925234967450004,1.2931627086818764,0.10209155
5,human5_antalgic16/human5_antalgic16_SkeletonData2.csv,antalgic,16,163.32030575052514,130.4689204776927,176.19958250712293,12.157748074470746,166.9952549357468,159.64366592532014,175.76097162449656,2.9881098739706595,82.75955632185513,3.7246741956488583,0.06265885,0.008359535,0.025217031453659222,0.12835359113016367,29.613356330253794,0.05926633
5,human5_antalgic16/human5_antalgic16_SkeletonData3.csv,antalgic,16,162.61814522049715,131.20300431551104,177.05550861892823,10.867395349563337,158.0707715294253,124.54557717644735,171.72131304719386,8.301681825707675,84.10002470717203,3.706015419842685,0.019562626,0.01856608,0.03305878322045009,0.23810454059756422,1.3232315673293158,0.1255269
5,human5_antalgic16/human5_antalgic16_SkeletonData4.csv,antalgic,16,164.60735675696378,135.05825531694464,176.74819627752714,11.419775649205732,168.57169452026196,161.39406164058343,173.67051419096651,2.677184519019875,82.55359447016595,3.48749716985919,0.070224315,0.010821826,0.019911726957134196,0.148225012458657,29.41348841019942,0.383219
5,human5_antalgic16/human5_antalgic16_SkeletonData5.csv,antalgic,16,163.40803214707734,129.85258245122492,176.3241771246985,11.780562144718237,159.43562875458258,141.28328267774572,178.35601603022494,7.67085055142653,82.5010338645853,3.508872936084314,0.021777999,0.012052367,0.04790445191905944,0.25021528280170685,9.39886132099437,0.47448993
5,human5_antalgic16/human5_antalgic16_SkeletonData6.csv,antalgic,16,162.72002346810035,129.72199847134513,175.75723131462038,12.944764700847392,169.9695561135925,163.59770700285833,176.7296153910022,2.7068333898154684,82.19587530013219,3.4654218478440835,0.065849476,0.011180304,0.02271970152557534,0.145718341355063,32.90332445513138,0.4628899
5,human5_antalgic4/human5_antalgic4_SkeletonData1.csv,antalgic,4,158.11072135297985,128.62452803923335,170.9292097099078,9.502567644508977,159.23092142989523,116.88729854930465,171.8242835946509,9.248687453838402,82.78754258173358,3.2733637668486457,0.026988056,0.014169607,0.0328133875568949,0.21064936282590913,12.632303374671793,0.4068594
5,human5_antalgic4/human5_antalgic4_SkeletonData2.csv,antalgic,4,163.44560012380722,132.68637174566578,175.94417730673558,11.055989132866303,166.83634163476742,150.80567421682952,172.49438319036858,3.0737845896589175,82.31552907543636,3.3098749015344047,0.058541406,0.01005678,0.024654370599494258,0.11182879606240648,21.569096587530737,0.09653592
5,human5_antalgic4/human5_antalgic4_SkeletonData3.csv,antalgic,4,159.12584028157985,133.75119233862625,175.5189325145067,9.644135921092454,160.75427095738863,140.41040129218067,173.85726943742154,7.616110247828027,83.13098553297823,3.5092874224020725,0.020392677,0.016336262,0.026567102191977908,0.2065192014261129,8.320872030639578,0.057631016
5,human5_antalgic4/human5_antalgic4_SkeletonData4.csv,antalgic,4,162.76339119801787,130.37572910874732,175.15501474764446,11.454261573249987,168.71354982175,160.13694977294193,174.91129895343,3.059491906391755,82.28797912144542,3.3286426311504593,0.06577706,0.009435074,0.01784170666002465,0.11609435330576465,30.004936458409077,0.4352429
5,human5_antalgic4/human5_antalgic4_SkeletonData5.csv,antalgic,4,163.29915366482226,31.45896672874109,177.80489116433472,13.669130466085106,158.63487280384928,37.63599708627088,170.49147522993232,12.216383363723102,81.51823439583232,3.5272370178944294,0.02607096,0.013150609,0.038705026849868825,0.2046682453942499,13.490446291932216,0.2343998
5,human5_antalgic4/human5_antalgic4_SkeletonData6.csv,antalgic,4,163.14265304535488,129.8025648252254,175.33019754620898,10.964036532775605,167.3362665115056,120.3670474115134,175.3918184365316,7.937059909935407,80.25285463806009,3.1608076762498563,0.061956476,0.009794958,0.019759582869585856,0.12242641976705829,9.497138304034621,0.095969915
5,human5_antalgic5/human5_antalgic5_SkeletonData1.csv,antalgic,5,157.5144203895283,131.60907619164428,173.21527003524125,9.888821632161541,158.72216178985943,135.28319733174237,174.5638504471759,8.529121754312026,82.11343603356049,3.171858409673389,0.025925765,0.008794671,0.030689439921726524,0.2489114610344604,2.325540728163446,0.048735857
5,human5_antalgic5/human5_antalgic5_SkeletonData2.csv,antalgic,5,161.60179377376863,131.0456302756786,174.53242821434594,11.157056469232533,165.72535062578223,160.06562792114232,171.94880661429067,2.2891895043619868,81.75723904336571,2.959602658947513,0.04669953,0.009427314,0.029222348432517392,0.1096976803605053,31.603619245518985,0.37629604
5,human5_antalgic5/human5_antalgic5_SkeletonData3.csv,antalgic,5,160.20054964433288,126.47777008309183,174.18336127847178,10.421071035845433,159.19509381220533,123.0983837133234,173.44070985915147,9.146508736991873,83.97817404939408,3.523852393334747,0.017947711,0.01352081,0.024797352932001138,0.20319835148046775,2.6367349504481155,0.051149845
5,human5_antalgic5/human5_antalgic5_SkeletonData4.csv,antalgic,5,163.39969820791117,131.7830735603166,177.35815003019852,11.492987393073024,167.77005298346174,162.44822201738,175.06461792417616,2.871364105096931,82.9580301530246,3.3589510385732204,0.061355237,0.010931114,0.014688035613891828,0.12047793729407506,32.95868056308575,0.07092214
5,human5_antalgic5/human5_antalgic5_SkeletonData5.csv,antalgic,5,161.0187337930046,131.11799576773566,177.9215070169524,10.758156259246368,160.44248087724193,141.0963142064538,170.82114479589245,7.173453682029588,82.14867484820223,3.348159609329154,0.016678587,0.011442875,0.046199621655943976,0.22958044421714346,17.078680659778087,0.04541993
5,human5_antalgic5/human5_antalgic5_SkeletonData6.csv,antalgic,5,162.56948169583103,130.37150069143374,176.03122896724838,12.046384667476055,168.08236388590663,128.86627801134745,175.34080971890293,4.451016303995806,81.93778117715256,3.4860156862381375,0.053747583,0.0071998895,0.018133225472784634,0.12647525336920834,0.8148034317408417,0.044130087
5,human5_antalgic6/human5_antalgic6_SkeletonData1.csv,antalgic,6,159.44506083623583,134.23121531492086,175.7566163177763,9.247795284335222,158.97090248417587,126.48555270531016,172.74551591957453,9.003462426854488,81.55457483096319,4.5042476850632935,0.023487683,0.010384871,0.03222239128885461,0.24332808956300378,4.734562211408942,0.13323641
5,human5_antalgic6/human5_antalgic6_SkeletonData2.csv,antalgic,6,163.9088904245473,134.158819526176,175.3741316139651,10.289404179959643,168.78918401355685,163.19694169164424,173.54131089998995,2.4178503932853204,80.57933609652467,4.650367305751088,0.06565652,0.010635553,0.0273485311950297,0.10969492603009307,30.87094287944339,0.08891344
5,human5_antalgic6/human5_antalgic6_SkeletonData3.csv,antalgic,6,164.51184161139196,139.60642631160462,175.9403700885885,9.013058445303777,159.35243834181733,138.42676061073448,171.74465741478653,8.03122235050674,83.19108707576787,4.004881847086819,0.022641042,0.017780807,0.024356694600022172,0.17702454770522016,3.016046972931832,0.15483594
5,human5_antalgic6/human5_antalgic6_SkeletonData4.csv,antalgic,6,164.5999697972665,132.84761491169158,176.11955486422238,10.803805226769983,169.74860452199698,164.13915300526583,177.26755935084933,2.381095311430152,81.09189513778303,4.090294043240609,0.06757071,0.0106645515,0.014669959995118675,0.12143422154731136,30.1435336069473,0.025342941
5,human5_antalgic6/human5_antalgic6_SkeletonData5.csv,antalgic,6,162.37722080683014,131.55452219595313,174.37599775181926,10.277874419210528,159.51184678113935,89.9285282951255,173.52824396302316,10.07342529444459,80.87739838859284,3.8095878306026902,0.019415922,0.014065267,0.039709518643922206,0.33648035430479817,40.778240112031526,0.09184003
5,human5_antalgic6/human5_antalgic6_SkeletonData6.csv,antalgic,6,163.8354697725278,133.0003538553385,176.43067595381018,11.4347394744179,169.10775129591238,121.66778037601931,175.32254767060613,6.5241826240825525,80.12324655795906,3.976216974186028,0.0621497,0.012061973,0.025628550945235088,0.13152381327246504,10.224445196115127,0.07462001
5,human5_antalgic7/human5_antalgic7_SkeletonData1.csv,antalgic,7,158.63310123069593,128.41353127513457,174.11312553189114,10.344814308365205,157.00957814788487,121.62796208929069,174.331940592345,9.318244236754312,81.64884904059491,3.705532322777503,0.028349472,0.010404637,0.031105822257157457,0.23487109055488137,7.004384246297747,0.14663553
5,human5_antalgic7/human5_antalgic7_SkeletonData2.csv,antalgic,7,163.80203796530728,133.8814940376355,174.92789323515584,10.577367783117623,167.40666256206214,154.37445044079618,173.28706970812644,2.8228680952709304,81.3615758778525,3.955792508286715,0.060071204,0.008537847,0.035686672930902684,0.09848024956248316,22.133779930190087,0.031742096
5,human5_antalgic7/human5_antalgic7_SkeletonData3.csv,antalgic,7,160.07481338121468,129.83469376408198,179.4372518649319,10.420919585642501,157.20297738543633,96.36928738607193,172.68305834004346,15.82666038352889,81.7933914788387,3.549727108991816,0.022167332,0.01300693,0.026633803171014603,0.1864381504294955,26.711212853121594,0.11122799
5,human5_antalgic7/human5_antalgic7_SkeletonData4.csv,antalgic,7,163.07961404439885,130.72586243430604,174.77951502547188,10.998278214110442,169.2099127873093,164.7013917786422,175.02062433853692,2.49983491053244,80.85482056474025,3.6827755466018726,0.06516412,0.010425466,0.01608024067582344,0.11732259741083374,33.73442003127113,0.35788393
5,human5_antalgic7/human5_antalgic7_SkeletonData5.csv,antalgic,7,163.42710215678434,50.19889814481499,176.8618573993903,15.68794803129929,154.6243636018576,21.435786280480457,173.24615406136894,20.59177551438062,81.01126423313957,3.6043754799397885,0.023126109,0.014345607,0.0490188275665977,0.2513021306283792,25.1474085263132,0.5088401
5,human5_antalgic7/human5_antalgic7_SkeletonData6.csv,antalgic,7,162.7825833549403,133.03228861307394,175.8311585129139,11.243807526538891,168.19251364575157,123.18841653790561,175.9693454864844,7.962183397800951,79.97309291431665,3.6683499791558343,0.061257664,0.0088869985,0.021864520682995096,0.1227708257107406,9.982059048738833,0.09136987
5,human5_lurch11/human5_lurch11_SkeletonData1.csv,lurch,11,156.54687688611045,127.55408326961006,177.25675213820304,11.325176563448878,162.99116550662396,130.63429482479603,175.79085030228376,8.839107011766737,99.67894210754952,10.002608705403789,-0.0379803,0.050921347,0.05156390503746645,0.2417864699630818,4.546113391105251,0.2143271
5,human5_lurch11/human5_lurch11_SkeletonData2.csv,lurch,11,149.62300116612965,42.22361085261346,179.14825196701474,35.132365455688316,153.68773225902558,91.68508615992646,170.99256937404252,11.70542271292724,102.25947244443097,11.673085856951149,0.03346524,0.015030581,0.027341776603426127,0.32465442066538436,57.61715790028522,0.26522994
5,human5_lurch11/human5_lurch11_SkeletonData3.csv,lurch,11,157.98161005132408,116.64170919300336,177.30598994302866,11.599169624306011,160.7655253072183,120.41602100553966,175.84561574109736,9.239417495967736,100.85260004879483,10.0267145773165,-0.043369148,0.05099946,0.044030187301891295,0.34263423226537937,5.234686014467599,0.19014907
5,human5_lurch11/human5_lurch11_SkeletonData4.csv,lurch,11,162.58925439158668,117.32949862949772,178.69164349869038,13.316386849603424,153.9937415574746,97.36195668092468,172.42159093573812,13.662105346818988,101.17206366614909,11.205937250579682,0.040725138,0.021518774,0.02833617536349161,0.3428644923081077,13.697489385620784,0.27718496
5,human5_lurch11/human5_lurch11_SkeletonData5.csv,lurch,11,160.32861148198174,130.91795350045874,174.19547633831897,11.231781985374251,160.47160074783926,115.44921004697,174.91803146476687,11.53122503667864,98.62350855158665,10.091619309739748,-0.020593982,0.04315396,0.050520946839119535,0.1978509433774381,16.191298579936642,0.079839945
5,human5_lurch11/human5_lurch11_SkeletonData6.csv,lurch,11,157.1418676028768,78.88223573675212,179.3715826859948,21.976574927465656,151.22412773734567,98.45219559912832,170.91198240022092,16.21588734811732,99.61310950280264,10.837969887858918,0.036520664,0.017379615,0.022614413211878365,0.23359796347630216,28.029560148150082,0.03875017
5,human5_lurch16/human5_lurch16_SkeletonData1.csv,lurch,16,156.69117342899358,129.77649362856877,177.7091516142415,11.210069364556613,161.8500846434154,113.14418072601815,177.10818257186756,11.676023759707412,100.02568968325791,10.962700886484779,-0.04721698,0.05768155,0.04817095693965562,0.2098745972152595,16.031343860176676,0.14056492
5,human5_lurch16/human5_lurch16_SkeletonData2.csv,lurch,16,148.9834132476127,58.53336518076468,178.69218464364977,32.394565961086805,155.40155127810007,96.48636313764166,176.13513116434,15.974606605405835,100.53519695589038,12.128246297160423,0.04891296,0.03839668,0.02807351638567912,0.27491257365740945,40.51005143618673,0.14614582
5,human5_lurch16/human5_lurch16_SkeletonData3.csv,lurch,16,154.6198052066473,112.61175049355211,171.69891847409104,11.702287175499215,159.1096205248512,121.34912553137035,175.9066590522862,9.426816462031965,99.67709821153144,11.086711703369263,-0.045650065,0.049338814,0.038563301316148844,0.27598955603947767,4.529634459623097,0.31694007
5,human5_lurch16/human5_lurch16_SkeletonData4.csv,lurch,16,146.11723689376942,81.22051836583871,177.57682399487493,25.56317125094359,154.4009632827146,127.03620365406591,177.5989780367913,9.497089597018928,100.87797588056344,12.594964072370933,0.03526411,0.016774617,0.024776727842417662,0.21163917080097813,45.793531246310835,0.078969
5,human5_lurch17/human5_lurch17_SkeletonData1.csv,lurch,17,156.07570995178605,129.59042096776875,179.32445454149277,11.119721038303778,160.66476679636122,115.35530379942766,175.27641951338094,9.974593181845119,99.25829835520358,10.506906036136083,-0.040863052,0.061073426,0.046364917161205076,0.22339206418987134,10.187082140229265,0.28689408
5,human5_lurch17/human5_lurch17_SkeletonData2.csv,lurch,17,164.02711734191766,133.16328812384916,178.57614079854702,11.749263876302097,152.65865750150843,83.46186347571809,176.3763688420015,17.164707065812433,101.0221780742927,11.566737601719222,0.039914146,0.014285973,0.03321521835335069,0.2969997109653403,47.50165269158556,0.16574669
5,human5_lurch17/human5_lurch17_SkeletonData3.csv,lurch,17,157.88772423788757,128.88076450795035,171.12483582407174,10.301252400286298,158.6202999701749,122.13609337198855,176.12402479394592,9.078823358579466,100.33128289782965,10.54984869249675,-0.024676118,0.04035567,0.04697538936207445,0.2439636397935247,11.743860105835978,0.14664626
5,human5_lurch17/human5_lurch17_SkeletonData4.csv,lurch,17,150.63942122090327,67.67649047576687,178.9079307468528,22.41595645101477,152.40566199237628,101.24165234796764,170.21566783861093,12.73386148555123,100.69072381966241,11.611624563141568,0.039358642,0.016681299,0.02508527043146708,0.2630647555851205,42.25742478044265,0.41832376
5,human5_lurch17/human5_lurch17_SkeletonData5.csv,lurch,17,159.5165117824435,130.19520736314516,173.25273471774065,11.180278844786024,161.84685284746467,138.45688680013276,174.55224898930916,6.969641399509341,99.06253771465146,10.75612612174316,-0.03092612,0.048916467,0.03840232807346215,0.19038929172097213,6.962165165419094,0.023180008
5,human5_lurch20/human5_lurch20_SkeletonData1.csv,lurch,20,156.77130131940834,127.60865287057777,172.91489469159595,10.080314384106154,162.17358121415228,116.88402277350427,176.43476730479355,10.913305062980909,100.01886322562818,10.192126108876872,-0.03942694,0.05824049,0.0422529663556161,0.21778336347316457,14.244502710271107,0.5090859
5,human5_lurch20/human5_lurch20_SkeletonData2.csv,lurch,20,147.32516339313503,57.25274575826304,179.27082650236363,33.12427129801177,145.3088258389122,41.11813923986029,176.00308309694776,29.159284080048135,101.03913875478143,11.627773290750756,0.032076918,0.013049384,0.03936484940759832,0.30892766348097983,12.866863112986891,0.25198674
5,human5_lurch20/human5_lurch20_SkeletonData3.csv,lurch,20,158.6307843378462,130.08041719908582,175.97897390720547,11.924781977795845,163.1680345561794,119.9956230903441,175.78273599686258,8.72929481249277,100.73941775058397,10.349960557680287,-0.042485442,0.0484538,0.04328657201802352,0.2353476440447125,9.888556198398831,0.7876923
5,human5_lurch20/human5_lurch20_SkeletonData4.csv,lurch,20,161.0828339344988,125.08090400237585,179.47583504794846,12.47136786676486,155.9266681803413,122.75114875569835,175.39472273088936,10.798825227099027,101.5747073548767,11.566475625912327,0.034037784,0.016722625,0.03249779609965428,0.24354935436914543,1.7513570703816157,0.60656
5,human5_lurch20/human5_lurch20_SkeletonData5.csv,lurch,20,160.62262266834742,128.46375979315798,172.96976195473385,10.450612094687099,160.9700505497176,123.03549655610195,178.33194642598465,9.889879783081199,99.55836647395736,10.642730533636845,-0.019237082,0.040642057,0.06291638445801438,0.1940546606811268,10.790447708306829,0.77910995
5,human5_lurch20/human5_lurch20_SkeletonData6.csv,lurch,20,150.55169799476238,64.93510382511795,179.2792115047677,25.557669439271706,146.73894172376893,67.81988690563894,173.63257562852553,23.334764862614826,100.89115149598365,11.704095562489119,0.032595295,0.017665254,0.022944539588079422,0.2418861314173275,8.531418956763147,0.77570987
5,human5_lurch3/human5_lurch3_SkeletonData1.csv,lurch,3,156.09190668129602,130.692868083317,175.04090385059578,11.044836388272781,161.7454481428946,130.15680192953593,175.90427441315416,10.018544382175746,99.76662026569248,10.855127737196955,-0.029417528,0.043585494,0.04303577892847739,0.24216020880864192,1.3994367163394372,0.051772356
5,human5_lurch3/human5_lurch3_SkeletonData2.csv,lurch,3,156.7139755648802,124.20089509627631,179.69124796600266,14.550882904103362,158.36589361599738,129.3648048187863,175.240726661009,10.858196791569062,101.85001795838032,11.854242756990276,0.045508243,0.020426212,0.0374036366919643,0.25539381377284065,9.614431027503642,0.06123805
5,human5_lurch3/human5_lurch3_SkeletonData3.csv,lurch,3,156.0050169476688,127.14516549063643,177.7858491020348,11.433486622994424,163.41737321822157,130.03459615149305,176.50484029094287,9.093133908980464,100.74427209305708,10.493437354012935,-0.037032884,0.046618477,0.04645073238283155,0.3184318429722272,4.170439471948555,0.23666692
5,human5_lurch3/human5_lurch3_SkeletonData4.csv,lurch,3,154.55965390905882,118.17844040908783,177.77204927168003,16.914936279689442,158.47183492289363,134.1047504704749,174.71037341353593,10.197497660176554,100.92715040301621,10.583879766716182,0.050046004,0.029023124,0.035492154115189654,0.24016773016088494,18.98798591953117,0.037495136
5,human5_lurch3/human5_lurch3_SkeletonData6.csv,lurch,3,148.78594962184462,69.35506090229761,175.57406666804326,27.57407086846766,156.1329881862659,110.76037097295558,173.06921318344072,11.172459964740437,101.24962584008536,11.011818977672965,0.035173662,0.025401821,0.05002059570584159,0.26152756288699774,43.91016355526051,0.60423994
5,human5_lurch4/human5_lurch4_SkeletonData1.csv,lurch,4,156.3694434600146,129.32411345035558,174.06707025856196,11.072631542224071,163.4153601102087,122.68723315312195,175.6388026776348,10.35085388619246,97.52277457571039,9.649845791758583,-0.031444464,0.041417964,0.040132280942676624,0.20735079306476673,8.208612716306476,0.3619399
5,human5_lurch4/human5_lurch4_SkeletonData2.csv,lurch,4,157.03876414515622,104.97891200161028,176.34012687916987,15.174939838825619,160.3792432123644,140.68477967148425,175.09005023244492,8.330852713753025,99.79607967933119,10.465176627820197,0.03661691,0.02140916,0.04097835175256488,0.2266812776576047,36.95594431659892,0.06464195
5,human5_lurch4/human5_lurch4_SkeletonData3.csv,lurch,4,156.01952489617727,127.90523460197463,172.92504952097676,10.813239474908357,163.4244900607744,95.35343280493396,176.28505848078564,12.355860083291065,99.807986233246,9.747799596862516,-0.034777537,0.045758802,0.05974792030709223,0.22556817246329902,35.91181075684955,0.52962613
5,human5_lurch4/human5_lurch4_SkeletonData4.csv,lurch,4,147.74045586737603,66.47852383322639,174.5777644143501,24.015303648878973,158.42076048729854,128.18921293004925,169.5741539712923,8.238590581160746,99.51781265944769,10.7161488660225,0.039611988,0.014708819,0.036068293821751335,0.2002168759505651,66.71429953988066,0.3836701
5,human5_lurch4/human5_lurch4_SkeletonData6.csv,lurch,4,153.88126029568596,83.76081471466911,175.4384188393955,19.929674963963883,156.43005031636523,117.15625708785056,171.9809359865244,12.386071608529125,98.01873981100594,10.776353400083183,0.04160554,0.013332244,0.04449045022730128,0.1867441151264154,36.85292522605255,0.028660297
5,human5_lurch8/human5_lurch8_SkeletonData1.csv,lurch,8,158.57847828868273,127.97377109358857,175.11859210840964,11.789360632709716,164.73498497257265,126.25125486957273,176.02675134446994,9.186365829599412,98.39614216013783,10.576101703344166,-0.04860914,0.05666909,0.04537072712031118,0.22992915646862033,2.6306754600761337,0.40002227
5,human5_lurch8/human5_lurch8_SkeletonData2.csv,lurch,8,151.6786647850811,62.08495208641566,179.0722428856672,26.523444840001986,155.77608454622677,100.571769417332,176.34158879745178,14.053016595062392,100.55167394712726,12.34539790872285,0.032384317,0.021826655,0.04323557930532439,0.3959898639680131,41.21747141913178,0.48946404
5,human5_lurch8/human5_lurch8_SkeletonData3.csv,lurch,8,156.76428102290458,123.08879642588843,172.16749731449124,11.249823474214931,160.97679569293965,96.0370944189938,176.0820014479819,13.357797646139815,100.78781696340283,11.22675722255924,-0.039886538,0.04759063,0.04345930206939083,0.31742946721860404,30.96620614038528,0.14099693
5,human5_lurch8/human5_lurch8_SkeletonData4.csv,lurch,8,160.47991522384496,80.76577113062379,179.4572364225139,16.51373843549714,156.50655080150696,119.51733376822239,175.9369874048713,9.975556171433512,101.35458676333575,11.728494383537752,0.042275846,0.022919761,0.024785320670054938,0.26606345059004505,42.27181165524118,0.110997915
5,human5_lurch8/human5_lurch8_SkeletonData5.csv,lurch,8,160.35027377593065,128.7440574091718,173.64010572595916,10.668467579684489,162.81515917787053,122.04215098557455,176.96592174825128,9.381865387509302,98.65668421496017,10.485520125228048,-0.023597838,0.043521974,0.03973657360311655,0.25274630166966316,10.027722445889367,0.3133402
5,human5_lurch8/human5_lurch8_SkeletonData6.csv,lurch,8,136.87914808030956,60.95598716109264,176.43798422456527,38.792083192229676,149.65432026793607,99.73764620135535,176.0871175177817,20.432142423039256,99.95745140080794,11.380610105372403,0.03444192,0.01511277,0.028112268717618308,0.19796321720740864,39.13252574704627,0.46474004
5,human5_lurch9/human5_lurch9_SkeletonData1.csv,lurch,9,157.27286708043766,123.53248513296212,175.85985791457193,13.218674197281386,164.3032510660355,121.15696910972348,176.18758322341998,10.118902632943877,98.41426498741498,9.930531339514388,-0.04009956,0.051602386,0.048978568830563236,0.22741681101298072,2.703241332086691,0.29822397
5,human5_lurch9/human5_lurch9_SkeletonData2.csv,lurch,9,151.41842888494915,73.80831443994839,178.3027350638754,27.441188795055382,156.35617771876062,112.65148498972492,177.35481867873312,14.40910695836561,100.30442364592695,11.602532522968831,0.037263233,0.021245744,0.028907484625224817,0.30750948666417766,39.791086934918795,0.43229675
5,human5_lurch9/human5_lurch9_SkeletonData3.csv,lurch,9,154.41943148852243,119.83416912600731,176.17507523818986,12.032472428058114,159.30990876366414,123.58886165493455,176.1846780414435,10.468750791351466,100.01469344650923,11.060111300564632,-0.04215713,0.049051564,0.04134512423695217,0.3129740200364037,3.745089725673594,0.085047245
5,human5_lurch9/human5_lurch9_SkeletonData4.csv,lurch,9,162.0167191752684,121.2235299025565,178.29062780857151,12.260154161992542,155.80197512808758,119.18614763048478,174.64863104503442,11.707209459124828,100.49912215847647,11.191051573464701,0.039478105,0.025700437,0.02600137843817128,0.23997458508450623,1.6046144914653695,0.123209
5,human5_lurch9/human5_lurch9_SkeletonData5.csv,lurch,9,161.4275199903303,126.62161860786532,175.3777041745898,9.887683267566835,162.08484457700968,114.5551375340366,175.06429679084638,12.475909317813235,98.10408942317716,10.626047218870937,-0.013196133,0.012894319,0.061536625643770514,0.23136503808545034,11.753073690085287,0.023079872
5,human5_lurch9/human5_lurch9_SkeletonData6.csv,lurch,9,146.68373549995584,50.30218723780058,177.05124219198427,35.16568199735812,154.59879085518136,101.95753131415246,175.12108865059005,13.411149353439546,99.57867405235484,11.45130056154543,0.035505608,0.017921818,0.03405630058831634,0.26677691672536635,53.5854976177461,0.2829702
5,human5_normal1/human5_normal1_SkeletonData1.csv,normal,1,155.96603547865456,128.77008015325436,175.03023001082582,13.307338530232489,158.02005769204877,129.49250619880402,176.23779880919227,13.203024286219856,89.80946209498197,1.8570188564199117,-0.003416028,0.013424863,0.020090554464842873,0.24224471246548476,0.48514275281678465,0.015957594
5,human5_normal1/human5_normal1_SkeletonData2.csv,normal,1,154.36834808133523,99.85134645667013,176.5796434246002,20.056167321040075,154.8426903487118,124.50246597287024,172.56828981105485,12.869420218954943,89.86286476360195,1.666056388125928,0.023720907,0.010606503,0.025445440282336754,0.2434214273997186,28.66247312974545,0.02740264
5,human5_normal1/human5_normal1_SkeletonData3.csv,normal,1,153.99436723874626,126.49452782994695,177.1570545519423,14.212526607867272,158.4144302573242,127.64972500272346,176.80406996632644,13.563617208485564,90.73164360609424,2.153116819071735,-0.01563256,0.017078828,0.029305104597249117,0.3322945580753,1.5081817583923822,0.9438739
5,human5_normal1/human5_normal1_SkeletonData4.csv,normal,1,157.34623033760928,121.1141058361312,177.0406838726032,14.87953297355216,156.91541915618868,125.2020914215037,174.86520274032452,11.920743303020558,90.51551511895488,1.8078952509660582,0.024654482,0.012821786,0.023027541590126634,0.21863802697481172,6.263466717651184,0.7207041
5,human5_normal1/human5_normal1_SkeletonData5.csv,normal,1,157.19310268269234,125.36513963061563,176.99884727669775,13.324173461228543,155.86381293432643,128.98556692867,175.40678721252198,13.510859709645578,89.2758695491234,1.634081881462802,-0.008157637,0.013512626,0.035618255000370656,0.24643499740856892,5.212487362230149,0.2983501
5,human5_normal1/human5_normal1_SkeletonData6.csv,normal,1,164.30420071915714,138.03459170774926,177.7701202148706,11.278085990101015,153.19431149023535,115.41922598457796,168.7319825789312,14.03970137444039,90.04756362778494,1.494489078289339,0.025242677,0.010026496,0.01657830387837852,0.1723926927074771,13.577228087231902,0.5431299
5,human5_normal10/human5_normal10_SkeletonData1.csv,normal,10,156.5909031952282,127.37089847165487,176.96046120036445,13.145440992690915,160.12933092820754,127.61826082553807,176.13230719793785,12.72331120313116,89.5864783888477,2.3389739336066375,-0.005617209,0.012452502,0.026240998487033682,0.23827432940465307,1.0755163563098051,0.26196384
5,human5_normal10/human5_normal10_SkeletonData2.csv,normal,10,160.13254023127138,117.41366144730135,176.4413107073114,13.631901131313361,152.7231285048052,127.08233190648667,168.1145694420869,12.058003223821327,90.25786931792946,1.9491237495714973,0.022445472,0.011178084,0.03289721940408059,0.1643183021468634,17.995411724409834,0.41991615
5,human5_normal10/human5_normal10_SkeletonData3.csv,normal,10,156.39193614835156,126.69689628013603,173.0761465007794,13.223252680249992,157.93198126157574,103.04697911587407,174.96065433851723,17.582837758057074,91.28457467934754,1.9188202104874064,-0.018352801,0.014699465,0.018674931155234567,0.2228122961599825,25.534425001999793,0.16026115
5,human5_normal10/human5_normal10_SkeletonData4.csv,normal,10,155.50443883762534,103.5856707125827,178.95642412316334,20.676505911775735,155.01682119456478,128.4459697648238,170.88347545823245,12.655380083061594,91.0720635730811,1.7305991535386054,0.027151056,0.012113762,0.01416082683620764,0.17356583778114926,32.93324771717198,0.02666974
5,human5_normal10/human5_normal10_SkeletonData5.csv,normal,10,155.21600860371083,123.64105275793733,175.42867408665387,14.131112500620505,160.55604676201668,116.1843193811774,177.0664454482907,12.679509688084083,89.3908378403853,1.4579795464219545,-0.011173725,0.013762694,0.03415038626270784,0.226494157722155,9.09450473839675,0.09396005
5,human5_normal10/human5_normal10_SkeletonData6.csv,normal,10,152.81553458071366,112.01210717296962,176.38219551190514,18.453082464070263,158.0014133444826,126.83056920476476,171.59379573382623,12.08756149563579,90.2684083435498,1.4765120349515948,0.027315134,0.010471496,0.017866373611845704,0.16235383400465606,19.606861809874047,0.05486989
5,human5_normal11/human5_normal11_SkeletonData1.csv,normal,11,156.006572723048,127.52582206892437,177.66437509061132,13.622012340472105,160.88631651479974,138.65404747082607,175.20392615014572,11.307907504545275,89.68819711602785,2.1952115149413305,-0.0015894268,0.013946188,0.023547993601203507,0.2172474705174674,13.588674342367298,0.15152097
5,human5_normal11/human5_normal11_SkeletonData2.csv,normal,11,160.5513364906982,133.49795273519868,177.98785888287085,12.656457262645008,153.2696164436163,126.9383713853472,166.89205541749243,11.351834913512674,90.00976149664557,1.7824858324587873,0.020247238,0.00944033,0.01576721282862876,0.15632787856329963,4.5362221155269395,0.11727381
5,human5_normal11/human5_normal11_SkeletonData3.csv,normal,11,156.0014751066248,125.47841746075612,178.46468722762583,14.157541031795134,157.20885344207994,130.01575566069144,175.08070645612872,13.615554275711103,91.32260875150553,2.2216758314151415,-0.014997745,0.017181758,0.023631810663783132,0.23275815129232869,7.921318971432427,0.24264383
5,human5_normal11/human5_normal11_SkeletonData4.csv,normal,11,158.87890866810199,110.49495978378728,178.45445685169915,15.681169378626084,156.711455491915,128.6721176758543,169.0100615260861,11.127715557384988,90.77911144000282,1.7873484784331504,0.026937531,0.0121810455,0.01888762105659612,0.187655482095091,27.621553217680074,0.5224099
5,human5_normal11/human5_normal11_SkeletonData5.csv,normal,11,157.14745388107616,126.9626404894202,170.9900465662406,12.313126019251264,157.85775344649971,115.5634033905484,178.3716060424702,14.787434505077972,89.19023239189784,1.7723526277569641,-0.00883125,0.011786976,0.036006109718496195,0.27588300297408636,18.78079657510139,0.60319996
5,human5_normal11/human5_normal11_SkeletonData6.csv,normal,11,158.83039613478726,105.39483951344143,178.0034470188258,16.48946413667051,156.4622832366165,122.55536868852812,173.93717083241847,14.075307660963036,90.07741145983216,1.376512691910215,0.028118752,0.009801051,0.01595472804483783,0.1765545941163774,21.226805361494016,0.45797014
5,human5_normal12/human5_normal12_SkeletonData1.csv,normal,12,156.49664823714826,127.18174704111556,178.3900117680196,13.1563074764583,158.61543155741523,125.75418110365248,176.16014039662494,13.01800682187597,89.1690770478141,2.352390147501852,-0.0019268323,0.01410196,0.03371351425741826,0.24689574474785134,0.8023054339315934,0.0048246384
5,human5_normal12/human5_normal12_SkeletonData3.csv,normal,12,152.47470809438937,110.17114099562312,174.68535723204965,15.672798412192206,154.10576609811523,105.46261770977294,176.17067480999714,18.539982614493283,91.12958991308633,2.0263419695578593,-0.014370549,0.017217759,0.026354563422850415,0.2432881608660394,6.193840863797661,0.476053
5,human5_normal12/human5_normal12_SkeletonData6.csv,normal,12,160.63345590568287,130.61755233525977,177.83552749291692,12.42506898782499,155.37094828720188,127.46101803644918,170.56473104926317,13.775456069584942,90.20882439798423,1.4734329682209482,0.03100435,0.011817634,0.02054797396630326,0.1926405599076377,4.114262144843153,0.65181017
5,human5_normal20/human5_normal20_SkeletonData1.csv,normal,20,157.67029539020277,126.5889873577474,178.0831322953819,14.122281264344387,160.73747015382668,132.70459327638488,176.5442253195695,12.482986954485927,89.51712275132631,2.6279809333297415,-0.012098302,0.015280919,0.029836518322246246,0.24606581385402573,7.654512894449866,0.12376833
5,human5_normal20/human5_normal20_SkeletonData2.csv,normal,20,158.66204694704544,108.65505197039816,178.12807352538204,17.91376123990722,153.66193556100342,127.75758539309624,168.28652070186894,11.544606809990837,89.52633696168212,2.1217890402298516,0.023038518,0.008590544,0.014245650053440634,0.16390139876303958,28.94408624621117,0.12961388
5,human5_normal20/human5_normal20_SkeletonData3.csv,normal,20,156.51723575445467,122.54891008752539,178.22118233745033,14.689645577171335,159.45985041068337,125.9054645564629,176.2974561575737,13.199797166828498,91.10541665331897,2.0383456265859117,-0.018751334,0.016479034,0.022958297483899232,0.25354283015038254,5.280280648814156,0.5859282
5,human5_normal20/human5_normal20_SkeletonData4.csv,normal,20,157.83024260090318,104.48823112079619,177.17159011519936,18.39176300816323,157.34593913577083,127.09493422227085,170.00750158663797,11.60265949630096,90.6914747533802,1.4167612408617847,0.027185917,0.009879053,0.01633878526274675,0.18433730567196716,29.770791630036058,0.6409302
5,human5_normal20/human5_normal20_SkeletonData5.csv,normal,20,157.81912103389263,128.22855152395465,172.9875548802666,12.085645850429158,157.16588360925945,122.4772175261796,177.37597971485644,13.878268368922498,88.2910741490626,1.823033519057238,-0.011498128,0.011741902,0.04774947093045623,0.2636862040831614,10.13975883236489,0.55546
5,human5_normal20/human5_normal20_SkeletonData6.csv,normal,20,163.4960844647443,138.7027842316893,176.94143205717776,10.881192600579205,154.60018777107973,126.43036021399026,170.33819732979575,13.512326041196355,89.19714557105762,1.4894914816509432,0.027557045,0.008893683,0.01287234436754974,0.16709726717294565,5.669189290317021,0.62503004
5,human5_normal4/human5_normal4_SkeletonData1.csv,normal,4,155.39214218135305,127.60230153256667,176.11795176477307,12.929820677381455,156.16795582676977,115.18858402018053,175.32229706910934,15.783015323404248,88.88458456666008,2.007941565427947,-0.007590442,0.013395363,0.02308488408652332,0.2574271617541729,11.618062816722414,0.252285
5,human5_normal4/human5_normal4_SkeletonData2.csv,normal,4,159.98990955599209,133.96163333638978,177.6270032180688,13.264320606327031,154.8375261053794,126.66582125411853,172.82236503126617,12.352507413737953,89.42133318327856,2.0277570080017133,0.029614564,0.013978873,0.023069970589610207,0.17285067652566047,2.49117389546862,0.05802822
5,human5_normal4/human5_normal4_SkeletonData3.csv,normal,4,156.43598352882623,125.46299998786121,174.55822772575803,12.280851265276276,157.96834684496022,102.3184467390059,178.81289321623782,17.000299335284524,90.97752853531904,2.095574082547192,-0.014897713,0.014689695,0.02376485698987668,0.3025428196158396,27.399218739335097,0.5545747
5,human5_normal4/human5_normal4_SkeletonData4.csv,normal,4,161.05361179344433,130.59708764095723,176.6103607020462,12.820995462377246,154.95719169882886,127.89007847577862,171.37009878162482,12.623891848724853,90.85552365977418,1.4292205637106734,0.029963417,0.016833972,0.02724399665794959,0.21813674730541616,2.5332527552427706,0.7897599
5,human5_normal4/human5_normal4_SkeletonData5.csv,normal,4,152.70441032065077,72.80603710987634,177.0661751688396,16.871820315622276,160.8676149441326,137.32709216822013,177.04433647099583,11.369163678176244,89.58232614006386,1.851487582332314,-0.009785533,0.014236774,0.04861811589949696,0.4652024289053397,64.54289375618757,0.42647982
5,human5_normal4/human5_normal4_SkeletonData6.csv,normal,4,159.09570690414478,130.7013884899304,177.3514414404754,13.833249209710623,157.88919649178263,131.18205407818422,168.84091389056576,11.247464034719787,90.32398921785624,1.5830088036302226,0.026918288,0.011057323,0.015514948911270764,0.16793057922486415,8.991193138163482,0.38576007
5,human5_normal7/human5_normal7_SkeletonData1.csv,normal,7,155.67954136645102,126.98045924314458,175.96438784520936,13.272855901444693,155.67077053992452,121.7874219229403,175.7818879216994,15.266108263011938,89.03590031901558,1.9326124593811833,-0.006261851,0.01365443,0.02060599404971723,0.254182376416556,5.010537396694318,0.45077205
5,human5_normal7/human5_normal7_SkeletonData2.csv,normal,7,161.49458506758882,133.36021696560368,176.7660691226257,12.099030320787305,154.26017774358215,129.43029454379342,175.21138438207603,11.367544286580847,89.7077659234113,1.6329781866443003,0.021233555,0.012244831,0.025043197047675474,0.17375308659140168,2.375237681260586,0.063797
5,human5_normal7/human5_normal7_SkeletonData3.csv,normal,7,156.11886554959978,125.19085540794552,172.4913992508491,12.499423344139093,155.0820103310253,106.45459633412322,175.8554555528816,18.535580126625582,90.650425363918,2.0791772945490083,-0.017144611,0.01535849,0.02081223780725686,0.280327155634837,22.100315375854805,0.73426604
5,human5_normal7/human5_normal7_SkeletonData4.csv,normal,7,159.20606021743785,105.00616610090894,177.6262639412387,15.292429875396335,154.36526471131538,129.34699892741781,169.6419130435979,12.141524164544354,90.5917849065921,1.7181931600407478,0.028469916,0.014987572,0.016028237254437652,0.22467858800519383,32.32518372414968,0.71877
5,human5_normal7/human5_normal7_SkeletonData5.csv,normal,7,154.2239020897014,122.32890863432222,173.07208383318522,14.975018402861135,160.03246506347898,134.49752588851055,176.72398244147257,11.663173332941069,89.84955640049729,1.719562623166418,-0.010731625,0.013146113,0.030558907933896276,0.24572852085710073,8.51671864590098,0.5434098
5,human5_normal7/human5_normal7_SkeletonData6.csv,normal,7,156.5343333090826,132.9372172813355,175.46107222460682,13.637197658102611,156.8279475066499,130.1289955648122,171.2923610423698,11.607007697150815,90.46018686510087,1.5618509778469376,0.0270755,0.010900543,0.01890189760522317,0.1902033315869916,1.360489465713698,0.52651
5,human5_normal9/human5_normal9_SkeletonData1.csv,normal,9,155.6851592553102,128.21534691062257,173.36881703680052,13.445069379928158,157.4470222771336,122.26853509516643,177.81404667171995,15.742931848856484,89.52658978610084,2.00135585163494,-0.005727862,0.015102554,0.01933402936251137,0.24949047096177399,10.392041450375572,0.40561485
5,human5_normal9/human5_normal9_SkeletonData2.csv,normal,9,157.9406140338123,124.51030959093049,176.30637880244862,14.732189405575857,155.7474233844027,128.0216938469107,172.34751938535933,11.560450273665676,89.83780410962977,1.826914232018531,0.024723623,0.012342389,0.018347055161595835,0.16331209748723768,7.47024367306949,0.39256215
5,human5_normal9/human5_normal9_SkeletonData3.csv,normal,9,154.88286449129754,126.8091775949865,173.8687194167915,13.138396970711415,157.36435866096903,100.12322783989946,178.10476843700107,16.420419785043062,90.97652844734365,2.3716283574496075,-0.013084478,0.017593838,0.01946401853580687,0.23517922985991435,30.921998775296615,0.3638389
5,human5_normal9/human5_normal9_SkeletonData4.csv,normal,9,158.6688524081944,122.98589581544161,178.37362803933115,15.243360702321228,157.02964927763034,126.77703892722216,175.3032399381,12.570785527971578,91.07921538195247,1.9124826580867522,0.031147966,0.013197464,0.014767101528201883,0.1916528972771567,6.861531213011702,0.25883794
5,human5_normal9/human5_normal9_SkeletonData5.csv,normal,9,156.57682250888382,125.98098842035176,174.75558940386594,12.456911086173617,156.1830216086053,103.54144403547134,178.8888934999794,15.153848538357558,89.71507845504085,1.6952831825389072,-0.011000945,0.012509321,0.04163651280759078,0.2316684867638397,26.57284848099387,0.4579699
5,human5_normal9/human5_normal9_SkeletonData6.csv,normal,9,162.4971963551362,131.22342887982632,178.1189844330029,11.911760043873905,155.30774908745727,125.13387606402522,171.9837333609594,13.270681074554423,90.07226001886406,1.4305232102538532,0.029294042,0.011797926,0.016421086667821858,0.15822827694154606,0.04569825624240309,0.3245101
5,human5_steppage1/human5_steppage1_SkeletonData1.csv,steppage,1,156.0600943058062,119.36562071548245,176.39583665587892,15.354265410683139,145.45392248582007,98.3504994818193,173.3361071123893,19.84887083026257,87.74576298388416,2.2846012179709523,0.003615467,0.010321393,0.0253645344100355,0.19710705561561237,17.955391690173528,0.046632767
5,human5_steppage1/human5_steppage1_SkeletonData2.csv,steppage,1,164.09005721711046,127.73810759235542,178.55164835220845,14.703721153937831,136.83899995387702,98.38326101874713,164.6112416120089,21.755554193703805,87.96689759356887,1.8217796006396612,0.039991196,0.012045031,0.03680838239418613,0.16597726979397529,15.41443983340875,0.2071631
5,human5_steppage1/human5_steppage1_SkeletonData3.csv,steppage,1,158.1911014648735,118.5533527719553,174.76850033087382,13.742391084530805,146.1384555467762,90.32730574219234,178.2267749373098,20.399298310540008,88.78217359317577,1.7480288635429002,-0.0042294664,0.015302008,0.01893018477733613,0.1744107911568204,31.68432163619896,0.787508
5,human5_steppage1/human5_steppage1_SkeletonData4.csv,steppage,1,165.08858976788082,126.844249279716,179.25115234432235,13.798245140744667,139.36442376127889,95.48528784439895,166.4509653420393,21.185440262643123,88.60741853935477,1.615612541112618,0.044019848,0.0124999415,0.03722850421428837,0.24011554357389828,18.55877443303399,0.36484313
5,human5_steppage1/human5_steppage1_SkeletonData5.csv,steppage,1,157.93989293872838,107.85346235128328,174.3424801301529,15.575360894999053,144.52790330320377,98.4577494423512,168.19519679176048,18.15363730805659,86.84177556705477,0.840362682237496,-0.0009372648,0.011518329,0.05857813503823086,0.1979212659430075,3.2484295705396704,0.056410074
5,human5_steppage1/human5_steppage1_SkeletonData6.csv,steppage,1,165.5111707758167,129.70413787290565,178.85061318814607,14.42075954042364,138.3214028884852,94.44139556246277,170.00186746225472,22.54816691779465,87.65308798645073,1.0973491645204154,0.042773202,0.011636108,0.025770385642306864,0.1637082815337074,26.413996584551526,0.08507013
5,human5_steppage14/human5_steppage14_SkeletonData1.csv,steppage,14,159.20361273950886,124.96479909508467,173.98186946262902,13.159040620622884,139.77322717877757,81.33808414529966,175.18656339209332,29.697405824193478,90.49706619965964,1.8680016932360317,-0.0012836328,0.014442966,0.029049454307948946,0.17534941878013288,44.83140887924931,0.4175701
5,human5_steppage14/human5_steppage14_SkeletonData2.csv,steppage,14,162.81591619101164,127.69129207367311,176.43676325464293,12.212608094658052,139.19649871606572,95.10838386306621,165.92637062686322,24.220313978323446,90.77982640695662,2.3345477359921825,0.024168622,0.009999281,0.04769485445496227,0.2244996016101715,22.072515582827194,0.56035614
5,human5_steppage14/human5_steppage14_SkeletonData3.csv,steppage,14,162.4781034821967,127.6410150522288,175.4574108599453,13.476175795510303,133.69617311058656,74.59461527967889,174.46107111311673,31.29599276042403,92.24829400284489,1.5036212314459525,-0.010003921,0.015387858,0.03781881035703551,0.17879009323267134,52.050060025721336,0.21179318
5,human5_steppage14/human5_steppage14_SkeletonData4.csv,steppage,14,162.31361289270214,121.22394812874903,177.0565930913049,11.793885748166359,136.35678332388753,88.3908070426824,169.70682491093694,27.35581107039765,91.90209527782811,1.9105190528150904,0.03537537,0.015074229,0.024771387962269582,0.27064866012164535,25.483372905698673,0.31985807
5,human5_steppage14/human5_steppage14_SkeletonData5.csv,steppage,14,162.33554168319156,124.43270735539099,176.73537849919873,13.464368662997456,132.73396245298446,67.7631872642199,176.21627431600575,31.88077807183479,89.69567385679402,1.2564250388289182,-0.004913847,0.016426964,0.04720933869279998,0.3074162856008482,56.150415907978115,0.2660501
5,human5_steppage14/human5_steppage14_SkeletonData6.csv,steppage,14,165.30294238586345,138.83683714263975,179.1603709129201,10.931945269534253,133.7916624300388,88.29870760459295,169.481102088402,26.840503713932122,90.5175637773546,1.743800812856674,0.03590226,0.011639479,0.029661916657355392,0.1635714028194305,40.85886071352871,0.40412998
5,human5_steppage15/human5_steppage15_SkeletonData1.csv,steppage,15,159.74110451315624,124.9913274938978,174.3435166651745,14.36024373568546,136.6974996708928,76.02976179184863,173.2915141559837,30.503636491019595,90.68696535810585,1.9726594114936467,0.0011532578,0.013222134,0.039068617067713245,0.17377298137577424,47.90956319285837,0.7482946
5,human5_steppage15/human5_steppage15_SkeletonData2.csv,steppage,15,164.15777822237146,129.71862968532042,177.69885712369927,11.285395608308693,136.01633019543422,91.16187770400813,164.39481449557672,25.316021932419215,90.65963066863031,2.1631069228042854,0.026730334,0.013148905,0.03625900157406946,0.17819625284394972,25.252709353189744,0.64636874
5,human5_steppage15/human5_steppage15_SkeletonData3.csv,steppage,15,162.7201571343824,126.02404896162709,176.33957462157358,13.262366213295724,141.41781976869706,74.12906721864596,176.2460668512984,32.725550377343865,92.48060581491193,1.7992777291448565,-0.004017626,0.012850128,0.04539688342613592,0.16943038088467088,51.80147397270595,0.63722396
5,human5_steppage15/human5_steppage15_SkeletonData4.csv,steppage,15,163.6283628289289,133.64375207109504,179.20503053473666,11.386792224698064,139.52419934013614,81.5773104694599,177.49655815887957,28.368126054515773,91.90749195045511,2.1648426809600547,0.03737171,0.013613859,0.031113597728967747,0.2695647958938786,50.357969225778035,0.44026208
5,human5_steppage15/human5_steppage15_SkeletonData5.csv,steppage,15,161.74296313844926,123.2314535209879,175.12116559260645,14.085761758310296,132.24468981191177,73.80273221209204,175.4063454900293,32.25420305580604,91.04815897051841,1.4600628949134207,-0.00480071,0.016577918,0.05269224490483785,0.3014641366447912,49.713901206318724,0.16315985
5,human5_steppage15/human5_steppage15_SkeletonData6.csv,steppage,15,164.9526027570563,132.63002855382842,178.06880016477615,11.412453255447225,132.6469596179271,80.35043410830977,168.69470431504018,28.973263013159237,91.91344117483482,1.815699051705802,0.03156153,0.009283525,0.029609927959722337,0.1519469617466207,42.90549859578269,0.23288989
5,human5_steppage3/human5_steppage3_SkeletonData1.csv,steppage,3,157.84608082546654,118.68282253615764,175.07475996923037,15.659917813103785,140.31878782446486,86.95832040004385,173.66729060197676,26.782552291727797,87.64159326143475,1.5380176166322994,-0.0037905092,0.016202472,0.024082150307682067,0.17816831774480554,30.317032768860187,0.10916591
5,human5_steppage3/human5_steppage3_SkeletonData2.csv,steppage,3,163.80200726234722,127.88386463535849,178.88427397873318,14.15179666723302,136.3827989282147,84.17626265003669,175.24401824832552,23.898894220399768,88.28276036890497,1.9847643661926964,0.041659296,0.012792611,0.03650536965984237,0.16042180937711933,40.06734625491414,0.30983686
5,human5_steppage3/human5_steppage3_SkeletonData3.csv,steppage,3,159.95536623421637,122.04201120164048,175.9152767172283,14.745860661383478,137.24373841085819,89.32434176711979,174.73820321004624,25.783358459797707,89.55822066433895,2.4998163746167004,-0.009228212,0.014934208,0.0416433466071897,0.17773763322920938,31.54059592733863,0.43477297
5,human5_steppage3/human5_steppage3_SkeletonData4.csv,steppage,3,165.0489763246502,130.24958081376298,178.90534938349634,12.564892421032946,134.2771450738094,96.47101374116835,167.41416418164258,22.521330525033104,89.38864624071853,2.596218247460676,0.036575977,0.013080711,0.027493543503526566,0.20371532985783866,22.28738187074086,0.03374791
5,human5_steppage3/human5_steppage3_SkeletonData5.csv,steppage,3,161.79309844990686,120.91475988216509,176.60964935547992,14.947822586997226,134.07827976821787,81.13500093464233,170.82424605340998,27.444347933505615,88.13310155099258,1.2892115287601773,-0.0075276867,0.011170596,0.046665818366425374,0.19801241889310017,33.99435564545281,0.17494011
5,human5_steppage3/human5_steppage3_SkeletonData6.csv,steppage,3,164.45670463611583,127.75600886121121,178.20373600556127,14.664858820750057,134.395472577483,92.02383719628367,170.3929703779739,23.284363001260168,89.37449024118098,1.8448647240911533,0.03460903,0.009610322,0.037180140970571623,0.17641718451489485,27.92140603734019,0.15124989
5,human5_steppage5/human5_steppage5_SkeletonData1.csv,steppage,5,156.53058327433584,120.02426126160177,177.29193954532036,15.454822426253905,138.5621869849462,87.45036510622138,171.08510420130932,27.197512892040912,89.07032970461296,1.2710214187206292,-0.0039886874,0.01787194,0.028907837351628957,0.19759152646918562,26.367060811369342,0.7295127
5,human5_steppage5/human5_steppage5_SkeletonData2.csv,steppage,5,162.76937002918694,126.43382178477036,176.11384980717014,13.383151416477375,138.83878649789662,96.80021026227315,167.75374197769278,22.851224310694604,89.11263152927937,1.676315879864181,0.027179124,0.012117051,0.038884745880291505,0.160770458480953,21.273503693019848,0.6730629
5,human5_steppage5/human5_steppage5_SkeletonData3.csv,steppage,5,159.76829693333173,121.79218267867036,174.47695675383378,14.8305116055363,135.57542224664277,93.80291852234927,173.9138330329158,25.197653249785894,89.47590848312684,1.477364077755139,-0.011769498,0.012531042,0.029184089173613776,0.18192374906964456,27.4261404354031,0.3438301
5,human5_steppage5/human5_steppage5_SkeletonData4.csv,steppage,5,164.19868687720398,129.73769558740779,176.70343117587944,11.999408352920986,137.93427919231587,95.3525266433755,169.40696822027357,22.44014555102815,89.27689067992817,1.6327073574929165,0.034656573,0.017111553,0.03610775194343453,0.32734114351878246,27.088705988426412,0.42331505
5,human5_steppage5/human5_steppage5_SkeletonData5.csv,steppage,5,161.29608903827696,122.65402710955777,174.18472040437658,14.4437887649331,136.4576572996454,95.86812864219249,170.43305989279406,23.1622474556515,87.63533914936255,1.5011223526250292,-0.010170849,0.012760722,0.0409628664231381,0.23231567275397955,23.03423795578277,0.13346004
5,human5_steppage5/human5_steppage5_SkeletonData6.csv,steppage,5,163.95699042806856,131.86994264314322,177.96516982408798,12.925560093775468,135.92997016804588,101.92909567028504,175.70192163641832,22.12828959179919,88.60197451829356,1.7199783775442483,0.033217013,0.008107183,0.0314437270112491,0.19373427379652214,27.677598785188522,0.4714198
5,human5_steppage6/human5_steppage6_SkeletonData1.csv,steppage,6,158.75885763982956,121.27507584859106,178.07701300559467,15.522844473674933,142.8619367749471,91.4336232896881,172.12857525220414,23.97773969185642,87.76281895896373,1.3891473640534455,-0.008863903,0.013719643,0.02869635477235403,0.1820121975654516,23.893014805512436,0.84307206
5,human5_steppage6/human5_steppage6_SkeletonData2.csv,steppage,6,160.83652639321767,108.00813971256906,177.97788169935748,17.026890482591046,139.45651059895002,98.23626751297351,165.66391841517523,20.756561369639787,88.41689172340268,1.6195880596134262,0.029656393,0.010406311,0.03570574505403049,0.14709650268761124,2.5420910845867013,0.69398403
5,human5_steppage6/human5_steppage6_SkeletonData3.csv,steppage,6,160.65406714358983,123.43814193496695,174.12106589067244,13.50819575971242,141.65698684573587,92.12706179137315,176.05669249074185,26.97538550726849,88.55106828510591,1.6218291438603358,-0.0117254425,0.011859393,0.028387616895479903,0.16716706914737564,33.24670674366321,0.46522093
5,human5_steppage6/human5_steppage6_SkeletonData4.csv,steppage,6,165.1979930503775,132.64301085866802,179.2029470637966,11.74145370677503,138.08201734701723,100.12760959305545,176.2316196296092,24.21637158371802,88.41923612638483,1.5616730288979506,0.040067397,0.011122676,0.039318738593291123,0.22231022488797345,29.544073831425166,0.25395727
5,human5_steppage6/human5_steppage6_SkeletonData5.csv,steppage,6,161.33207416636895,118.35858743646604,175.60517395507176,14.792004206930573,136.47143767883514,93.9248106787327,174.00924872682384,24.666491480736692,86.88935662330209,1.3077676033525392,-0.0053178994,0.0119156325,0.05316059634895095,0.21068268167844034,22.83785152948542,0.18168998
5,human5_steppage6/human5_steppage6_SkeletonData6.csv,steppage,6,167.268612014777,127.27567814776825,179.74445601969762,12.734045674920281,136.28648003368036,97.8285243137649,169.93726539217593,23.367460275904623,87.89162955896366,1.353412684910153,0.038046647,0.011732797,0.024466862037805907,0.14874214176704342,19.639963206481653,0.013970137
5,human5_steppage7/human5_steppage7_SkeletonData1.csv,steppage,7,158.59490978532517,123.36854830384861,174.55662954309895,15.038114049492997,135.3389627785947,91.93766123149676,169.36015141401785,22.606099925683303,88.23231606036751,1.4793070935005193,-0.005920767,0.018171912,0.021345786048538637,0.17620771735819166,26.23440894327075,0.7789211
5,human5_steppage7/human5_steppage7_SkeletonData2.csv,steppage,7,164.1504137547064,129.10200682569703,178.4683092688126,13.032691175268502,136.12591283373249,101.53687591760608,164.89981817725803,20.509252364598858,88.608453631026,1.7608424050814713,0.029497517,0.009988194,0.0402738298724056,0.16641337508746523,13.996639816536387,0.6861162
5,human5_steppage7/human5_steppage7_SkeletonData3.csv,steppage,7,161.7390911947828,122.67006906671638,178.09134851697544,14.108857269224613,140.39799294988853,88.0401570348693,175.89911032194576,24.7354730059097,89.38964294024167,1.6913698607656087,-0.014255695,0.011900014,0.030610085119785822,0.18577162316152313,32.437673836817396,0.413949
5,human5_steppage7/human5_steppage7_SkeletonData4.csv,steppage,7,165.69895970530513,134.20960305928233,179.302557033695,12.216846449692527,137.4507872872821,103.21459155253298,175.2283601752493,21.151060632415355,89.46755007572834,1.7021630638310903,0.03687807,0.01604471,0.024022684351597462,0.21735855446825467,26.920814648303647,0.3681152
5,human5_steppage7/human5_steppage7_SkeletonData5.csv,steppage,7,160.77152788106113,124.61221688625558,173.94606186651092,13.988533402312106,139.59343238681382,96.67534826856864,175.88975535380038,23.85577298329794,87.93848132588205,1.2848469771896507,-0.004766639,0.01196208,0.049251710207157,0.18670043662332866,29.880562104976406,0.11354971
5,human5_steppage7/human5_steppage7_SkeletonData6.csv,steppage,7,165.55660924317982,128.06976671697922,178.14894653856265,13.064567856376238,136.33298997404728,100.09659901363476,168.70574694377896,22.225947259912864,88.79839303742992,1.53705884665963,0.03734707,0.009056749,0.02952457188612444,0.16661693153640644,18.529968108560766,0.09652996
5,human5_steppage8/human5_steppage8_SkeletonData1.csv,steppage,8,159.51145361219852,121.52938607189017,174.11859677613717,15.078758229215278,140.27568028482435,98.78624206230317,175.30983901940698,21.730381794584055,88.49767704351619,1.2771217474168597,-0.009360984,0.015829297,0.02529976928751658,0.19446895689186514,23.93438625285681,0.82475996
5,human5_steppage8/human5_steppage8_SkeletonData3.csv,steppage,8,160.91038945922696,124.92933518611792,177.19744756041888,14.442259958006082,139.77447641474498,87.08689859052062,177.22774679528965,25.332384457729255,89.68083832704939,2.0004825528759773,-0.010487889,0.014459116,0.0295289082853515,0.16700806437413082,37.87273583046807,0.34918904
5,human5_steppage8/human5_steppage8_SkeletonData4.csv,steppage,8,164.36847978722355,133.15078953808376,179.4847147235701,12.597943274814027,140.06634163126193,96.41592219510807,167.13732488726842,20.979081296270444,89.5822242658666,1.7444514038833332,0.04009659,0.013118115,0.02563041419217306,0.21852478569037034,24.387477506674003,0.55777407
5,human5_steppage8/human5_steppage8_SkeletonData5.csv,steppage,8,161.5032503861556,124.61865246913614,176.2181919567102,14.73351856018023,139.1430665199514,90.97813631891923,171.3392755046049,23.83888502318538,87.91547815071017,1.2207851017094724,-0.0051999544,0.012898999,0.053061402764516256,0.1907961968498328,28.76159969811161,0.091169834
5,human5_steppage8/human5_steppage8_SkeletonData6.csv,steppage,8,165.6463952357021,133.9709820340334,178.6922939499699,12.703028424307137,137.2913525473392,99.26856177358096,169.8717863311511,21.919983685447,88.68281553686106,1.3410596527677914,0.03774278,0.009579559,0.025714373939159894,0.16463739962819335,25.881912641633647,0.3731599
5,human5_stiff_legged1/human5_stiff_legged1_SkeletonData1.csv,stiff_legged,1,160.15104726337592,127.73336645167784,176.00543485683306,13.219258964780444,165.06250905309352,130.64767435464805,174.3733834570137,10.14964918356773,86.14794565708316,1.8386992498272874,0.009088504,0.014155621,0.027040979000502542,0.1987854682827859,4.546359302789583,0.71658707
5,human5_stiff_legged1/human5_stiff_legged1_SkeletonData2.csv,stiff_legged,1,165.3058844709181,135.2761134267484,178.96366891403412,11.15492095121659,166.09835550634142,158.24480350224852,177.78146480754694,5.106178408449839,86.45280789952304,2.1221811254142007,0.042170398,0.013135764,0.038791938347939134,0.14778520202426446,24.150894181987297,0.71602297
5,human5_stiff_legged1/human5_stiff_legged1_SkeletonData3.csv,stiff_legged,1,163.53612871574205,130.89875140058416,178.10029738645005,11.45462964589859,164.9151481208619,136.37081625108632,175.14633030220867,8.462391300199057,87.70939737745161,2.0231103246725595,-0.0025505067,0.0189696,0.03003323520996517,0.19489188998811527,8.426031934743548,0.40339208
5,human5_stiff_legged1/human5_stiff_legged1_SkeletonData4.csv,stiff_legged,1,166.73718306307373,137.50812528133136,179.26994004342907,10.296145010972452,166.19365197760445,151.94321444125129,177.92960751996088,5.714827194745309,87.35917138645972,1.883591383106079,0.051811107,0.018347336,0.019520953581049126,0.1607262605752361,15.775421683388117,0.01746583
5,human5_stiff_legged1/human5_stiff_legged1_SkeletonData5.csv,stiff_legged,1,165.32193290388588,126.97130040570224,176.6804372814564,12.41056095072043,164.6152446916883,107.89539988719602,174.04155598168643,9.789100230144433,86.11730646842138,1.3856020503928803,0.0033743025,0.0153000485,0.046388349804145884,0.2310983189429114,16.437019218736253,0.36021996
5,human5_stiff_legged1/human5_stiff_legged1_SkeletonData6.csv,stiff_legged,1,168.8984528237293,136.81334581285373,179.0375158658762,9.419658979280149,168.3427446616008,156.29241683044373,176.97928622374408,4.828709260558686,86.194111972239,1.240751649837813,0.050735217,0.018429423,0.021864867090468323,0.1263758863050369,21.53730065972212,0.43226004
5,human5_stiff_legged14/human5_stiff_legged14_SkeletonData1.csv,stiff_legged,14,159.1186748476104,122.08435006418101,178.22882006197682,13.505727619999464,165.94511370371782,147.1454008888542,176.51215859230862,8.058649479442485,88.5869056683081,1.6928914962393697,0.011416004,0.012968399,0.019017229928429354,0.19781892163985773,26.777712294341384,0.6302178
5,human5_stiff_legged14/human5_stiff_legged14_SkeletonData2.csv,stiff_legged,14,163.3854987193603,130.66417761500128,177.48251661468143,12.51919883052476,164.37668967928943,152.3764140095272,176.64590280995466,5.168297579639088,88.48216972057088,2.189464653284995,0.039896525,0.01786631,0.042323441390272845,0.14819221297942398,22.548850199252684,0.6514733
5,human5_stiff_legged14/human5_stiff_legged14_SkeletonData3.csv,stiff_legged,14,164.12354128910633,127.68817716469806,175.64364195646124,11.959742508938696,158.92463321219384,89.25296992932486,175.01966567547348,19.55689088613608,88.70222674307077,2.1488390672604716,0.0033118264,0.017670449,0.023978979261821732,0.21912579821744244,37.81123095438544,0.097956896
5,human5_stiff_legged14/human5_stiff_legged14_SkeletonData4.csv,stiff_legged,14,167.59492054978801,136.99536660491893,179.11809742636282,10.319836248925064,166.96151551475208,156.70112409304667,178.15585359102153,5.154431373173537,88.05039651849671,1.804698743466363,0.053449232,0.017178632,0.01881729891489106,0.1587520853156473,20.668001323469042,0.28245425
5,human5_stiff_legged14/human5_stiff_legged14_SkeletonData5.csv,stiff_legged,14,163.38028103884676,128.79341725854013,175.7455526035284,11.95457873460126,164.36103329042615,88.69036006671753,174.27016526449646,11.442854105956856,87.27536261025338,1.2996262414793653,0.0024408235,0.020570094,0.03547537168554579,0.256624052794227,38.627669852790646,0.23227
5,human5_stiff_legged14/human5_stiff_legged14_SkeletonData6.csv,stiff_legged,14,166.70157532363993,136.86305498570326,177.99945293955517,10.766898795224837,167.9446916831024,113.66991427820105,178.170703835407,6.9217844171349485,87.82842849307188,1.720796311830298,0.048241872,0.016246984,0.04169917694346729,0.12543063892141335,23.36439160335405,0.11194992
5,human5_stiff_legged17/human5_stiff_legged17_SkeletonData1.csv,stiff_legged,17,159.39743175870848,127.74018834124914,176.47084654094513,13.588495859546905,164.2940796326747,135.20435825352305,174.94984321237013,9.713319037770397,85.957452328278,2.138780492900122,0.0152622,0.013720869,0.02121523151706304,0.18776648517934078,8.985173240848923,0.7473881
5,human5_stiff_legged17/human5_stiff_legged17_SkeletonData2.csv,stiff_legged,17,164.52774630826553,131.72681681651258,179.13547006105102,12.323388297553239,165.71208681356424,156.69474982811897,176.0965270212367,5.120826859816261,85.9489918155122,2.62002966419079,0.050184023,0.012653382,0.04274972438948783,0.145730352992924,28.006876051420704,0.6274872
5,human5_stiff_legged17/human5_stiff_legged17_SkeletonData3.csv,stiff_legged,17,163.1270660863111,125.91101732064571,179.36275657719207,11.92786037809904,162.36251448181136,98.77914547790922,174.9585710339583,14.117093927028039,88.30672261611606,2.0570728789666433,0.0028787837,0.0157889,0.02558828302679065,0.17097963794753132,22.727686299502707,0.39719915
5,human5_stiff_legged17/human5_stiff_legged17_SkeletonData4.csv,stiff_legged,17,167.1560884529698,133.24131713593556,179.31508475348,10.801769216456615,166.5102505525649,154.06792669820976,177.40301035827116,4.992086792386395,88.15592398159157,1.9776530126228153,0.058180276,0.020561619,0.02568087781291657,0.15083716114078968,22.738683957483033,0.050504923
5,human5_stiff_legged17/human5_stiff_legged17_SkeletonData5.csv,stiff_legged,17,165.1940378800867,131.417416164745,179.4171109337255,12.077832886042405,161.88282606437068,131.0664801217367,173.54362918444713,9.554698779266136,87.15180203807354,1.6782164532764323,0.0112743825,0.010607168,0.0477638365646483,0.19311672054758056,5.52254570627008,0.40119982
5,human5_stiff_legged17/human5_stiff_legged17_SkeletonData6.csv,stiff_legged,17,169.3291228247935,135.50384013560327,179.01910717220653,9.64949031721948,167.57642794154413,154.41197816302636,179.5826184643071,5.275414336179298,87.65971613768318,1.7564395165516358,0.055740878,0.017889462,0.025804348339932056,0.134204859046242,18.34462673532252,0.25833035
5,human5_stiff_legged20/human5_stiff_legged20_SkeletonData1.csv,stiff_legged,20,160.70341157631015,127.64661946511545,175.4541990730586,13.893684332400145,164.04539192967775,132.6280623284841,176.69294109732078,10.505362484281406,87.79902524875774,1.8110515476836155,0.013610698,0.014800827,0.02621985476504847,0.184275497699625,3.742700839106462,0.61978126
5,human5_stiff_legged20/human5_stiff_legged20_SkeletonData2.csv,stiff_legged,20,166.51443610656506,135.66372563406983,178.40668241317437,12.18598159489461,165.02934155130666,154.98869715380926,176.02749824950655,5.484501919380252,87.60252246401481,1.8675320638330346,0.047921166,0.018349959,0.03414859633256942,0.1403112431138903,21.704155683407237,0.4463308
5,human5_stiff_legged20/human5_stiff_legged20_SkeletonData3.csv,stiff_legged,20,163.719955812623,127.07887491881523,177.9530166139217,12.09950038726168,158.4283405738662,61.204708426359566,176.13320960723732,20.243812563360105,89.00103441862899,2.0077438745347993,-0.0028410992,0.01746023,0.03177369011076279,0.3045158198215242,64.05435948577129,0.38383174
5,human5_stiff_legged20/human5_stiff_legged20_SkeletonData4.csv,stiff_legged,20,164.4131437390813,101.07961432750737,177.9624265522745,16.278078760441623,166.90968768970146,153.4959301646942,176.68647402177376,5.112843747950494,89.26771959624999,2.612785492523366,0.052252244,0.018851591,0.027858415499420693,0.15326806671900428,53.69226836768756,0.17347097
5,human5_stiff_legged20/human5_stiff_legged20_SkeletonData5.csv,stiff_legged,20,164.6716082636471,130.39922041366253,177.63777890590023,11.64774461548517,163.23537683441376,101.49106906942836,175.18708543247564,14.300499491426576,87.75191343464301,1.656658781525003,0.009342637,0.012760954,0.058135514635083214,0.17970185381562773,26.457457870809577,0.18550014
5,human5_stiff_legged20/human5_stiff_legged20_SkeletonData6.csv,stiff_legged,20,170.18714501890327,140.12850209595436,178.77544303550576,8.765506546202484,166.9058254697315,149.1080981059928,178.12887890831874,5.226222563991872,88.38214903771619,1.63372186446731,0.050822664,0.01647185,0.028796987994411608,0.13917688871540682,9.626160137225469,0.18608999
5,human5_stiff_legged3/human5_stiff_legged3_SkeletonData1.csv,stiff_legged,3,161.31800126035648,124.27481955290875,178.96483621488727,13.803505228401194,165.09079979825975,133.6342420827878,174.97662235994588,9.197099061484185,87.24349243642186,1.5862919742828943,0.010879265,0.018375522,0.030337803087668244,0.1880308200773786,13.347636384820447,0.8613558
5,human5_stiff_legged3/human5_stiff_legged3_SkeletonData2.csv,stiff_legged,3,165.23619417275842,133.41923550906063,175.92851853269408,11.984483025626586,165.95045165138595,157.33599793136312,178.00725066433634,5.392236888158568,87.03103271162098,1.8747759612542887,0.04580129,0.018337736,0.03464618669015681,0.13921667242537006,21.838030290660242,0.59424746
5,human5_stiff_legged3/human5_stiff_legged3_SkeletonData3.csv,stiff_legged,3,165.17299581518103,129.35229517741155,179.4777288166539,12.412528254261325,156.18204160810745,67.92032734276306,175.56159595725524,24.73988907564598,88.10274601250799,2.2977570602770747,0.009530965,0.0245215,0.03361785191746012,0.15762691384710947,57.51583497524983,0.21550012
5,human5_stiff_legged3/human5_stiff_legged3_SkeletonData4.csv,stiff_legged,3,169.31389491820443,135.3140967490254,179.193246788419,9.485909931544443,168.2884751046186,158.79135768885413,178.95787374236627,4.4354986556634195,87.02713533799285,2.5478267221167994,0.058695965,0.016287811,0.023283970460719113,0.14292105084760023,23.712633985881467,0.015007973
5,human5_stiff_legged3/human5_stiff_legged3_SkeletonData5.csv,stiff_legged,3,166.6055560199731,132.720826414038,179.06869669842507,11.24691892698346,167.2337307677158,143.23057111700783,174.32730042859592,5.524155045109895,86.24437643262914,1.4968270987895675,0.009735424,0.017945284,0.05319689764312336,0.2256373438596754,15.251140972798993,0.12201977
5,human5_stiff_legged3/human5_stiff_legged3_SkeletonData6.csv,stiff_legged,3,163.50007431436055,111.76855585038946,176.1004379404756,16.09310396864592,168.79005104582126,158.5276842766275,178.01134348826804,4.382033794381951,86.57204064782779,1.8294654190055846,0.051526915,0.019113982,0.026824601245897875,0.11853833923875691,44.84822287844558,0.022510052
5,human5_stiff_legged4/human5_stiff_legged4_SkeletonData1.csv,stiff_legged,4,162.01964143406664,126.84144156317959,176.2167770053017,12.966329484519509,164.02911919133655,138.19928882514324,174.19354141906234,9.808961836180764,86.03343159855436,2.020696803529303,0.0066061467,0.016740752,0.02751910478209486,0.1992764101923368,13.381082848203022,0.35734117
5,human5_stiff_legged4/human5_stiff_legged4_SkeletonData2.csv,stiff_legged,4,165.90257363998236,111.74446656407751,177.3538425086636,11.562478662758389,168.219431170772,157.48086593645124,176.9843667106423,4.617948991074158,86.11304722410688,2.5245299227056424,0.049737427,0.019298993,0.03907347011955833,0.12457333823513343,46.10587517039504,0.061334133
5,human5_stiff_legged4/human5_stiff_legged4_SkeletonData3.csv,stiff_legged,4,162.81605689287795,125.22965444509661,178.77970160777397,13.080663538326982,157.8492543382498,73.83764517806034,174.95681989829328,22.3081707346001,88.4503434743406,2.0691717292356784,-0.005824933,0.020517522,0.03311756821097533,0.19401972193178552,47.569127557555575,0.35713005
5,human5_stiff_legged4/human5_stiff_legged4_SkeletonData4.csv,stiff_legged,4,166.94347618147606,131.37429876171092,177.66830748599196,10.572580638088521,168.07022955599803,158.02095377777297,178.41974942155193,4.702105253485773,87.53486265420008,2.311362255382559,0.0529335,0.018715985,0.02478476644856133,0.16526570823823847,25.89521308050209,0.04258108
5,human5_stiff_legged4/human5_stiff_legged4_SkeletonData5.csv,stiff_legged,4,165.12285536888098,126.76099142639517,179.38786554439653,11.864571411403386,166.98521895589425,144.07152133014347,175.29089820564812,5.7936150190024245,86.70234396776019,1.6354067259852942,0.0013069083,0.01724624,0.058897533275470614,0.20081112129871145,21.407497242496717,0.36341
5,human5_stiff_legged4/human5_stiff_legged4_SkeletonData6.csv,stiff_legged,4,165.50202711266957,121.3503571789602,176.79100748867754,12.668384061282591,169.57480296310436,159.63072557603283,179.1144789908078,4.12619052580768,86.82596350508626,1.9584120945481995,0.046928477,0.01820067,0.026397490693594497,0.12802356828758094,35.95689689494236,0.093159914
5,human5_stiff_legged6/human5_stiff_legged6_SkeletonData1.csv,stiff_legged,6,160.9327747250197,123.70801175787858,176.357013151076,13.36102077460728,163.96549403515232,131.65878225506367,176.03108521549382,8.874767049101987,86.90543659026689,1.7978458293268509,0.0071459715,0.015024438,0.02945439231891688,0.17170396602217128,8.276698432767262,0.31898022
5,human5_stiff_legged6/human5_stiff_legged6_SkeletonData2.csv,stiff_legged,6,166.03561831457358,130.12889108691965,177.4458253622147,11.749831423263451,166.1967446538811,155.32684594600067,178.63097843246885,5.311076958399707,86.73766277367925,2.4370209336599737,0.048274245,0.017973742,0.026184803834582104,0.12312058540860499,24.012801788826863,0.08161712
5,human5_stiff_legged6/human5_stiff_legged6_SkeletonData3.csv,stiff_legged,6,161.8403857394114,128.4874409709331,176.2468454066166,12.063578481004168,158.99274206511433,78.73122375836465,173.36695781215556,20.58354743756072,88.19274543899955,1.6484136236019595,-0.00039361173,0.019841285,0.026255615241666908,0.17236050441249928,46.876329618107434,0.69240093
5,human5_stiff_legged6/human5_stiff_legged6_SkeletonData4.csv,stiff_legged,6,167.10824377623348,135.7060758536916,179.76821909953682,10.33266795442253,166.86842720802966,155.84971285653785,177.502754140277,5.322291381591376,87.37313239904044,1.9132280886437887,0.048876174,0.012294703,0.023522141823241735,0.14081120346059514,22.409101962106064,0.5415821
5,human5_stiff_legged6/human5_stiff_legged6_SkeletonData5.csv,stiff_legged,6,164.40164508357344,71.04437344415516,179.30706110965693,15.635092979970702,162.8627916648627,94.05852111653559,177.3319319266909,14.033173230839761,87.09429782382183,1.3670608392458121,0.0033890144,0.015643686,0.04426337201395282,0.23197532520109088,24.989276855346446,0.51083994
5,human5_stiff_legged6/human5_stiff_legged6_SkeletonData6.csv,stiff_legged,6,167.0888740979384,137.02704421798677,178.19256194165962,10.483474143075105,168.40830056586543,158.71979834154126,178.09792774259614,4.474552012289828,87.08337302386788,1.5746093068593938,0.048321646,0.015115658,0.02988741923124521,0.12561888590979658,21.78738832261797,0.35568
5,human5_stiff_legged8/human5_stiff_legged8_SkeletonData1.csv,stiff_legged,8,159.6590926264269,128.08970383437432,175.17396187067905,12.692335385698291,165.4048942920829,132.19166525879314,174.59271678639686,9.866157233152938,87.80016776030723,1.9705139871631534,0.009874662,0.013959423,0.021818191973063106,0.17910586563036054,4.683206508701005,0.717484
5,human5_stiff_legged8/human5_stiff_legged8_SkeletonData2.csv,stiff_legged,8,166.02512916389517,132.0923088071816,179.31595079774718,12.11756959388952,166.6328350863763,155.73115102583247,177.5582461905462,5.357004827159436,87.77203379533952,2.4880100560848235,0.04920021,0.0148162525,0.03581158343414432,0.13637495909055294,25.39654682585183,0.63996196
5,human5_stiff_legged8/human5_stiff_legged8_SkeletonData3.csv,stiff_legged,8,163.22730254462928,128.76342217167215,178.8329643373962,12.299898604105723,162.79805505468968,123.22157550838624,175.36941358150798,11.382319060126417,88.78870340241403,1.5040047571916408,-0.002457973,0.020049982,0.028232014791057743,0.15904402064120476,2.0782959073977025,0.06391001
5,human5_stiff_legged8/human5_stiff_legged8_SkeletonData4.csv,stiff_legged,8,167.68345785103043,135.60570672511017,178.44793793897702,10.02471291112781,166.01161711015882,154.41413202203603,175.96610470827176,4.625886629425293,88.640986254508,1.8159419293693522,0.052225746,0.019380512,0.018176437148116443,0.14538898841714307,21.290258527631124,0.1330862
5,human5_stiff_legged8/human5_stiff_legged8_SkeletonData5.csv,stiff_legged,8,165.39672514065506,133.01422361217266,177.50555371519164,10.931036425851058,162.68859134297796,114.08066219405282,174.50155242305937,10.001713837511481,87.27069167123412,1.8215269229360387,-0.002556073,0.015715063,0.046011683838998965,0.21357110910270946,15.929560125987564,0.3227799
5,human5_stiff_legged8/human5_stiff_legged8_SkeletonData6.csv,stiff_legged,8,170.07979958713696,139.09882406895923,179.43616433964752,8.618551448678591,167.27915462119233,151.49845427949464,178.5458212864449,5.676203145557526,87.84762030254545,1.8895022749841468,0.049175005,0.016649045,0.020195053561377803,0.13619289686182065,13.289973263738034,0.5672903
5,human5_trendelenburg12/human5_trendelenburg12_SkeletonData1.csv,trendelenburg,12,153.79575874445595,132.2190287706975,175.27791416373836,11.180823156817945,159.58974801642512,127.8063198927039,175.05495142079857,10.059762862322476,88.62568385445518,1.6616800093686002,-0.019336654,0.015071956,0.05064040100631604,0.25258140437586385,4.189746135053809,0.24846196
5,human5_trendelenburg12/human5_trendelenburg12_SkeletonData2.csv,trendelenburg,12,159.14015698527294,127.21855124060852,176.48371513369966,11.703679882501682,153.74972145422353,131.32213618117262,177.82359071017729,9.062228802418195,89.79856081257026,2.447456771360664,0.00081873016,0.021973915,0.06742742836209721,0.25235245225490244,2.7637093640864805,0.09931111
5,human5_trendelenburg12/human5_trendelenburg12_SkeletonData3.csv,trendelenburg,12,155.11667051070157,133.7927098560134,178.50796241667985,10.557395858635319,159.77396134115676,131.90444642475288,177.9065030556238,8.904135466213814,90.47278696073329,1.95519493080185,-0.028217934,0.014440943,0.04867485581465528,0.2652726713995157,1.2868040702044823,0.2521329
5,human5_trendelenburg12/human5_trendelenburg12_SkeletonData4.csv,trendelenburg,12,157.55805717555901,97.80951815442627,178.4400960518865,17.55237018305395,157.83698856929115,135.19372002877805,173.86671100967658,8.506035477946773,90.57713702989992,2.6579495327574976,0.008142422,0.01710136,0.05816871254706418,0.27453841532927875,41.95758691656171,0.6395898
5,human5_trendelenburg12/human5_trendelenburg12_SkeletonData5.csv,trendelenburg,12,154.983839251298,72.36249435982145,172.88464664166227,15.377150631692814,159.31911546973973,106.10522495024634,177.46459072402712,12.12947452263288,88.49962596102463,1.7230859120649629,-0.021299941,0.013819505,0.059458735305546996,0.29322860156146113,29.162786508060037,0.28218007
5,human5_trendelenburg13/human5_trendelenburg13_SkeletonData1.csv,trendelenburg,13,154.81920566735718,128.46232626884702,172.3640990480327,10.169735094644373,160.02305956637665,116.3083792779445,175.679690733572,10.630582099817307,88.33888705078418,2.0684298758771233,-0.022657558,0.018784022,0.04686168066169936,0.20706179584136397,15.469538676441815,0.028476
5,human5_trendelenburg13/human5_trendelenburg13_SkeletonData2.csv,trendelenburg,13,159.49008610725812,128.00751745040353,173.94109474922516,12.014884318430163,153.87049171347306,127.91520214898831,173.51760873103723,9.901743146328274,89.32387231815018,3.1775428477307446,0.0015771005,0.018298801,0.0534041584664392,0.26571516586199817,0.3311707167727178,0.081223965
5,human5_trendelenburg13/human5_trendelenburg13_SkeletonData3.csv,trendelenburg,13,154.95320027351008,126.86632971575438,171.69309379055125,10.464684104003688,159.05493303604104,126.19647185893861,177.35488692361835,9.752820056223714,90.09310053838041,1.9487992062003645,-0.031573553,0.014149533,0.04890585570924831,0.2420624792266977,6.331650989882874,0.40631914
5,human5_trendelenburg13/human5_trendelenburg13_SkeletonData4.csv,trendelenburg,13,160.62176145740102,134.78973855637582,178.75326191922701,12.782684150934232,153.46678615579333,129.11869022186693,168.63046703363528,9.81608806187501,89.89616383235285,2.8585523659004624,0.008654705,0.023157852,0.050924883898300015,0.25863136271759757,4.4517465510828345,0.2603438
5,human5_trendelenburg13/human5_trendelenburg13_SkeletonData5.csv,trendelenburg,13,157.0415682295167,133.7370785156856,173.9093096987177,9.63579772935583,157.81586847459877,128.66866341347264,176.0292287316309,10.830482308995945,87.700293772899,1.8617050233858272,-0.024073282,0.013639579,0.05774786009836252,0.33550444293702836,7.188334135126155,0.2578299
5,human5_trendelenburg18/human5_trendelenburg18_SkeletonData1.csv,trendelenburg,18,154.02768949905723,127.74311178661544,174.18884673251577,10.836273855006828,158.74651453950295,136.00045735473424,175.63777657590043,8.368652251589864,87.25411528889518,2.8466915613459434,-0.03670746,0.019723238,0.047467627908252874,0.29635095137395956,6.808415724734132,0.39868855
5,human5_trendelenburg18/human5_trendelenburg18_SkeletonData2.csv,trendelenburg,18,157.94489819621782,133.0378837203779,176.2177481176436,12.716034145524185,152.77519071801163,134.40740243500665,166.34141396812555,7.021752678839158,87.92152827196813,3.276399211368416,-0.011980085,0.022802982,0.058013556915922894,0.2899519789407288,11.245852864146798,0.53205705
5,human5_trendelenburg18/human5_trendelenburg18_SkeletonData4.csv,trendelenburg,18,157.08647839663797,96.33949994936862,177.96141015866547,17.137425030067924,155.4180901144384,131.83575428180524,168.0847607761476,8.737397063964195,89.20659865894477,2.679217980122916,-0.006057491,0.023022555,0.05565835427568656,0.2761493565919462,45.372903714954504,0.37619305
5,human5_trendelenburg18/human5_trendelenburg18_SkeletonData5.csv,trendelenburg,18,152.70447784059579,46.10159978268003,169.5318522144076,15.015368198823037,160.25156769441412,139.1496291980474,176.6525157488755,7.158378824986868,87.80233541250045,1.9730515710042957,-0.037333373,0.016188653,0.04976444882361737,0.2782046870540765,85.92736588089946,0.4835899
5,human5_trendelenburg3/human5_trendelenburg3_SkeletonData1.csv,trendelenburg,3,156.89861473574453,129.86870094819085,166.492062069627,8.48536166024291,161.44727494880397,128.17928599363972,175.4637123964124,9.835086370343516,89.11352878241878,2.4559293835171827,-0.025383856,0.014447081,0.03837643498728865,0.19923406110622582,10.661065281336533,0.39896405
5,human5_trendelenburg3/human5_trendelenburg3_SkeletonData2.csv,trendelenburg,3,160.8001055972234,130.39476194192284,177.8005750934282,11.703647797836826,155.05929429708584,134.84608481186788,173.6658603257225,8.791229237440678,90.27572053799983,3.430540107422942,0.002237376,0.016771106,0.06105776559424394,0.23889472121664737,8.586037637650747,0.116144896
5,human5_trendelenburg3/human5_trendelenburg3_SkeletonData3.csv,trendelenburg,3,158.6332011360648,129.45477009670918,175.68433627677015,9.15435098175791,160.9114837132063,128.81617766509322,176.518446439431,9.474201381489305,89.59174383042468,2.7710833021196155,-0.02614876,0.009817599,0.05676999541923314,0.21575005877641756,1.4727025942767966,0.439219
5,human5_trendelenburg3/human5_trendelenburg3_SkeletonData4.csv,trendelenburg,3,162.56188743961627,138.93162313731762,178.58842057762095,10.871549198663791,155.03381350284252,133.10266096906935,173.60883159467662,8.728411577952215,89.87674772676117,3.1797984788397597,0.010767217,0.017688233,0.049181483259136634,0.2319564217460601,0.8493731853039321,0.60454226
5,human5_trendelenburg3/human5_trendelenburg3_SkeletonData5.csv,trendelenburg,3,157.86502194888988,133.51910940471404,171.99097913641828,9.7415594811417,160.3841045470974,135.74603599862823,177.78860802927414,9.27979188279911,88.12346344722472,2.349942634005289,-0.026813153,0.015467527,0.06289766602040599,0.28426177885050113,3.570702298941683,0.5219798
5,human5_trendelenburg3/human5_trendelenburg3_SkeletonData6.csv,trendelenburg,3,163.36639961514376,120.76902851649233,175.17822521391608,10.683757899747297,155.3780412488148,131.95015509980786,170.42355825386426,8.685980042506333,89.28011413239378,2.836825228876527,0.008230739,0.024019165,0.05186703308822719,0.2543983484256989,15.935793543367353,0.56340003
5,human5_trendelenburg4/human5_trendelenburg4_SkeletonData1.csv,trendelenburg,4,155.0670278668502,132.574383490092,166.94879591502792,9.503708920354516,159.0176335681106,126.52269265465912,174.42717219147917,10.827479382157007,87.65274830246601,2.627722048636286,-0.028513724,0.014445021,0.047867208000601416,0.21247476375216962,13.530067111884136,0.017063856
5,human5_trendelenburg4/human5_trendelenburg4_SkeletonData2.csv,trendelenburg,4,159.9758993588433,134.59584863140563,176.12475393516127,12.268290039521698,153.5498203095069,134.10966046475772,168.79388662397722,9.071288541425881,88.32433981935672,3.604720730155098,0.00063323806,0.01844321,0.06666514830228894,0.2623665605614602,6.844679144536144,0.05001402
5,human5_trendelenburg4/human5_trendelenburg4_SkeletonData3.csv,trendelenburg,4,155.7107344592179,130.3140492148056,178.16750461368716,10.724697886380072,161.0561469545388,130.14505914602626,176.8607026838775,8.796756692405403,88.27226532517246,2.46918973172174,-0.033972483,0.013291205,0.0486414463378933,0.24366722132303711,1.1378118610303147,0.56908894
5,human5_trendelenburg4/human5_trendelenburg4_SkeletonData4.csv,trendelenburg,4,159.44341823703826,107.96802175505537,177.52877595790957,15.783447370020909,158.21774705692562,137.5048257367935,171.98553125187905,8.3291656577894,88.50079095246929,3.0544375967605455,0.0053900965,0.015362131,0.053842921924837875,0.2503791100554951,35.08004868776864,0.57090473
5,human5_trendelenburg4/human5_trendelenburg4_SkeletonData5.csv,trendelenburg,4,153.283331712226,15.808391668507639,169.64506550206016,20.55657747357338,160.14756832987257,50.662376174002354,177.3314312941729,12.821678056737577,85.94476697330916,2.477556064928525,-0.026196212,0.011678271,0.056560245481733815,0.2521197615624189,27.167618713382012,0.46445012
5,human5_trendelenburg4/human5_trendelenburg4_SkeletonData6.csv,trendelenburg,4,161.13979175318448,137.11650350071136,177.09893075956728,10.640918070379028,154.9617722561375,87.92909951830272,173.0464447158829,10.681967867782609,87.28363444103107,3.072679178291632,0.014824283,0.02115542,0.05568685657541276,0.4813713534049421,45.13491793872426,0.39209008
5,human5_trendelenburg5/human5_trendelenburg5_SkeletonData1.csv,trendelenburg,5,153.6776819187885,132.36166753646532,169.31418354765188,8.956009071740661,160.05230107085657,126.0379980033542,173.92129407681085,9.66364402363627,88.65541076848955,2.5937911124647384,-0.014411801,0.015335643,0.047132675009910176,0.20165004105297227,10.930780062270088,0.030250788
5,human5_trendelenburg5/human5_trendelenburg5_SkeletonData2.csv,trendelenburg,5,160.23679537870632,135.31592563388278,177.82708774441068,12.618054549656495,156.05983225097995,133.58513435165875,174.45567585510776,9.239304350227762,89.409300143981,3.8987235838512855,0.004981725,0.017797707,0.06072033587352641,0.22458087881208375,1.640620607078887,0.044070244
5,human5_trendelenburg5/human5_trendelenburg5_SkeletonData3.csv,trendelenburg,5,156.2483622766503,131.73050533213345,173.74202095476934,9.745996622641536,160.91442306840125,137.0096910613476,176.62817476687917,8.88169234927835,88.99931783797089,2.17809221142157,-0.032021526,0.017698994,0.04576736437584411,0.20133756461575106,2.393031917104338,0.708621
5,human5_trendelenburg5/human5_trendelenburg5_SkeletonData5.csv,trendelenburg,5,155.36336393505556,88.92531918824903,169.65663891523505,11.03510139223831,162.81166551632867,135.9194380460201,176.7082645058468,9.285713829137267,87.21727106241863,2.351710675179598,-0.028502602,0.016234891,0.048072505242614715,0.21085288969294952,39.94249326715931,0.049979925
5,human5_trendelenburg5/human5_trendelenburg5_SkeletonData6.csv,trendelenburg,5,161.43744354430564,109.83630887289756,176.97012750890164,11.373364607386282,156.76830494832814,99.22520193494569,177.30285895253604,9.942627587866921,88.53359095761842,3.13330790706751,0.010242962,0.022639848,0.05533169018199821,0.4368977085349027,10.943838381586275,0.042589903
5,human5_trendelenburg6/human5_trendelenburg6_SkeletonData1.csv,trendelenburg,6,154.7153780071175,130.92378891719068,177.9583925347012,9.895899636531311,161.04630897623701,132.3569004981103,177.04222495628466,8.44060968986054,88.34274036295326,2.7356141534944673,-0.020968001,0.016837643,0.05698663045944741,0.2411217847891959,2.349279159336163,0.41596007
5,human5_trendelenburg6/human5_trendelenburg6_SkeletonData2.csv,trendelenburg,6,158.56333902659068,112.1098642826625,177.12173835310023,16.09780027162219,153.971430763957,130.44579394086784,167.51430149035235,9.273864298736392,88.85053523550769,3.5933252436686054,-0.0012815122,0.024644982,0.054997954085966735,0.2459617992846888,27.94336652095322,0.44546294
5,human5_trendelenburg6/human5_trendelenburg6_SkeletonData3.csv,trendelenburg,6,155.3791872365033,129.96763711852685,174.67889127360226,9.725421681301798,160.24066968172377,99.28957312024407,178.55143853990793,12.731705570009495,90.03517865484471,1.838496187542535,-0.033394013,0.021786835,0.04078574567438258,0.22246284204928157,34.550611264588454,0.66398406
5,human5_trendelenburg6/human5_trendelenburg6_SkeletonData4.csv,trendelenburg,6,157.47303201361873,101.99373640705754,177.1423497979509,16.24514368740183,159.75299796525238,137.62756176696234,176.49999425202242,8.725981589204007,90.86597234676731,3.0449008864095077,0.006973541,0.023564141,0.05620313160608242,0.2930787323097281,36.2761809058333,0.0744369
5,human5_trendelenburg6/human5_trendelenburg6_SkeletonData5.csv,trendelenburg,6,156.39029980944088,121.6153398964398,172.71559487869138,9.781353172213814,159.96243557988586,140.99367476906377,175.10403573842555,8.265040225371528,87.25768134583774,2.13062873854324,-0.022695875,0.013715055,0.053153995046589526,0.3026787236191908,16.989894012889792,0.028170109
5,human5_trendelenburg9/human5_trendelenburg9_SkeletonData2.csv,trendelenburg,9,159.40373129291433,133.50410140580408,176.45392964099264,10.786853494952982,154.55900607023702,131.11706668789878,170.30297128500797,8.458107529011686,88.91457008836174,3.1734363315396332,-0.00091930665,0.02491702,0.06620252505917448,0.2625969063584021,3.763923638079376,0.10892105
5,human5_trendelenburg9/human5_trendelenburg9_SkeletonData3.csv,trendelenburg,9,158.36703284489323,133.18169676935247,175.1001917742745,10.376471266024328,160.15268891531787,124.65475376342256,178.39171329066934,10.024383721015814,89.83699954946051,2.3164210823521976,-0.029171677,0.018577993,0.05075999830713802,0.23994498003067302,11.81846452232476,0.70859694
5,human5_trendelenburg9/human5_trendelenburg9_SkeletonData4.csv,trendelenburg,9,159.7586956110594,127.37616606734402,176.2054352414607,13.049717667251096,155.07019423754178,127.15235124478855,168.23831819075812,9.280124967258429,89.61661598944983,3.2883229002717984,0.0003511354,0.024729237,0.05506444012508521,0.30556762797757975,7.743302228147101,0.5876303
5,human5_trendelenburg9/human5_trendelenburg9_SkeletonData5.csv,trendelenburg,9,153.8435166985329,120.63327687644801,169.62480733499387,11.752693422379513,159.46027345663768,136.1964908036663,176.29785512888972,8.881115453494905,87.41683140174166,1.854712070967392,-0.031146951,0.014158351,0.05600017992804004,0.2562749245672159,8.890166133322452,0.14520001
5,human5_trendelenburg9/human5_trendelenburg9_SkeletonData6.csv,trendelenburg,9,160.22591486291662,119.49906498530021,177.02488525580586,15.023127147862697,154.60799793459364,134.3870619534975,171.56616839857878,9.506570900753836,88.34980739491935,2.570947750073314,-0.0048724357,0.028723493,0.053401155218829814,0.2576047451048401,20.34671382542436,0.15850997
6,human6_antalgic1/human6_antalgic1_SkeletonData2.csv,antalgic,1,162.5310412988294,128.7305217045387,178.6470371938149,13.888257957965568,163.99349525653068,145.75855459319982,173.35449394488066,6.8740745289486105,87.38565150984816,1.6913415981253281,0.019015579,0.010114224,0.021232802163860205,0.19690917176279146,22.320576137595367,0.4128828
6,human6_antalgic1/human6_antalgic1_SkeletonData3.csv,antalgic,1,161.63681360407054,135.97742932120755,175.5961143848103,10.964565941914469,155.8960427154374,98.37053339912332,179.41221486924258,20.742292253493062,87.7249174382261,2.4224579638486077,-0.019609176,0.020294648,0.028492244558059498,0.297870961574704,41.4229964065165,0.04201007
6,human6_antalgic1/human6_antalgic1_SkeletonData4.csv,antalgic,1,160.57836369917243,103.99989727805128,178.9621582917524,16.864606945449104,165.46456797027523,144.29124929564617,178.33010662495414,9.614337539415581,87.37493380558688,2.4084859929675795,0.040031172,0.013664228,0.02087218414801848,0.17172244719056615,40.923403684393136,0.21389008
6,human6_antalgic1/human6_antalgic1_SkeletonData5.csv,antalgic,1,162.92219273116575,135.3731868760599,176.57347779731364,11.531716642773645,163.66689774695698,136.8456234825039,178.97097952231402,11.185424666293246,85.92380674985469,2.479410062974109,-0.00926642,0.014343696,0.03685153646151717,0.2809774854667849,0.9250651185563754,0.48412013
6,human6_antalgic1/human6_antalgic1_SkeletonData6.csv,antalgic,1,159.89468892897673,114.51258991336209,179.48204862436492,16.485797789924565,168.14435720964667,137.40710127934136,178.99793935894118,9.522481915976625,86.35023215949003,2.7147724274772287,0.037088968,0.010609022,0.024063360761875912,0.18250479594987723,23.37862063140301,0.41555023
6,human6_antalgic10/human6_antalgic10_SkeletonData1.csv,antalgic,10,166.08683694987616,136.115304006001,178.0463679248064,9.782452769161967,154.4920898782127,103.14312608505544,177.72875455128062,19.869647411405847,87.09868030134616,1.7573592286496726,-0.00040626765,0.01285232,0.030117181470577292,0.2299692447849066,32.65456454741978,0.6538693
6,human6_antalgic10/human6_antalgic10_SkeletonData2.csv,antalgic,10,164.32576501240968,125.70266055917317,179.30660658181844,13.225053337326896,165.045423815494,148.1174441680848,175.99034780168859,7.364570926873403,86.73686968642247,2.0694135663867597,0.032569867,0.011546158,0.030003015160277233,0.15557192133201425,25.73104238904149,0.44379783
6,human6_antalgic10/human6_antalgic10_SkeletonData3.csv,antalgic,10,163.04405674264046,117.61770963033649,179.7696476552924,13.322261695064102,163.9414654210639,97.17428430826634,178.84369361059063,16.009759795666223,87.96621475806991,1.9965983935296487,-0.01926996,0.018804504,0.025354352866200656,0.22207859065582566,19.517471277368386,0.6431949
6,human6_antalgic10/human6_antalgic10_SkeletonData4.csv,antalgic,10,165.14073863648375,129.02959877384146,179.59716695631224,13.61691275572818,165.6290260304703,142.27874557575467,177.3729559800162,7.448655758583156,87.33798632068796,2.109439963077407,0.0363917,0.011454517,0.029015912731326275,0.16581002465997752,15.473357778209248,0.47639012
6,human6_antalgic10/human6_antalgic10_SkeletonData5.csv,antalgic,10,161.83084542938317,117.20247941952684,179.63851822903973,14.0064574348205,158.25771605579013,95.27456275677865,177.95289215234357,18.299631138162983,86.81211601608234,2.374044408795609,-0.013142259,0.01317566,0.048809767656988134,0.290201122661509,20.24229058605202,0.4559903
6,human6_antalgic10/human6_antalgic10_SkeletonData6.csv,antalgic,10,165.2330658109363,134.88316925281336,179.18939076323838,11.813257364017765,166.1313430426219,144.75703143238974,178.46036891895187,8.923870833985488,86.50092198063413,2.034446375119848,0.036791768,0.012329009,0.028637509331120477,0.16222226961909864,10.602884023862885,0.32609987
6,human6_antalgic18/human6_antalgic18_SkeletonData1.csv,antalgic,18,165.9164909777764,135.19204915764382,179.12620822453184,10.700492701613948,160.08511773470863,136.04182457914305,179.55478396664574,11.633498510107874,85.18351743365231,1.898265620131816,-0.005488465,0.012146203,0.029689323796802582,0.3129351062133391,0.42119967938532454,0.46386504
6,human6_antalgic18/human6_antalgic18_SkeletonData2.csv,antalgic,18,166.72453795126333,128.72263742055924,178.80065110535583,11.519154616170482,166.98655157216115,151.77354718950602,178.29893642181472,6.643514727434864,85.18676419284762,2.136238783884316,0.03595403,0.008731792,0.03089149802376789,0.14627045864683239,23.55262445248789,0.35412836
6,human6_antalgic18/human6_antalgic18_SkeletonData3.csv,antalgic,18,163.8786711626621,129.3160047126001,179.73793833658513,13.36036696898241,163.44563722264635,136.43652733409203,178.37529199086092,11.137315998906278,86.0535620718163,2.6629798095956545,-0.011673621,0.017012581,0.02508153103472601,0.2655329439203693,8.483168967216159,0.529479
6,human6_antalgic18/human6_antalgic18_SkeletonData4.csv,antalgic,18,163.3838467345002,126.31253897874186,179.06317884756382,15.203785922955985,166.5419600628579,150.102253814991,176.62844520158282,5.298093083435608,85.65543696399857,2.900632935295936,0.038549606,0.0123002855,0.025625216602400195,0.16012679325595425,26.224448482230144,0.36814404
6,human6_antalgic18/human6_antalgic18_SkeletonData6.csv,antalgic,18,161.9542548277916,123.28520389110838,178.38257451167263,13.72330787376209,166.7026719339448,150.60852125671408,179.49906936482085,6.3427714428361615,84.2350242378185,3.28840024093652,0.040488787,0.011040787,0.02517748266132269,0.14210227813428333,26.206822512457478,0.052170277
6,human6_antalgic19/human6_antalgic19_SkeletonData1.csv,antalgic,19,166.7169108326442,136.48210694467753,178.79072073719485,8.802405490116882,160.908352494984,134.20934459163917,179.0436918696907,13.257522711837462,85.87822225446347,1.9319627874132494,0.0045140763,0.011559872,0.025197717277399105,0.23995598998002735,2.5257334855342037,0.61457896
6,human6_antalgic19/human6_antalgic19_SkeletonData2.csv,antalgic,19,165.72240060142502,138.75630656731283,179.2532800861591,10.985840164509321,165.96633732260986,144.55478941475576,179.31301283700793,7.180708093061365,85.733078905641,2.3879014297241445,0.030243376,0.00905748,0.029979864862521455,0.1402286545618401,5.738750096594089,0.36914825
6,human6_antalgic19/human6_antalgic19_SkeletonData3.csv,antalgic,19,165.4995002739508,137.0726398763635,179.39861405849425,11.481653325373307,161.1293336057402,93.41667262998719,179.68101007397098,17.05330058163327,87.28908740176519,2.2810158829703426,-0.0128798075,0.016225265,0.02547830570619659,0.2208017485917108,43.93836326185304,0.37371302
6,human6_antalgic19/human6_antalgic19_SkeletonData4.csv,antalgic,19,162.12999551340178,110.44942832169305,179.4946167766657,17.97075645007309,166.55465154793188,141.55762835432216,179.7331529685026,7.719021842638262,86.66366994120528,2.5345964677292976,0.042873725,0.011946175,0.023581458073141187,0.1597858688358772,30.869663840792228,0.28463197
6,human6_antalgic19/human6_antalgic19_SkeletonData6.csv,antalgic,19,165.86806331017274,133.29482809759713,179.49848948008875,11.825993415165817,166.8123515119862,147.12123849525872,177.56974824621045,7.896608335001026,84.86012741837732,2.3726694515456477,0.039413802,0.007813507,0.02849495763897817,0.15496901689521864,15.755151631539889,0.21081972
6,human6_antalgic4/human6_antalgic4_SkeletonData1.csv,antalgic,4,166.04601361238798,139.8113401661523,178.84946195986296,9.05251239407696,158.51958091881912,121.49504945137873,178.98759871229345,14.55023638935339,87.99811849130076,1.540104405163762,-0.0065151686,0.008711334,0.019427292599389693,0.22617809857640228,18.45442746720404,0.61599624
6,human6_antalgic4/human6_antalgic4_SkeletonData2.csv,antalgic,4,165.39321915523536,125.8958371144255,179.03765404054366,11.467461580265333,163.3832524569326,142.584216421691,174.3391162534676,8.647565143087142,88.23387063223544,1.9569978283163993,0.038470604,0.015439945,0.03275387197962285,0.15643348180799285,21.38691709434154,0.40578794
6,human6_antalgic4/human6_antalgic4_SkeletonData3.csv,antalgic,4,162.36118821551094,114.67431549068812,178.6462211843033,13.634315305949459,162.22009000020313,129.7344644402178,179.1601425543145,12.810938385049246,88.62412364723119,1.6420172259767365,-0.020262612,0.021137698,0.02521234395974104,0.21305967592476677,14.5462275795185,0.34379816
6,human6_antalgic4/human6_antalgic4_SkeletonData4.csv,antalgic,4,164.3221519665801,126.49074861243352,179.81523145052765,14.038622679436644,164.14756964480517,139.0383355847288,174.32440687480636,7.700121166478268,88.22097046399473,2.0304492911082628,0.040728934,0.011276402,0.028534625696417622,0.1679168675785265,18.03841154801657,0.20560312
6,human6_antalgic4/human6_antalgic4_SkeletonData5.csv,antalgic,4,163.53229128555682,126.33489531490552,177.9936017994432,12.559465043200905,155.23187402844852,94.85390669254514,179.92321374602594,20.207774547626066,87.21861487897912,1.4101777088091765,-0.012774172,0.0115593355,0.048808755516196504,0.21052884409232775,33.41060056894311,0.36545014
6,human6_antalgic4/human6_antalgic4_SkeletonData6.csv,antalgic,4,163.78042674572282,126.40533094480337,179.53033182598324,13.721658191365314,165.99158036168274,140.98695245552653,179.0521527430865,9.168777054351066,86.92643632051882,1.6102608869730812,0.036783274,0.012307466,0.02610881090728591,0.1645103104688674,15.059800593619897,0.24659014
6,human6_antalgic7/human6_antalgic7_SkeletonData1.csv,antalgic,7,165.60980136801209,135.52342188075414,179.2486926287862,10.82844978595582,161.24762977555875,132.76613120070851,177.43293330509664,12.266537168624586,87.38775086593462,1.5220811615096332,-0.013187163,0.011833157,0.027630645368058357,0.1846575571576913,0.9415313563560801,0.544201
6,human6_antalgic7/human6_antalgic7_SkeletonData2.csv,antalgic,7,166.68430904569698,136.44821662135453,179.420620457633,11.750463190208832,163.23484521121642,147.93065577755874,172.50774074349593,6.98488531137594,87.54128513177344,1.8012657524192701,0.033451818,0.0106947115,0.03501719280074939,0.14802205903522256,18.39531887034127,0.36342978
6,human6_antalgic7/human6_antalgic7_SkeletonData3.csv,antalgic,7,164.17028139230453,127.01185275011534,178.7907784529405,12.551251292454829,162.35397951921843,109.71074287103329,179.31037913224785,13.701194639155185,88.34862476446915,1.5371044891957324,-0.022494413,0.018716892,0.018135915465869182,0.19070748394768944,17.820710558389408,0.5120318
6,human6_antalgic7/human6_antalgic7_SkeletonData4.csv,antalgic,7,163.62481305012355,120.15196587455948,179.45504050994316,15.247105175007748,163.20139671509818,146.9778009276869,172.4672145961016,6.246215558305096,87.81216030688613,2.2376738419945115,0.03528089,0.012986355,0.029035068599256295,0.1677815949392188,33.81366096696898,0.13622403
6,human6_antalgic7/human6_antalgic7_SkeletonData5.csv,antalgic,7,163.92157973878474,135.40671302345794,178.23417151132242,11.57472596420322,160.86836644243155,125.19514938676879,175.54568529021594,10.506531570410422,86.53717181613001,1.4702591678630783,-0.008338703,0.008792553,0.04376356037170579,0.20018476929412674,7.5230774155826765,0.24382973
6,human6_antalgic7/human6_antalgic7_SkeletonData6.csv,antalgic,7,162.22839454677396,113.55789707185684,179.03100273827687,14.784613525264362,162.8422378452202,146.61338311440343,173.59799297332899,6.651771021275163,86.78698120889729,2.1172811082552765,0.038095683,0.011040421,0.02671730483980164,0.15433963152653238,38.48849580749447,0.033740282
6,human6_antalgic8/human6_antalgic8_SkeletonData1.csv,antalgic,8,164.82034447443363,135.99625456776323,179.5135129696281,10.664874654546702,162.1465553242742,134.53182177185724,176.7881833934312,12.58605513042579,87.30092057373726,1.6773448974472203,-0.0022353663,0.011124392,0.03478413854834202,0.23425806226068582,1.2608967802908921,0.54692316
6,human6_antalgic8/human6_antalgic8_SkeletonData2.csv,antalgic,8,164.18550547822525,125.15980987958007,179.3332955783531,12.061483436555362,164.48718558883533,147.89814788464454,176.5742185410745,6.824679610740913,87.25304840391016,1.578948364153152,0.033263717,0.008490185,0.02395345390770366,0.14473058697029748,25.497415042343093,0.23403788
6,human6_antalgic8/human6_antalgic8_SkeletonData3.csv,antalgic,8,163.555752735207,129.8870090900262,178.70613450067208,12.063378981740996,162.84996052961355,124.03730336649595,179.13198369871674,12.640249586992784,88.55241946991926,1.9506567640505943,-0.01880942,0.0147971725,0.018538510897523296,0.18444703924754802,6.2755549215749085,0.5548258
6,human6_antalgic8/human6_antalgic8_SkeletonData4.csv,antalgic,8,163.57110276242324,132.2940800147544,179.30093599082437,13.301939220874674,164.414029367748,150.6369079576956,172.32846967463863,5.553297092097651,87.86239199032536,1.9454126642321727,0.034558132,0.0116572995,0.036011467727666294,0.16183046655275526,25.315294259126944,0.29472518
6,human6_antalgic8/human6_antalgic8_SkeletonData5.csv,antalgic,8,162.63469574339896,123.84848595668446,179.06462848643315,12.387137938232328,160.94468669651627,134.42615881075346,178.6379383517704,12.612295294102848,85.65482995930704,1.3730961297624633,-0.0069397944,0.012286331,0.03826953201378397,0.34290509623587945,11.004362988731756,0.21763015
6,human6_antalgic8/human6_antalgic8_SkeletonData6.csv,antalgic,8,160.05598021019287,105.45888397267198,179.20647682119903,16.84995531332823,164.55115392807323,148.31633903803504,175.83835854506162,6.990659405215031,86.01132467851045,1.669803871628292,0.03702911,0.011860406,0.03186159448415875,0.1593496293401424,46.225573341500464,0.06289983
6,human6_antalgic9/human6_antalgic9_SkeletonData1.csv,antalgic,9,165.6118645103561,136.1799129290493,177.46219768372933,10.017849094679342,159.4325924543201,122.95208327878763,176.47030677690447,13.541268582493172,86.3070635510489,1.5379758468789468,-0.0004420631,0.011763035,0.02178573274864162,0.20504224737783724,12.235938743436805,0.19577765
6,human6_antalgic9/human6_antalgic9_SkeletonData2.csv,antalgic,9,164.97507184406177,133.57976168198812,179.41222926910305,11.647968737004678,164.86965496502924,144.54885170655305,173.8347191983388,6.091789620322759,86.30351417386338,1.755372111911311,0.03104677,0.0103953555,0.03346556458893448,0.15506825033261024,16.546600095329183,0.04663706
6,human6_antalgic9/human6_antalgic9_SkeletonData3.csv,antalgic,9,163.41298720646788,130.01899201067135,179.28077794069145,13.311533676340341,154.570303761989,94.58534139198815,177.9777152191404,21.52259223311971,88.31037088552078,1.5551319007417004,-0.020496039,0.021275174,0.021756435303659713,0.2013562778989104,34.13058789713216,0.73448825
6,human6_antalgic9/human6_antalgic9_SkeletonData4.csv,antalgic,9,162.5758449241772,118.54997460619148,179.63427524230204,16.301787819529583,163.28002618638632,141.75397375880604,172.94607109989857,6.746810423722561,87.78079158657758,1.9285463136729037,0.038296916,0.009580159,0.030616596454550837,0.16221458586054754,29.89220329501802,0.4418099
6,human6_antalgic9/human6_antalgic9_SkeletonData5.csv,antalgic,9,163.92662801651977,131.50438241911252,178.98794895120665,12.930326018394524,160.95552905954295,130.68857261033767,176.98575405324365,11.648350429142036,85.41383950681373,2.1689646048249123,-0.009095197,0.011690957,0.04056983040721812,0.26209656782832136,1.1863850891881498,0.08935022
6,human6_antalgic9/human6_antalgic9_SkeletonData6.csv,antalgic,9,160.88307430710523,128.54233136632442,178.79724250181366,14.866380638015093,165.2821469807412,146.73646816091716,177.98682200685292,7.206341962249154,85.61552422440056,2.521701216559275,0.034106158,0.011017444,0.027277904188311993,0.17382282004519883,19.004557289553475,0.019380093
6,human6_lurch10/human6_lurch10_SkeletonData1.csv,lurch,10,166.05814771707523,134.9800073355549,179.30393003548457,11.123114990918276,166.72795439382813,140.28650078618588,179.52849445964262,10.435826342664951,94.73782294072127,5.45197817430549,-0.041372735,0.039232336,0.03295240547012582,0.2864519780199568,5.081929026472949,0.6666529
6,human6_lurch10/human6_lurch10_SkeletonData2.csv,lurch,10,162.57011773255306,130.84345263925786,179.18676221425855,14.165097564902306,168.99349812202942,153.27759736214523,176.93080802533163,5.0759009545446,96.61843295363505,6.88960302564181,0.037253793,0.020270033,0.028085654797862836,0.16061409914196328,24.69009891181429,0.48925292
6,human6_lurch10/human6_lurch10_SkeletonData3.csv,lurch,10,165.2309351247374,129.59537813408198,179.03787962911068,9.155113085272273,166.40092873310547,126.01502419084846,178.40715128770444,8.866224493341079,96.41678603172467,4.703401038350076,-0.07502656,0.045065146,0.029855226669484942,0.3361328095895872,2.949625601827279,0.017647028
6,human6_lurch10/human6_lurch10_SkeletonData4.csv,lurch,10,164.67936064970624,130.88282381682245,178.99960512721958,12.956577545924992,168.80608917903717,145.09209487625097,178.9947094803281,6.781182105678405,97.13415347967374,5.964953413419216,0.045010164,0.023349153,0.030953766763214763,0.1801271240878536,14.214166706319986,0.06776333
6,human6_lurch10/human6_lurch10_SkeletonData5.csv,lurch,10,169.10048369122998,141.07818238481713,178.87565400541575,7.506858481375807,168.12636375582534,130.41562395225088,178.6915823256812,9.354164980206498,94.53401069850176,4.121609730526427,-0.03950306,0.030424165,0.0683807511290206,0.30795269104887,10.478486752831685,0.036279917
6,human6_lurch10/human6_lurch10_SkeletonData6.csv,lurch,10,165.80433179693264,129.15468956939552,179.45678824946745,11.734081020138849,168.8705746608156,135.57170649454164,176.91444521403648,5.894063264662383,96.48568887952382,5.627259507077338,0.037372824,0.015579589,0.0388493454169425,0.23748798088747478,8.959359960577103,0.07344985
6,human6_lurch11/human6_lurch11_SkeletonData1.csv,lurch,11,165.6855165535945,131.68921248603328,177.86867694307742,10.239070995414078,165.5746800954019,133.06937253218297,177.81179166836233,11.80534932408392,94.69997253585184,5.416650540222519,-0.047643572,0.04400667,0.025724734319465946,0.32044487290227847,1.4370453208647689,0.9988706
6,human6_lurch11/human6_lurch11_SkeletonData3.csv,lurch,11,163.69003220399117,119.4849241185577,178.01388155834212,12.377306815072332,165.53765970661982,118.52029265673053,177.74624028409818,11.340852928028548,96.70041213127487,4.212020960030419,-0.07426805,0.051552966,0.030035880730598524,0.2811658319845344,0.696990187583225,0.24573088
6,human6_lurch11/human6_lurch11_SkeletonData4.csv,lurch,11,162.73452585993562,127.68733705250243,179.53882565125528,13.938092061725653,170.8690238876463,150.0349422638088,178.458080116894,6.183455878927958,97.89641457012934,6.059818044107814,0.044337656,0.014211705,0.027469009908113552,0.18292348965831004,23.428350745667657,0.008368969
6,human6_lurch11/human6_lurch11_SkeletonData5.csv,lurch,11,168.60086904921494,137.35372967245848,179.19891487091067,9.861294790328323,164.16913384547647,121.71490538448279,178.2226150177752,13.335068276590208,94.38867833852746,3.7585347308042647,-0.05159649,0.04519282,0.044921871420690276,0.2762646430676148,14.662524434840236,0.65635014
6,human6_lurch11/human6_lurch11_SkeletonData6.csv,lurch,11,164.11583798363776,133.1451756752337,178.62556238454985,12.9981097796729,169.60493054144553,65.45943721305352,177.65272136553403,10.317503824518573,95.61038550636627,5.243496005176183,0.040313598,0.018326236,0.056310245385061165,0.20647197656062302,66.71289744316437,0.5474
6,human6_lurch14/human6_lurch14_SkeletonData1.csv,lurch,14,165.21971564665495,135.0257680465604,179.04600145536315,10.49619881926609,162.95300471382174,99.61243675584953,178.59886403507815,15.580115563574955,92.47792979900159,5.662013241823289,-0.060011353,0.04435164,0.03481062741995796,0.24021242117839794,34.966193870425855,0.41320014
6,human6_lurch14/human6_lurch14_SkeletonData2.csv,lurch,14,161.366394805503,134.19881549460547,179.54411320966943,14.498501724035458,168.34433296297988,158.17068473239928,176.11315154640184,3.6609490394191333,94.54493437552406,6.848016830272468,0.026963081,0.018566806,0.03204478606703997,0.17966495165768812,27.402830901061407,0.5074861
6,human6_lurch14/human6_lurch14_SkeletonData3.csv,lurch,14,164.73221795832606,130.66152889722824,177.61097681242418,10.050603000545914,161.57362692530629,119.45367229960941,178.0634928737931,15.551984987569083,94.9027974893974,4.235475885289165,-0.06856745,0.040457364,0.03585506048899904,0.46203844618315404,11.660372658987754,0.04337144
6,human6_lurch14/human6_lurch14_SkeletonData4.csv,lurch,14,165.76843963464637,130.77272480575323,179.04708741822603,11.632360733877432,167.76282960110424,120.6408945589689,178.36787567299695,6.31795599243858,95.24212584713673,5.38259528903207,0.046413854,0.020688761,0.029516594434851696,0.18389118838402813,9.45261850155525,0.02407384
6,human6_lurch14/human6_lurch14_SkeletonData5.csv,lurch,14,168.01358938676003,142.52763937747332,178.28611574549907,7.9694268718064665,165.60794609642727,121.29040131951206,179.3537116050146,11.806249508087042,92.45213155792216,4.367053583495343,-0.0366822,0.0397998,0.04338484563254493,0.26628892732211257,22.3048339174768,0.12725997
6,human6_lurch14/human6_lurch14_SkeletonData6.csv,lurch,14,161.1671349936533,111.86962829823918,178.328646643111,16.00307760266029,163.19192918800448,58.569293698964,176.4480713626384,25.803871911651182,94.08815901664182,5.407133966606195,0.04002044,0.019390935,0.03461353370669707,0.20393736916143876,51.41975931880256,0.09685993
6,human6_lurch17/human6_lurch17_SkeletonData1.csv,lurch,17,166.57926388061694,129.70133383535924,179.15008830526506,9.881058856379253,165.50806081533696,128.00191641161993,177.20480220016003,12.760837555048585,93.77031048766743,3.660563232176883,-0.05435019,0.03965482,0.04050482109648892,0.24942250093598806,0.24586868136572093,0.5744717
6,human6_lurch17/human6_lurch17_SkeletonData2.csv,lurch,17,165.8433649059472,131.41766454982178,179.58820387671295,11.897985539446037,168.6006442391609,136.55231913128245,177.5905931032686,7.293589701061932,96.00113082606278,5.445828704502362,0.03330957,0.02157987,0.02752494902737585,0.1656137576043008,7.13226535490503,0.7347094
6,human6_lurch17/human6_lurch17_SkeletonData3.csv,lurch,17,165.0449843582953,134.02540527672187,179.35453043441285,11.109545334547592,163.41499220847427,109.50611870499354,179.345733311346,14.636031193739766,94.5184751423979,3.6307516667471376,-0.07576382,0.050904974,0.025067961574365038,0.22786288256416892,24.510489448661488,0.32382607
6,human6_lurch17/human6_lurch17_SkeletonData4.csv,lurch,17,164.87594871960772,127.63361651107274,179.5326722054307,12.631807162212334,171.38022749432895,159.39122810546291,178.74283697578605,3.9658742431512937,96.03472352280625,5.087513611755824,0.030497104,0.013645237,0.026479985370113018,0.14685730361199145,32.547446824034836,0.31974196
6,human6_lurch17/human6_lurch17_SkeletonData5.csv,lurch,17,167.18084473160604,122.85014995974878,178.6285074799619,11.95380717496987,167.1624344314931,129.09495132304647,178.09835592032235,10.528660090838917,92.00146041854133,4.055195742895642,-0.027950188,0.018377114,0.05883577324644824,0.21902709947056911,6.77495292293726,0.27629995
6,human6_lurch17/human6_lurch17_SkeletonData6.csv,lurch,17,166.43684107719625,139.05130881851193,179.4108785251085,12.137128950890867,170.19747597945948,154.7332642527893,179.2004914265634,5.456023540647266,92.99248366317323,4.670652178697662,0.024029577,0.011400658,0.032673841348134086,0.18022894840193293,15.892342532822482,0.14285994
6,human6_lurch5/human6_lurch5_SkeletonData1.csv,lurch,5,167.20074348355172,141.63451847853054,179.21451449608915,8.864267422542667,164.37548459314627,128.2149731197571,175.9972480753879,12.493940817607463,91.90076214740024,3.3263147687700836,-0.058393747,0.0376328,0.0330517232066888,0.21082486423427346,10.202278938072169,0.36843705
6,human6_lurch5/human6_lurch5_SkeletonData2.csv,lurch,5,165.17882442434708,134.59924135657107,178.56375174501102,13.265089957598033,170.17558925140574,147.7412721896455,179.81911261187363,4.0825762084422434,93.31804524682026,4.038546306125422,0.032110076,0.022340719,0.03023507921171955,0.1941782711067918,11.886669966211826,0.14485407
6,human6_lurch5/human6_lurch5_SkeletonData3.csv,lurch,5,167.18718383350188,126.90954440197154,179.35513720080743,10.036334103947391,164.35662063083564,113.30887542323876,178.15565823571163,14.4408870151111,93.70382755545995,3.6912913352834402,-0.06436278,0.03866136,0.028918234244658447,0.31574550334342794,12.401190013636977,0.3754611
6,human6_lurch5/human6_lurch5_SkeletonData4.csv,lurch,5,161.99881974806576,105.79882994331064,179.5267624247353,17.036240138191136,169.83592486989085,126.73978699919263,178.5918666559121,8.903982827576687,94.83489847339101,4.593826980230164,0.03291868,0.020255886,0.0317135751835134,0.18326586637659173,21.87585282470519,0.10871506
6,human6_lurch5/human6_lurch5_SkeletonData5.csv,lurch,5,168.55034891249136,103.45150836350405,179.4806286031493,10.126906326616686,171.4281260924798,150.07637646764178,179.2645941390405,6.426566072481465,90.69798148729897,3.2385046262857657,-0.028377164,0.017844792,0.04409616180502537,0.2228185868783159,46.84090256824655,0.49648023
6,human6_lurch5/human6_lurch5_SkeletonData6.csv,lurch,5,165.57143595319187,114.22519307150328,179.38613267000343,13.489426470835028,172.8992453748388,161.7473406055294,179.07462856751158,3.5503099411763306,91.4827688150871,4.199101120523761,0.033671293,0.016623871,0.031006541099437714,0.19049092078101965,47.833651636517956,0.44608974
6,human6_lurch6/human6_lurch6_SkeletonData2.csv,lurch,6,160.55304947884426,121.66592692365633,179.2811503892326,17.099349732087973,169.18450231419146,150.2286120765208,177.0949010879264,4.831251784170974,95.40250785556223,7.067939249690951,0.02650963,0.02459103,0.034557921881295146,0.17780837497295093,30.74893445417068,0.5148368
6,human6_lurch6/human6_lurch6_SkeletonData3.csv,lurch,6,165.15559021178893,139.90604316790478,179.3282061546025,10.631161589406501,164.1313998801853,113.30819395622558,179.32321406225986,14.744526699982972,96.64361602114244,4.657412364256033,-0.065063,0.045789212,0.040439995871782,0.2830822337871633,26.59285711933657,0.3839407
6,human6_lurch6/human6_lurch6_SkeletonData4.csv,lurch,6,161.95441257465927,128.07142041715824,179.00064732734273,14.428184839552477,169.5208218055732,152.2428988246198,178.01847587962732,5.86030082425952,97.29170117081011,5.757770868367837,0.037337594,0.016114969,0.03506289483288764,0.2013282212252518,25.15364985517698,0.6698549
6,human6_lurch6/human6_lurch6_SkeletonData5.csv,lurch,6,170.2572662601681,146.62275226371955,179.31229962859157,7.078453936066309,167.48401700189322,120.82427774195388,178.57675094671376,10.017013543091597,94.94732625981074,4.3200425027395895,-0.04595498,0.037548292,0.037518047086852656,0.2737233249022493,25.062925839887853,0.67766
6,human6_lurch6/human6_lurch6_SkeletonData6.csv,lurch,6,164.0999472349247,115.90457996976863,178.35673935738015,14.608942617623669,168.95344864548863,149.96138491221365,178.27970386952987,6.381770103488825,96.68877408761054,5.7926504866894675,0.025665881,0.020463178,0.032377423663354284,0.22558211180255783,34.133840430295294,0.6387999
6,human6_lurch8/human6_lurch8_SkeletonData1.csv,lurch,8,165.25156493930152,129.67094347645383,178.4715158397146,12.018605823663002,165.4483115885087,138.69747440357037,176.08649887084084,10.002218359695021,94.31593354011079,5.102079969488801,-0.055310477,0.041486174,0.025273477022506492,0.22862331396132116,11.41154789599031,0.42785335
6,human6_lurch8/human6_lurch8_SkeletonData2.csv,lurch,8,161.61850919340787,130.2811244867937,179.7726335132927,14.108951997914437,168.0079235336494,150.46329707594552,178.70797424419123,5.440075006692702,96.1455091202883,5.842207107596917,0.021329788,0.021659624,0.024680483983835967,0.19145247646569194,21.2468318582533,0.5524379
6,human6_lurch8/human6_lurch8_SkeletonData3.csv,lurch,8,162.66761410608314,99.33193338410842,179.41581539768444,13.75516142354288,162.5440409969172,119.44442699494324,178.282150018237,14.271972066350141,95.63972480783461,4.448682438363539,-0.069206126,0.04511722,0.042524336273197086,0.26310297981862363,21.246158990282268,0.1651206
6,human6_lurch8/human6_lurch8_SkeletonData4.csv,lurch,8,167.19393391656195,132.32818059045738,179.49129521103436,11.27515875951523,169.62293478932725,143.48893668168603,177.61921817388514,5.845816948978712,96.17306102361806,5.564022337670816,0.037698504,0.016534248,0.03196621692727595,0.17741388218407333,13.03283312837786,0.41041565
6,human6_lurch8/human6_lurch8_SkeletonData5.csv,lurch,8,167.91762034976506,143.1585225015897,178.9065990152551,8.962347524752985,165.9223065860021,103.98699324727342,179.11927590951024,14.227916566526462,93.10101631177479,4.339114883945344,-0.042831615,0.034706444,0.04300043922524468,0.21211481003190408,39.38420614857141,0.049900055
6,human6_lurch8/human6_lurch8_SkeletonData6.csv,lurch,8,162.39170855555477,103.54812878743597,178.93373737429556,16.196405901311795,166.7445640163957,56.81333767566214,178.3069119915517,21.44349151354284,94.82467270810916,5.698630960839085,0.028408322,0.01649223,0.03096519134508333,0.19781488500902292,46.10796572902996,0.14314008
6,human6_lurch9/human6_lurch9_SkeletonData1.csv,lurch,9,166.58133150156792,137.5698983311903,178.64679244577215,9.50504874794926,167.29901913968916,136.13358968369198,177.91453742230883,10.007356288842592,93.48986732266165,5.054370002814845,-0.057816237,0.04357361,0.04088581062433738,0.252361361970057,0.7040536240349979,0.41817784
6,human6_lurch9/human6_lurch9_SkeletonData2.csv,lurch,9,166.02476921270932,137.81633728529687,179.52369592978147,12.014394016891051,169.84740300774206,154.21799223531983,178.87696961392874,4.114387749769999,95.35752496275644,6.368004941210106,0.039674733,0.020043533,0.02719492756371487,0.18045858215162533,17.04838126587569,0.47159004
6,human6_lurch9/human6_lurch9_SkeletonData3.csv,lurch,9,166.55145231637667,133.1337110816688,179.76409004929556,9.76118914212315,163.7367292954488,118.13264845004919,179.61183946500825,15.179171116272906,94.7808794427718,4.222202824017458,-0.063203804,0.040142007,0.038320342643032516,0.268829403318471,14.848812047332288,0.036426067
6,human6_lurch9/human6_lurch9_SkeletonData4.csv,lurch,9,160.553929037525,86.91209482252454,179.8719690510899,20.514925412268987,169.53298586460767,152.83601308888856,177.47754686302292,4.3601622160139,95.98808696638564,6.052686772779989,0.033397976,0.017749993,0.03448384519650654,0.17735528518224858,68.31834045443101,0.07072401
6,human6_lurch9/human6_lurch9_SkeletonData5.csv,lurch,9,168.31828398488736,135.09829014086804,179.37455141844083,9.282440331823874,167.05600530901867,138.49860553857098,179.699891621552,8.582133555915487,93.05163771825107,4.035624467777663,-0.047612235,0.045177214,0.062014165283039206,0.23445477001840628,3.074975194591758,0.19692993
6,human6_lurch9/human6_lurch9_SkeletonData6.csv,lurch,9,159.53441558984855,103.36022809518622,178.54863860311,20.438888630616805,171.6272758919452,160.57409781192118,179.65910215156083,3.4242964297302074,94.93713994439356,5.55446163785661,0.03433603,0.017925236,0.03697555895063545,0.20108577250953538,56.103406168284124,0.29045987
6,human6_normal11/human6_normal11_SkeletonData1.csv,normal,11,162.86121514847812,131.75198984898918,178.00010598844094,14.10389594979394,157.5323071170616,122.12022067111397,179.29373647779062,15.73215207819214,90.10900389125325,2.0866375872010887,-0.027898949,0.015933089,0.03112469157265893,0.29580033652846466,10.925399667224895,0.28734398
6,human6_normal11/human6_normal11_SkeletonData2.csv,normal,11,161.317451808201,130.51205755194266,179.0513658451295,14.390107657840598,161.19951443271947,132.958155151566,178.57949604299893,13.845266740599168,91.24298383545906,1.5809440496356644,0.02268859,0.01572313,0.032599802460385074,0.19995412803266457,2.917967401753913,0.1498692
6,human6_normal11/human6_normal11_SkeletonData3.csv,normal,11,163.96418560912716,126.24402319092395,178.9665941036327,14.319312510412923,158.5983133364762,125.9724044013807,179.65285507881237,15.836618428398156,92.2134086478858,1.737009131747035,-0.03682768,0.019705374,0.02402073810020492,0.23578484913369097,0.957879764722918,0.6591861
6,human6_normal11/human6_normal11_SkeletonData4.csv,normal,11,161.58114443770205,123.05645087752049,179.23484701558266,16.33625671027926,160.34690948954815,128.49620563349677,178.69260268310134,14.150197897030985,92.01405273005142,1.7658387176873451,0.029196557,0.014104078,0.020970288797847344,0.20788763197395713,5.981999088457599,0.87218595
6,human6_normal11/human6_normal11_SkeletonData5.csv,normal,11,161.91171319265624,118.16338601090104,178.8765989558031,16.079063221532028,159.68071462451908,123.7384645541164,177.84630062755517,14.211348493598308,90.47146248116984,1.552722164141342,-0.025413664,0.010785401,0.023333367210089266,0.20507934373195819,6.6053768714633065,0.1845088
6,human6_normal11/human6_normal11_SkeletonData6.csv,normal,11,157.66633366236874,123.95070928817997,179.4116691049059,16.46079192462329,164.024990443344,134.64381380642524,178.601105651407,12.76815073542272,91.29999605377131,1.2722348713555944,0.027530733,0.012128296,0.029384297092252733,0.21740245370333436,11.503667971744179,0.22377992
6,human6_normal12/human6_normal12_SkeletonData1.csv,normal,12,162.52091273438873,133.3876752140515,179.17801210036657,13.124660641740343,157.89021185983333,109.94989330043305,177.49680763770087,18.586411838051067,90.56025201855348,1.9712574006577983,-0.02244939,0.015682302,0.03549445682413324,0.26220734866995515,21.75657745095276,0.28515387
6,human6_normal12/human6_normal12_SkeletonData2.csv,normal,12,161.10986543164594,127.82075109416255,177.98489382798246,13.744754896904112,161.1306452862182,126.86649618248336,177.72339447320243,13.92542454834809,91.84624339069208,1.3029292569197364,0.01609907,0.012882618,0.026264039245805056,0.19779831761839098,0.6927555568991579,0.19979191
6,human6_normal12/human6_normal12_SkeletonData3.csv,normal,12,164.30478826722268,130.01787732182956,178.2185434028682,13.75276295258315,160.7974836090704,123.74630504238675,179.51169335585115,16.0051031585362,92.11728683834947,1.7989608784733218,-0.03652004,0.019496413,0.023275789797426387,0.2350070523436969,7.5647222324257655,0.6602659
6,human6_normal12/human6_normal12_SkeletonData4.csv,normal,12,158.21491869506747,124.37771296614983,179.8399280316364,17.398575142892817,159.58111625124522,129.1518945324878,178.5499762261163,14.682042444264866,92.19539396338087,1.9477081513747185,0.028858952,0.015690206,0.02361488626334837,0.224032919434065,6.064133371858048,0.8376982
6,human6_normal12/human6_normal12_SkeletonData5.csv,normal,12,161.42970181954382,120.80968354841826,179.13573010351888,16.889847653732446,160.72674493663425,123.33075608970879,179.71198534364967,14.89885103990733,90.7897103710834,1.7138107599718362,-0.025460709,0.011748851,0.03147433426083036,0.2009581524845146,1.9448173011597305,0.35763025
6,human6_normal12/human6_normal12_SkeletonData6.csv,normal,12,156.00814105961905,121.71923837664981,179.382542185181,16.666104486076893,164.69468823508444,130.1235182427112,179.32725163465145,13.264368026069901,91.8357703920057,1.45530554439017,0.02624245,0.013615105,0.026426207596664482,0.22656003455755133,8.45957041659095,0.12723994
6,human6_normal16/human6_normal16_SkeletonData1.csv,normal,16,163.42756149833986,132.3290586426978,179.7285694286085,13.860610691072145,156.02764014342276,120.7120955080391,179.51488106741036,17.49567975737521,90.53349526855092,2.204859525720151,-0.02911367,0.017024836,0.02108092143962625,0.22750586319846278,11.403274773460552,0.03637004
6,human6_normal16/human6_normal16_SkeletonData2.csv,normal,16,160.2660105088378,110.4835252256785,179.4789405681103,17.451923049365668,160.58252871136924,129.87111242822087,176.06201185248662,13.039658709261719,91.59713427135867,1.6274840109143727,0.013363041,0.0130640725,0.03578371522513834,0.20940985143737836,22.804515918166032,0.18654394
6,human6_normal16/human6_normal16_SkeletonData3.csv,normal,16,164.08265727808418,130.38598774488517,179.19910250832356,13.793195857072531,155.6515849796822,108.79965455480584,179.6443783166866,18.80181109832017,92.7304524612821,1.6857209092992462,-0.03822311,0.0166827,0.021326623638956634,0.22098347544255348,22.03160899844238,0.69596696
6,human6_normal16/human6_normal16_SkeletonData4.csv,normal,16,160.07619415015233,122.5178251696477,179.445986722071,15.429329853553035,160.07324454219685,125.19967115253633,179.21962640678356,15.062724711715907,92.8855839672119,1.749955489985433,0.021495521,0.013687644,0.02376662352398299,0.2090905452454314,2.908206298176083,0.8026161
6,human6_normal16/human6_normal16_SkeletonData5.csv,normal,16,160.13821831591545,123.32097392003139,178.81025295354377,16.54304581833716,160.579566155521,125.23669695890148,179.3762381007869,14.540753904419732,91.66138899621482,1.7440790509119954,-0.026652219,0.012122573,0.043470775923483265,0.21904480082197167,1.349737891626944,0.2940197
6,human6_normal16/human6_normal16_SkeletonData6.csv,normal,16,155.73748110398088,117.21224811122205,179.19579902869597,17.79763842777467,164.4842463157302,132.86033069088538,178.5795072637346,12.578629760860544,92.09562424834482,1.5564774041514593,0.023220269,0.014381023,0.021184019268875403,0.24367064065270064,16.2643743446247,0.2509601
6,human6_normal18/human6_normal18_SkeletonData1.csv,normal,18,162.36137476996805,133.54925525655602,178.6893106586032,13.546689869615747,154.64639743260523,118.58948918469048,177.4678768909794,16.888494145148844,90.27759632483796,1.8190647860212612,-0.016159337,0.015543065,0.027550461431125592,0.23918306522910118,13.738332304241737,0.2072699
6,human6_normal18/human6_normal18_SkeletonData2.csv,normal,18,162.05368753563246,133.44423443371645,179.57148617291102,13.97755037097058,160.0283753915796,128.7845874240499,176.85725039052411,13.406197574846988,91.38313954782053,1.386381792132961,0.019557469,0.015426683,0.024599524158082475,0.19326737990991774,1.9454112272796351,0.22239614
6,human6_normal18/human6_normal18_SkeletonData3.csv,normal,18,163.62353237341924,128.76525565203946,179.25658825519668,13.99630839850939,156.77048298883037,110.7615636877662,178.70712131232384,18.623821404240115,91.48166491830216,2.0978730122203944,-0.03565966,0.018622376,0.024335256667009565,0.2547618623419389,17.45422502140042,0.66517806
6,human6_normal18/human6_normal18_SkeletonData4.csv,normal,18,155.77598583057096,110.6843518413943,178.5573812135558,19.18802904115765,159.37383841653804,128.57190832195488,179.6184872398213,15.813145348113283,91.36160472217175,1.8838453588088704,0.027861502,0.015060909,0.02249250124013876,0.20161699637377772,16.826450454295085,0.6207731
6,human6_normal18/human6_normal18_SkeletonData5.csv,normal,18,161.22178172918015,119.85048627384121,179.16259780586037,16.647127446901557,161.24825339602444,129.97718313606006,178.40985809311624,13.766216198210609,90.48332077735743,1.6806519440940029,-0.024843154,0.013019543,0.0413412618592767,0.2065034051839591,10.87943657496298,0.34884
6,human6_normal18/human6_normal18_SkeletonData6.csv,normal,18,156.79909632340707,123.73140766925894,179.67505398465917,17.403011489620408,164.00229886471757,133.47174721888518,179.34046230244547,13.343584593307494,91.41273383694042,1.484792223710639,0.02522455,0.012701727,0.020816754560892707,0.2587969718855759,10.07493123183994,0.057859898
6,human6_normal20/human6_normal20_SkeletonData1.csv,normal,20,163.18286762498664,133.2845288552504,177.635915886698,13.063931793983393,154.9783559176079,120.17319670891226,179.40461927951253,17.120903255766645,89.65113253234274,1.897096647664779,-0.01911474,0.017261833,0.023854980226331358,0.24025751479437515,14.880035539152658,0.343477
6,human6_normal20/human6_normal20_SkeletonData2.csv,normal,20,161.67741154145492,127.06412648577071,179.38620159954382,15.460286411644725,164.18646985817895,126.81262905107226,178.43395997689635,12.208140050982294,90.28325953246586,1.4882908192482136,0.01731868,0.014574036,0.023774540807007395,0.20071615474276033,0.7007441879490273,0.20033121
6,human6_normal20/human6_normal20_SkeletonData3.csv,normal,20,163.99475317123517,129.53589094184673,179.40419728400494,13.794356993560035,160.3129753277503,103.07267732011009,179.11900278817086,16.777035350707756,91.64801853050075,1.7895245991613755,-0.037540462,0.01813894,0.02137423207002106,0.21482879778226568,26.178019125902566,0.5874417
6,human6_normal20/human6_normal20_SkeletonData4.csv,normal,20,157.8046848066667,123.25292700352844,179.38984177396785,17.114375553402216,159.7693139586915,123.57205187353847,179.7017008764659,15.559194068898465,91.52335917590622,1.8490301040389898,0.027333714,0.016501697,0.019567840824127943,0.20490665688991525,0.007265767511967169,0.82111216
6,human6_normal20/human6_normal20_SkeletonData5.csv,normal,20,161.58605805416968,124.72016742462186,179.47519665894788,17.036587816160555,160.21614795731693,127.28843173968555,179.0948192429229,14.875831290088906,90.61904616217748,1.732295450992675,-0.028528195,0.01276413,0.04856779155280048,0.20992414410809662,2.9486417310886566,0.36849022
6,human6_normal20/human6_normal20_SkeletonData6.csv,normal,20,156.78970275951806,124.80839905328145,179.33031557643895,16.735092968204516,163.99666293385565,132.92764537619018,178.9197322177842,13.740338466131549,91.20368062401869,1.7205654954317204,0.022067832,0.012308754,0.022000061477267893,0.24337497245396458,8.529829681563484,0.14595985
6,human6_normal4/human6_normal4_SkeletonData1.csv,normal,4,159.13214853551867,129.92994001406987,179.95219235047918,14.37645064113115,155.14175234925148,108.01901286114827,178.08278799303378,19.77855476186532,91.5027887484334,1.7710857439560148,-0.026078902,0.017976074,0.02570064881046258,0.2861714260023588,20.041522795476197,0.4923489
6,human6_normal4/human6_normal4_SkeletonData2.csv,normal,4,154.99210267710595,121.09865119755722,178.25196012419082,16.929800285390343,162.70875497010277,128.10360548902153,179.1798983616791,14.088164812869637,92.36966397338831,1.6255952848118953,0.017228533,0.011877887,0.023837353302626894,0.20286720370329048,6.077016053976024,0.53996575
6,human6_normal4/human6_normal4_SkeletonData3.csv,normal,4,159.80722494080175,122.114002579657,178.13650711828794,16.596865377345996,160.76280974272086,127.2512753519009,179.67646912196696,14.074839287427244,92.26153841236899,1.8571702153279028,-0.037724547,0.022031289,0.02078511379411596,0.23286999124048047,3.5973107685648813,0.5827272
6,human6_normal4/human6_normal4_SkeletonData4.csv,normal,4,156.89672124491426,118.25323150268363,179.42104556884377,17.759951583785146,163.62278747272572,133.52612211254157,178.8915000722348,12.655495997350153,92.10524024064568,1.6229270955149286,0.028471258,0.013417056,0.025933515527885705,0.21982829549520966,15.8024361064669,0.5490229
6,human6_normal4/human6_normal4_SkeletonData5.csv,normal,4,163.4520579472036,130.03988026854867,179.27173016879453,14.396922654082891,156.60642965329401,122.98591038521906,179.28330503776647,15.199115757716713,90.99156127090689,1.7120234754699235,-0.02754993,0.012953044,0.03220128703013224,0.21372837889183824,7.065544752301548,0.22654986
6,human6_normal4/human6_normal4_SkeletonData6.csv,normal,4,161.373527311913,131.85722476529068,179.91753791018658,12.925621381115384,161.11099305367503,113.06864221044977,179.5495533587429,16.72925728800508,91.86084156663067,1.9484788065347018,0.026901856,0.017296644,0.03793015886797905,0.4259025314164673,18.420598003397245,0.24090981
6,human6_normal5/human6_normal5_SkeletonData1.csv,normal,5,161.95728096537005,131.2371514387088,179.08225104332283,14.154169917552379,162.1674206301766,125.78474721450297,179.58773734031809,15.110769572438405,91.53470820803132,2.302877672186479,-0.02821801,0.013527263,0.026628127358967493,0.2588817333414373,5.9578905212010795,0.07293224
6,human6_normal5/human6_normal5_SkeletonData2.csv,normal,5,159.67703922444875,130.76893436204972,178.57938652414578,15.580905107665684,160.83898129443003,132.37009224631362,177.1202412553629,14.010729818360028,92.05491423770492,1.8886582962704903,0.015383226,0.01320984,0.02842259420516385,0.20052303902625476,3.0603031530467604,0.019531012
6,human6_normal5/human6_normal5_SkeletonData3.csv,normal,5,161.33800853004752,126.74381052349844,178.83266538229415,14.018560702430152,155.26754374105266,131.60097819054747,179.18515370064628,16.050316522507373,92.95458331433262,1.8564317204536247,-0.04222698,0.022421386,0.022475271695595163,0.2311087241458188,4.504679348696897,0.5678108
6,human6_normal5/human6_normal5_SkeletonData4.csv,normal,5,156.45657782993845,100.64601939208347,179.17150817639262,21.1653091485001,162.19171078457833,134.39966417673665,178.82611133560238,12.558286522663224,92.85700104365917,1.561580269797191,0.02631953,0.012086845,0.01804199256073981,0.19067427886140426,34.09904162544342,0.026174068
6,human6_normal5/human6_normal5_SkeletonData5.csv,normal,5,164.05643734637061,131.432303541583,178.9577207979819,13.047612175967556,160.37605734884622,130.3276683247743,179.0347194193189,13.921325395630266,90.5144235142061,1.704359776365998,-0.028185554,0.012750505,0.03422273443621746,0.22671803387815218,1.1816338381457,0.3801601
6,human6_normal5/human6_normal5_SkeletonData6.csv,normal,5,155.4008062431143,109.11231264935854,178.80488836655482,18.850541458195185,164.05992689943886,131.23348105940872,179.24123196414013,13.614890958086846,91.4660483854952,1.3989441086483896,0.024824109,0.01516719,0.02879672442025125,0.29897281446092566,21.684824812464868,0.16160011
6,human6_normal9/human6_normal9_SkeletonData1.csv,normal,9,161.69375139173778,129.87879337238633,178.5656396423893,13.423509373968907,160.26795808356306,115.93393287352833,179.31624445214797,15.322225749402094,90.37673111307627,1.9904210903480466,-0.018427424,0.016557403,0.03395307344444412,0.2563290039622572,14.695465308616662,0.06308794
6,human6_normal9/human6_normal9_SkeletonData2.csv,normal,9,163.059992408713,137.74588830266293,178.32284605501826,12.429613225533322,160.97326563651797,127.47706139098983,176.98915162406038,14.86338393143125,91.16382652823377,1.6082420987288735,0.028105786,0.014664125,0.025692475927860947,0.19731888815850834,8.935132480715225,0.23265696
6,human6_normal9/human6_normal9_SkeletonData3.csv,normal,9,162.9670824920162,129.48443157042283,178.18361011449372,12.817283318542248,162.94977757542566,128.2201318409112,179.0792277576209,13.126135006457991,92.2466629369127,1.9653123237047816,-0.037686933,0.01999031,0.03092403211068683,0.2600476520839322,2.15991737263883,0.50401807
6,human6_normal9/human6_normal9_SkeletonData4.csv,normal,9,159.71471697159063,103.4736290885347,179.26216386301002,17.78789571099008,161.76987983230214,129.43554737714783,178.6199051091409,13.361425329847801,92.0100748238898,1.9170451818594327,0.030085426,0.012680781,0.0247870829428449,0.21001934680622372,26.604177042482263,0.2716961
6,human6_normal9/human6_normal9_SkeletonData5.csv,normal,9,163.74494762408938,132.7977320913277,179.0251642012471,13.253615531329867,162.18231000360862,127.37661147537659,178.76557300463222,13.86257577496409,90.2260236188808,1.8049500963775917,-0.023040842,0.013232758,0.020428220277994714,0.21288519759865368,5.161529419336233,0.08827019
6,human6_normal9/human6_normal9_SkeletonData6.csv,normal,9,154.470470025546,106.82804037335626,178.36344345549372,19.064594454464437,163.50229771760272,132.759747796834,178.75795729890885,13.207630648475718,91.19331692723898,1.747421898152247,0.030819163,0.01510781,0.03721106793230204,0.2470239197236804,25.53719358006262,0.2771001
6,human6_steppage10/human6_steppage10_SkeletonData1.csv,steppage,10,164.68518964355098,131.14432493503773,178.7044039659721,13.107563179043886,149.89200467212052,114.86058121320964,175.02515157826502,19.5274463143114,89.68683682369746,1.3281697410828779,-0.024248043,0.011846866,0.022140853543379354,0.17853633237977098,12.604491334121022,0.19389749
6,human6_steppage10/human6_steppage10_SkeletonData2.csv,steppage,10,163.38598943841876,121.28332415948354,179.69598590818643,14.187844373324658,151.1104651090236,120.32286070861589,173.79892031599374,17.326645622014563,91.16312182533865,1.1002282737655857,0.021585163,0.011915156,0.045192882182987,0.19198730755157586,4.936602141325039,0.12615013
6,human6_steppage10/human6_steppage10_SkeletonData3.csv,steppage,10,167.57646740001155,133.17077523970175,179.2137284828548,10.672183823339164,150.97223439158387,117.07203687481284,179.3237310809264,18.41196247790131,90.9990268922325,1.8392932842952499,-0.031129431,0.016856574,0.030373744166756714,0.2024440084637161,16.208740962960505,0.9006319
6,human6_steppage10/human6_steppage10_SkeletonData4.csv,steppage,10,164.91240153933336,121.40700868406317,178.7703220004559,12.670556422064545,150.42127460735946,120.3087845708187,175.07963723856514,17.039321351551077,91.25473256687411,2.060436340300234,0.028863588,0.012121613,0.027269330868863424,0.23330782985735998,2.592460648646295,1.002681
6,human6_steppage10/human6_steppage10_SkeletonData5.csv,steppage,10,162.52330069259332,87.10283923356458,178.37583432661765,15.72681707551552,153.39704381572471,110.3472146988882,173.50266085782664,15.250842414845346,88.94863766091245,1.7348788360140037,-0.022678059,0.023136638,0.040342963898598615,0.4430626106270131,28.117548934114623,0.55647016
6,human6_steppage10/human6_steppage10_SkeletonData6.csv,steppage,10,162.79266702033974,128.33819506190423,178.42719986427426,13.289678441896742,155.09601938281384,131.28195976940935,175.91982710647673,13.637519713391939,90.24018002132127,1.768032477884265,0.022900838,0.008003039,0.031735945430113294,0.19094403476495467,5.451137465302651,0.23477006
6,human6_steppage11/human6_steppage11_SkeletonData1.csv,steppage,11,165.0792270015592,137.69840315217826,179.08446306985695,11.339231573761554,149.34717433602205,114.76106612387966,174.7279857078249,18.15256762619014,88.66528745845467,2.00600520984943,-0.008582214,0.015360463,0.02456607702923605,0.21272293790984484,18.580859666266548,0.5264337
6,human6_steppage11/human6_steppage11_SkeletonData2.csv,steppage,11,164.0119964823611,122.08964276748473,179.32710245857527,13.629628610241573,152.94105912167,120.65599867192783,171.5796844089573,16.409831009187982,88.80200766350269,2.3748845654890145,0.019612854,0.01241674,0.03164580657070115,0.19221264788810188,6.313773954061077,0.07407117
6,human6_steppage11/human6_steppage11_SkeletonData3.csv,steppage,11,165.10709582840306,131.61804768155807,178.72907221707237,12.684200214572417,145.7953731355591,102.69334247438798,176.06374257291452,21.34068237153037,90.87473931778725,1.8300471754026832,-0.02596961,0.017756576,0.027820358356710755,0.20087171791003364,26.25937556301224,0.29685473
6,human6_steppage11/human6_steppage11_SkeletonData4.csv,steppage,11,163.63886446628698,117.13151704910236,179.70643079159683,14.580715184042106,151.2996203571248,114.53415590902473,175.36095804993917,17.175010279358514,90.82856449918876,1.8403252699963353,0.032248802,0.015459055,0.02726149459419821,0.20144046709188976,1.7481116015800353,0.123456
6,human6_steppage11/human6_steppage11_SkeletonData5.csv,steppage,11,166.96830902421593,133.60178477358738,179.0498341168393,12.358681096287777,148.94116203448965,108.51602853406862,173.33791680826454,16.59211469586048,88.23841602107684,1.599767060548196,-0.01758307,0.0132189635,0.03192849630823519,0.36678118954415717,19.373838930944004,0.052459717
6,human6_steppage11/human6_steppage11_SkeletonData6.csv,steppage,11,164.24445038051084,111.27916456587572,179.59543761912423,16.76155109108637,152.641548249346,123.70656851222758,175.32455427517445,16.96710867368804,88.81175891478418,1.788704117075495,0.027488207,0.009873595,0.03521025566645554,0.1847870140740825,16.698287290301636,0.12087011
6,human6_steppage12/human6_steppage12_SkeletonData1.csv,steppage,12,164.83945236577011,130.53972215014267,179.37711277988893,12.396716728540104,151.1823475998057,118.85060515051292,174.44195900912567,17.911653685235358,89.76988818371389,2.4750357508284484,-0.017300248,0.015618498,0.03009856346417023,0.2116343767687749,6.753963228866482,0.604969
6,human6_steppage12/human6_steppage12_SkeletonData2.csv,steppage,12,164.94440129985375,124.87081993804264,179.58740519778476,13.061432889351087,154.04926437555943,122.4987272748557,176.24834053494632,16.788510001531204,90.81873547414132,1.5890492287718272,0.02705545,0.010663948,0.03707784783388057,0.2198978482487051,0.9669719996514914,0.2883439
6,human6_steppage12/human6_steppage12_SkeletonData3.csv,steppage,12,164.93770362342605,134.01459268901104,179.67635804255332,12.595717823849386,149.80184896787512,105.13022849049477,176.54391570910758,20.34207973988276,90.47239207310834,1.9167573565568414,-0.02985443,0.01777329,0.02425994499048789,0.19692915100783276,25.75192186507053,0.49273586
6,human6_steppage12/human6_steppage12_SkeletonData4.csv,steppage,12,164.90031105367655,121.6839625622035,179.55003291516005,12.857543453075087,155.9109131762548,120.65171684823515,177.44952939657557,16.538797468358638,90.80521898155256,1.8810406922092524,0.03298955,0.01416881,0.025638321989575205,0.223832968659022,1.068257804616124,0.4566989
6,human6_steppage12/human6_steppage12_SkeletonData5.csv,steppage,12,168.20113788565249,138.04895336399125,177.88368267829014,10.676318860094886,148.51071366008273,106.09813308368929,176.5685174417818,18.160654248907438,87.9591629236742,1.508589698863304,-0.019136932,0.013708418,0.03508925473192566,0.21944976106199157,30.63565504379362,0.2155199
6,human6_steppage12/human6_steppage12_SkeletonData6.csv,steppage,12,167.36700229735507,128.79521853140108,179.5310347841028,11.87850703444271,153.94053414943295,120.20539222954908,175.05162133415664,17.20239304713898,88.93390134798187,1.4312421724284345,0.028736042,0.009785986,0.030119055590960633,0.1796891230175894,4.110412851905849,0.28405023
6,human6_steppage13/human6_steppage13_SkeletonData1.csv,steppage,13,164.76029190551057,134.9334543108877,179.37820296678737,11.678529975945727,154.4403665927064,116.65854137115434,173.89846406730248,17.94556037295904,89.36631124100687,1.432300297492622,-0.018359063,0.014001582,0.028077192174494888,0.21787646672000982,12.795174040248469,0.097340584
6,human6_steppage13/human6_steppage13_SkeletonData3.csv,steppage,13,166.71717604200407,128.3634376176326,179.34826114379797,11.601908868989257,150.03195556914488,106.26638615082564,175.20250622270453,19.16364587855814,90.83289287003583,1.7170675354475005,-0.030675158,0.016205076,0.02587427650192369,0.18589280101052535,17.951296545713518,0.25029707
6,human6_steppage13/human6_steppage13_SkeletonData4.csv,steppage,13,164.8261674096696,126.15454184587239,179.7455717007276,12.038186084088675,152.4429121304075,121.93518420370775,179.4639691814072,15.58414082581298,90.98265810574883,1.64108459633127,0.025897235,0.011019587,0.02729418047663486,0.23650638704587967,3.9377551228442513,0.6840489
6,human6_steppage13/human6_steppage13_SkeletonData6.csv,steppage,13,163.2098461083626,128.92612416033856,179.11328395264158,13.051392058321618,157.52117764860847,126.40232929665771,179.11288695008406,15.170794182348711,88.82660333880898,1.34565350524878,0.023938049,0.010899387,0.025470700518687578,0.1756218338763323,2.5233978611233283,0.46658993
6,human6_steppage19/human6_steppage19_SkeletonData1.csv,steppage,19,165.01259927316454,134.62255695767104,178.92059626934514,12.703451345993379,155.36596565194998,111.91872643336863,177.98991174363601,21.69011137589618,89.86872662758846,1.3459222464089482,-0.0169641,0.012046761,0.03445628754108082,0.20979935164575114,21.77314599859328,0.22437692
6,human6_steppage19/human6_steppage19_SkeletonData2.csv,steppage,19,161.35754963607482,117.54317105020853,179.3225365201676,15.4407829500362,151.08893952960244,118.55898817155948,175.1452899675859,19.559846639451596,90.67508482201502,1.6903137964172286,0.018680535,0.0116690155,0.029615678798085823,0.1888665663462778,5.193063673932642,0.26912296
6,human6_steppage19/human6_steppage19_SkeletonData3.csv,steppage,19,166.74591348866497,135.18924286555526,178.0386985714694,11.056192968947633,154.1470079467154,116.17801674330993,178.70513762473175,17.793954490554132,91.6767756660174,1.427566462293332,-0.030442983,0.014525338,0.03033575715800796,0.21020143405773098,19.67766517550767,1.130913
6,human6_steppage19/human6_steppage19_SkeletonData4.csv,steppage,19,164.6268976411752,115.45617100680893,178.00693834334655,13.136631084838093,151.18161187008536,117.79120330364755,174.9956015140582,17.245526198956135,91.6031312905639,1.6737611164589914,0.030167626,0.012058742,0.026583369542629985,0.20825067296138164,5.346369126126973,0.96331096
6,human6_steppage19/human6_steppage19_SkeletonData5.csv,steppage,19,162.1268562542475,88.57658041060934,178.92947327938623,15.340840458828094,154.71794215194276,88.77132493560254,177.6107535864532,16.88510826231289,89.40055294004522,1.4254208407158218,-0.02227885,0.0138265025,0.043318166865839586,0.508500124319454,1.5134642179262272,0.46615982
6,human6_steppage19/human6_steppage19_SkeletonData6.csv,steppage,19,159.40786235076095,114.9886828312658,179.39796013316518,16.68734124312846,156.38214528197278,126.26574681133212,176.23999390447096,15.661644422714788,90.14614442361561,1.5187367486886656,0.026259936,0.01191374,0.03228648372445144,0.20126420989076918,14.435030208760537,0.116209984
6,human6_steppage3/human6_steppage3_SkeletonData1.csv,steppage,3,167.2972416173009,138.45573936363164,178.63330018662006,10.07673411710222,150.79541367945643,115.97168874777927,178.03590449956687,20.387411254570686,88.6597463689531,1.3876601495185006,-0.013647772,0.012223016,0.030966755479697267,0.23088882064007182,21.886654928799175,0.5731938
6,human6_steppage3/human6_steppage3_SkeletonData2.csv,steppage,3,164.7992461405906,122.73879330905514,179.15537141734617,13.819561920005617,154.02992476376272,122.52743014913543,172.1229238866507,15.107286689387923,89.12277007262219,1.2849261678021306,0.015845194,0.010724771,0.03856049682366362,0.19430127632120148,6.8210843707757505,0.077185154
6,human6_steppage3/human6_steppage3_SkeletonData3.csv,steppage,3,166.97512559483576,136.59044452762743,178.0933921497876,10.989436082535992,148.4544406413644,108.50482939443135,175.11972039176098,18.168486310417766,90.17947387285147,1.7694564587202442,-0.029521419,0.017523792,0.025537981965905975,0.18347482030413373,25.111943375169446,0.15145516
6,human6_steppage3/human6_steppage3_SkeletonData4.csv,steppage,3,164.25873335531006,95.65654500817514,179.71804069122393,18.644540854503166,151.7977239740054,126.56125400765133,174.54965508676793,14.838006580092195,90.33369569388697,1.8798498224559856,0.030800289,0.011764851,0.033370693319760544,0.21874364782509506,36.07309460393219,0.5949161
6,human6_steppage3/human6_steppage3_SkeletonData5.csv,steppage,3,168.08404083985462,131.21526270374926,179.70574054864485,11.261055002379768,150.85983149435862,117.85856567908233,174.50286412895716,15.618631435498164,88.41318545193867,1.3277137395035397,-0.023726026,0.0144492285,0.037294113763753974,0.2524408162459957,8.15382060497923,0.2908802
6,human6_steppage3/human6_steppage3_SkeletonData6.csv,steppage,3,165.8740390724982,123.96374029421928,179.95493369896602,13.014635915017513,153.00959643135937,126.45123855894379,173.09698965293177,15.40032087744311,89.51951431519196,1.6603154146480663,0.025753874,0.009488403,0.03260706709190289,0.16870462870849262,9.345442310758756,0.19142985
6,human6_steppage4/human6_steppage4_SkeletonData1.csv,steppage,4,165.7029744295519,136.52197134517547,178.24508929004983,10.19010837122484,154.00490735675837,120.24767411866094,176.09394681167728,16.960284610144914,89.4786538167541,1.8818815684340326,-0.010958013,0.014726919,0.029471135479734036,0.23072866129280759,14.123154748141985,0.48414707
6,human6_steppage4/human6_steppage4_SkeletonData2.csv,steppage,4,164.05761204901737,127.58172868984437,178.57695408338435,14.04056914803918,155.71411666109404,122.11470070600423,172.94138888071566,14.920765255911954,89.26915842862536,2.225732851355517,0.019091515,0.010438609,0.03412824213466236,0.1832967092115298,0.168537218828547,0.111227036
6,human6_steppage4/human6_steppage4_SkeletonData3.csv,steppage,4,166.677330399204,136.2037372754228,178.7940722244227,11.29192077920128,153.26085690517144,120.89474816295807,178.19457628495812,15.055759313859287,89.3281887702828,2.4926404889760603,-0.025853084,0.01973231,0.026276630924407123,0.2000143171753175,14.709493173000155,0.30567884
6,human6_steppage4/human6_steppage4_SkeletonData4.csv,steppage,4,166.21172322872496,118.750069264593,179.7031537723491,13.851235631674758,153.79633066246907,125.04058086767296,175.30981628505347,15.146110183067256,89.47099035755589,2.666601600168073,0.036665082,0.013511444,0.03087447594460753,0.2519185196600492,10.683849090375602,0.18306398
6,human6_steppage4/human6_steppage4_SkeletonData5.csv,steppage,4,168.24579704099438,88.5833047266676,179.485553070707,12.187325989103808,146.62715430642854,102.95247134739611,175.17359170175078,17.224411034153853,87.10213456343195,1.7987395598866522,-0.017490711,0.013800533,0.037309488629661776,0.4692953800524021,18.681127989684725,0.14630985
6,human6_steppage4/human6_steppage4_SkeletonData6.csv,steppage,4,165.49070759760153,128.13138200591246,179.22147508038498,13.434504915618742,153.42940529191148,127.07612373286229,176.50107325890815,16.008969125379057,87.68674004593139,2.138460896408994,0.030931758,0.00952212,0.03683336534102819,0.17209762560294925,1.6651435484266557,0.1696701
6,human6_steppage8/human6_steppage8_SkeletonData1.csv,steppage,8,164.13033281933858,131.33415685654137,178.20651424624478,12.816323089692219,151.09043168015486,123.74329870073593,174.8673487239526,15.676492301409077,88.19166011915749,1.7419660335849168,-0.012756601,0.01894359,0.021461485833267943,0.20474207924357055,4.251692633513258,0.5632551
6,human6_steppage8/human6_steppage8_SkeletonData2.csv,steppage,8,164.08268877108668,123.71131014383336,179.80254888929304,13.169194634330744,157.6451060123563,123.75445594070476,174.52581055245466,14.322213163357079,88.79918621559538,2.1116124417000113,0.018160256,0.0073097106,0.03139557770367643,0.17804376820159062,5.3198841337097775,0.580065
6,human6_steppage8/human6_steppage8_SkeletonData3.csv,steppage,8,163.42612639995124,94.60043983347497,176.8601324355549,13.162021406595306,153.28865475067425,98.8774188572443,177.64659390080885,19.388887065090465,88.72139060582289,1.7546524556968015,-0.03091829,0.01944198,0.024515620860873878,0.22565117210033042,3.4905175585153785,0.040974855
6,human6_steppage8/human6_steppage8_SkeletonData4.csv,steppage,8,162.5019033885253,129.2673651960553,179.03353651475766,14.588865491907523,160.0629986219694,125.88415996885361,175.57297480133082,14.55688107854767,88.43516838366372,2.060314676009882,0.028831784,0.012074822,0.021597504796283237,0.19865840107562172,0.07735648622515612,0.7255473
6,human6_steppage8/human6_steppage8_SkeletonData5.csv,steppage,8,166.47925735715273,141.01047326280448,177.8169254424868,9.111188319557211,154.81836131244415,118.29304505088966,174.23677179884027,14.77648631766176,86.23129869887657,1.2252187873317724,-0.017848369,0.0159242,0.041763982140867614,0.7513033084507916,19.137274568268296,0.49390006
6,human6_steppage8/human6_steppage8_SkeletonData6.csv,steppage,8,165.1072999949986,133.92306779673584,179.89630318682646,13.288456202714364,155.91533055636577,119.44380126375293,177.4583061096615,15.369737314962817,86.83265664810656,1.343149037206933,0.028799253,0.011888981,0.024337849018486703,0.16224809024001904,12.04126945581794,0.78829
6,human6_stiff_legged13/human6_stiff_legged13_SkeletonData2.csv,stiff_legged,13,163.986543880119,129.77522148539947,179.67626992057572,14.27928042253178,170.06999015144,158.57847828967877,179.46569877979286,4.383214088984727,88.92745177498983,2.1629910976658873,0.028352376,0.0101693785,0.027873274802946907,0.15112543587357855,29.01382794506216,0.38218403
6,human6_stiff_legged13/human6_stiff_legged13_SkeletonData3.csv,stiff_legged,13,164.4770320728313,130.90119851288514,178.79399566614882,12.143242774711439,159.30332580553164,105.49509402364016,179.6040376415251,17.684236301892426,90.16208644107802,1.7274818992285748,-0.03113243,0.015730936,0.031247022052526333,0.22876343934532864,26.216146464621275,0.47779322
6,human6_stiff_legged13/human6_stiff_legged13_SkeletonData4.csv,stiff_legged,13,161.78366748866443,114.44609323284554,179.69522876229712,17.617494249788034,172.06131431561275,158.84658445358528,179.18499246403454,4.417119946342556,89.31017453560148,1.9460917004877738,0.03252146,0.016283514,0.015498732661279015,0.14528025457204072,44.91072751900232,0.4956758
6,human6_stiff_legged13/human6_stiff_legged13_SkeletonData5.csv,stiff_legged,13,167.05071836407245,136.71322638721455,179.57353636633238,10.157732189391618,161.29363822616517,107.38671553480305,179.53380114465446,15.814960993616518,88.25521918281078,2.1536077587593883,-0.021926234,0.014847863,0.04414649060452278,0.2522890158946211,29.286775630733587,0.41505003
6,human6_stiff_legged13/human6_stiff_legged13_SkeletonData6.csv,stiff_legged,13,169.22479638798566,137.25381442376536,179.70000102574085,11.4249977961153,171.7400612198523,164.76677736505735,179.14388589428646,3.7534254625780195,88.13538596662131,1.891042767310816,0.035465397,0.011980464,0.02822636076997506,0.138470118559494,28.06907807274638,0.53839993
6,human6_stiff_legged16/human6_stiff_legged16_SkeletonData1.csv,stiff_legged,16,164.33571943219528,120.3890074783364,177.60232718122379,12.371730351214813,165.60279495920062,36.039541551328476,176.75802646517607,16.98814827146872,88.3117622657236,2.4663209271907376,-0.016244354,0.019068453,0.03152809534314204,0.32276039267171136,83.5051652109602,0.7225168
6,human6_stiff_legged16/human6_stiff_legged16_SkeletonData2.csv,stiff_legged,16,164.51486560604027,128.56701730415068,179.1578517626768,14.973786197244554,169.27363990696577,161.11394289201903,177.39275449723425,3.9193691283336816,89.45733347031147,1.4687704808555595,0.025806786,0.015132175,0.030221490063987874,0.15363102403899825,34.31202285331091,0.172055
6,human6_stiff_legged16/human6_stiff_legged16_SkeletonData3.csv,stiff_legged,16,165.16731434646917,128.614042099658,179.22899051131412,11.322441238456786,164.87192027891496,139.5425929555471,178.4288087171267,11.488801166073111,89.37016560078762,2.135168594697324,-0.02406882,0.021331938,0.03161522672993099,0.20137378177358026,11.728732650076495,0.10646701
6,human6_stiff_legged16/human6_stiff_legged16_SkeletonData4.csv,stiff_legged,16,164.87896989428714,131.72172023379056,179.49237370609413,13.280061524965387,171.99498861372024,163.36880888463074,179.72294187007952,4.0069680192743,89.08336987643982,1.9965452192353574,0.037659448,0.009749115,0.024070961648203024,0.15709456414810094,31.41652048685478,0.32995892
6,human6_stiff_legged16/human6_stiff_legged16_SkeletonData5.csv,stiff_legged,16,165.8463938234466,133.92935954367368,178.5028654556306,12.799232796925441,158.40184619144117,102.97025051475686,178.91689414565226,19.7651920436485,88.40715559453139,1.5719107905965746,-0.025000032,0.013876614,0.03860098086275116,0.20142061857331175,31.373137718938494,0.23444009
6,human6_stiff_legged16/human6_stiff_legged16_SkeletonData6.csv,stiff_legged,16,167.8259872744628,132.60045956574277,179.78997605331034,12.801086689745624,169.81104007068353,160.72575908768303,177.77655001856883,4.170551655721869,88.63819995634695,1.4913939488373364,0.029695693,0.010971594,0.022052154339535748,0.14128577786816268,30.138725556681777,0.27968
6,human6_stiff_legged17/human6_stiff_legged17_SkeletonData1.csv,stiff_legged,17,164.2484747015628,131.2805107900106,178.76360251169604,13.392504373865716,163.15056601917752,138.98676614931946,176.89547082577548,9.687312571144423,88.69442782327239,1.70280178791017,-0.024384545,0.016570074,0.028985596595337962,0.22772831976272373,9.574387045229429,0.4101708
6,human6_stiff_legged17/human6_stiff_legged17_SkeletonData2.csv,stiff_legged,17,162.4260161236183,128.6240965193143,179.55272281733045,15.764874871640842,167.8951609379181,157.83598879392986,179.10364224654666,4.748933797295818,89.27440587131896,1.7022154650487153,0.014643205,0.011475228,0.03482858929126778,0.17073106167455074,29.660972845399357,0.30752993
6,human6_stiff_legged17/human6_stiff_legged17_SkeletonData3.csv,stiff_legged,17,164.41118300179284,126.7812761309042,178.19922279101047,13.501401476472449,164.29572959644085,144.69688721032549,177.74436001471767,8.043550875209469,90.1819872619037,2.1855460976477805,-0.035991356,0.017173551,0.03250562014094624,0.22340264126502685,18.37047385571408,0.1128211
6,human6_stiff_legged17/human6_stiff_legged17_SkeletonData4.csv,stiff_legged,17,165.06055988237756,129.0716670705079,179.73723221061184,14.222167774158745,170.19606528191645,159.5382422750305,178.9926510350899,5.04424169345097,89.52585245195323,1.628071284967421,0.032281976,0.020745208,0.023000996296049556,0.17817485579376727,31.211156380044542,0.2518649
6,human6_stiff_legged17/human6_stiff_legged17_SkeletonData5.csv,stiff_legged,17,163.5706717770892,124.06012726792696,178.75066321689917,13.438920715343123,160.32684705036584,108.80657805059478,179.54552307573908,14.583267348690129,88.42205441493988,2.01650032916676,-0.026307682,0.016741155,0.039527974526524234,0.333902518264122,16.048409076172092,0.45416975
6,human6_stiff_legged17/human6_stiff_legged17_SkeletonData6.csv,stiff_legged,17,167.49988318821576,136.77460625287168,178.64619023878012,11.850281237171394,170.10457441594946,160.6556095497875,179.1539955703412,4.727594120812706,88.51719445060209,2.202949922118053,0.026561094,0.013086754,0.023170047960342728,0.15306154846012698,23.373197965354734,0.39098382
6,human6_stiff_legged19/human6_stiff_legged19_SkeletonData1.csv,stiff_legged,19,164.67701086881488,134.15249552352626,178.21191238695224,11.788775229471634,159.52217389365947,118.2870036191424,174.67919177256096,9.440923131702377,87.76541010597418,2.480997536773293,-0.016367456,0.0203244,0.03131275294185258,0.5269539744830795,12.332771289992579,0.5333719
6,human6_stiff_legged19/human6_stiff_legged19_SkeletonData2.csv,stiff_legged,19,161.58648917952738,125.8595100779055,179.6958994501103,15.772206303897734,166.34466170637043,157.91473718229176,179.66198850603877,4.71989174104758,88.63273645385345,2.5195023219822454,0.023720238,0.015324984,0.02413320297274753,0.1575784420293128,32.089138048457784,0.64884996
6,human6_stiff_legged19/human6_stiff_legged19_SkeletonData3.csv,stiff_legged,19,162.97019121528373,127.20626817941606,178.55168696413935,13.975510069595957,155.55585319617524,96.50455864300895,176.18061833453933,18.244168572396035,90.51571633730055,2.9780197687067655,-0.024703808,0.01746116,0.03322972730639227,0.2660167273939861,28.33064090680709,0.30972314
6,human6_stiff_legged19/human6_stiff_legged19_SkeletonData4.csv,stiff_legged,19,161.5996893600076,119.2557048640492,179.31328391920766,18.369103552105408,169.96936120196426,157.80166042222822,178.99257943124383,4.959834460941662,89.44731055087233,2.4946318889516403,0.040439215,0.013178076,0.022970989775843453,0.17160935741918676,38.866660046142854,0.10086298
6,human6_stiff_legged19/human6_stiff_legged19_SkeletonData5.csv,stiff_legged,19,164.4734684668808,133.77510703441723,179.03163132192876,12.641035592332432,160.55268230819573,131.08605136330638,177.20227000151635,8.493079863632786,87.72992866738501,1.8595809085367088,-0.021615604,0.014964382,0.022225239335878118,0.22712899573094494,0.8596943506984474,0.4561391
6,human6_stiff_legged19/human6_stiff_legged19_SkeletonData6.csv,stiff_legged,19,167.21495991663264,135.61749892443936,178.81777719082314,12.728454189280487,167.89123171804215,158.24184706535382,177.4812117682577,4.416951879858764,87.74638527471487,1.821295146381556,0.030852051,0.010585733,0.04351201295815521,0.15670830661670082,23.96091356347989,0.21770382
6,human6_stiff_legged20/human6_stiff_legged20_SkeletonData1.csv,stiff_legged,20,163.3692053587643,124.05457442261611,178.36798088848192,14.199471367883175,161.13919722763072,132.99445123424752,175.77186753055588,10.316659188341273,89.61140468910982,2.2893781079089055,-0.023880411,0.014943363,0.032065928928320976,0.21646956892189115,11.53599016955745,0.51783514
6,human6_stiff_legged20/human6_stiff_legged20_SkeletonData2.csv,stiff_legged,20,163.58483853823842,128.9434175807762,178.68038690364355,15.037370522084881,166.7770166376795,159.10752582073343,176.81521950198666,4.539111441913658,89.55016235354063,2.1001653127006086,0.018300673,0.016688121,0.028303873277709904,0.15035994997318392,32.029275641614106,0.615576
6,human6_stiff_legged20/human6_stiff_legged20_SkeletonData3.csv,stiff_legged,20,162.05666714803493,128.45132777349485,177.97642118465123,13.6015219573107,160.43109325319082,107.20793579337435,178.24144947107342,17.317404874535548,90.56150829901195,2.260777261939904,-0.03367777,0.01757598,0.027561784861738815,0.20042642131833177,21.5084202665427,0.397233
6,human6_stiff_legged20/human6_stiff_legged20_SkeletonData4.csv,stiff_legged,20,164.61274094488297,124.90206911994562,179.32381624973772,14.399362696969396,170.77350940926277,160.17655719072414,178.06292522736075,4.351160219276488,90.0397372662491,2.0610611415083677,0.029034456,0.013182486,0.0241504758180757,0.19036860790791615,36.535379093155484,0.46920395
6,human6_stiff_legged20/human6_stiff_legged20_SkeletonData5.csv,stiff_legged,20,165.6272942281372,136.73781416203133,178.4238603163755,10.399769199310656,159.55637719959242,113.38498134724688,178.6334948422895,17.034995987296696,89.16168741175828,1.8487012731928165,-0.026988702,0.012676233,0.03567205874861307,0.2053507697899297,23.562467340698447,0.23991013
6,human6_stiff_legged20/human6_stiff_legged20_SkeletonData6.csv,stiff_legged,20,167.48028798896826,133.3588086197897,179.24051591591396,11.927298497540836,171.34698378238764,161.66631657217468,179.0257433039908,4.636924145224204,89.55468150405471,1.8218950638900613,0.028972525,0.015769707,0.028379403568609886,0.1471276397632211,28.522280564308147,0.47690988
6,human6_stiff_legged4/human6_stiff_legged4_SkeletonData1.csv,stiff_legged,4,164.525889762511,133.93082944598328,178.8113887413231,10.703944919740243,165.9254897220375,137.58145527899362,178.9303631235747,10.976910276635495,89.46946601071413,1.9109712448134808,-0.020491207,0.015252297,0.03581181107504734,0.26454937230440606,3.531651450758744,0.33853197
6,human6_stiff_legged4/human6_stiff_legged4_SkeletonData2.csv,stiff_legged,4,164.9260673569144,125.34665360293866,178.70355223641317,13.195706150494232,168.6791627511924,154.7195116916758,176.9004961653962,4.371661878207522,89.55876102792564,1.991512657602975,0.02905051,0.011891731,0.027247614564719424,0.1454548120290992,31.175914159754115,0.48889995
6,human6_stiff_legged4/human6_stiff_legged4_SkeletonData3.csv,stiff_legged,4,162.94130299633036,130.20329571247134,179.18924261044447,12.721679083888917,166.729558269142,128.4060860334977,179.33108285661345,11.797257046869639,90.64183863404001,1.8517475710814355,-0.035432618,0.018550556,0.031215247572940284,0.24970763772903629,1.9390499251426263,0.63822603
6,human6_stiff_legged4/human6_stiff_legged4_SkeletonData4.csv,stiff_legged,4,164.01039837325314,121.64079267851683,179.1439872117174,14.862730956606184,170.2709414826313,158.8185975435402,177.61467832054694,3.8813434552969177,89.85677385805899,1.7420546354311328,0.038365,0.01564999,0.024555455985564793,0.16925394951005882,38.707113756193806,0.5524051
6,human6_stiff_legged4/human6_stiff_legged4_SkeletonData5.csv,stiff_legged,4,166.08391856985412,138.19971674672246,178.88423128411856,9.715486369505648,162.15634970019843,116.46486095085146,179.65111126114894,17.424636396786138,87.68668468272155,1.6711348960431078,-0.023167305,0.012607864,0.043187825780346516,0.208067642043486,22.501735772901384,0.5083201
6,human6_stiff_legged4/human6_stiff_legged4_SkeletonData6.csv,stiff_legged,4,169.78629747798792,141.91981053184497,179.01526495089553,9.101997079122558,171.44724691250926,158.7844541660067,178.97576270409076,4.444103585916842,87.71238521480981,1.5664489406709141,0.03909254,0.013626207,0.022748056700629647,0.143733197857074,16.904145880966496,0.5318601
6,human6_stiff_legged5/human6_stiff_legged5_SkeletonData1.csv,stiff_legged,5,164.5356218354637,136.0036369877866,178.25947104464112,10.638274279621859,165.41845467793402,123.81598859383601,178.52957382243693,12.653335303373085,88.84428675307974,1.8960419517204112,-0.013518101,0.013290397,0.03248092792096214,0.21244062373640385,12.457751171746395,0.016772747
6,human6_stiff_legged5/human6_stiff_legged5_SkeletonData2.csv,stiff_legged,5,165.3993499385054,140.343657573833,179.60660051407646,11.723468976749972,167.9602714332764,158.80802787192462,176.16001581237452,3.577690028005194,88.6313477667658,1.280215591003097,0.02875691,0.01574675,0.035837248530402654,0.15951035621554233,21.910954999793546,0.014855862
6,human6_stiff_legged5/human6_stiff_legged5_SkeletonData3.csv,stiff_legged,5,166.6154482270047,132.8381936732164,178.65498219454392,10.045154182758736,160.92234918989834,98.6683426815052,178.95125963877072,20.983022176833654,88.98890792126218,2.058313822408901,-0.026616085,0.017919049,0.0350479207629779,0.23951282217095404,34.46612843593802,0.72773314
6,human6_stiff_legged5/human6_stiff_legged5_SkeletonData4.csv,stiff_legged,5,165.43841492185186,128.4025555320244,177.6824348701382,12.201589240416832,170.55998099141468,160.16263473903163,179.0947704580305,4.545668508017194,88.10746644537612,1.6961394063877195,0.038488623,0.014028533,0.01982944824309116,0.14929516008508184,30.347743619114937,0.57718515
6,human6_stiff_legged5/human6_stiff_legged5_SkeletonData5.csv,stiff_legged,5,162.48732323319703,135.31624836580798,179.2066199908356,12.459576834548127,163.05322052489697,10.352830732994024,178.7342624094936,27.53334522364721,86.5874607698953,1.8596881629871773,-0.013861472,0.012361457,0.04807108780069697,0.26185219999780657,124.49106005147195,0.23020983
6,human6_stiff_legged5/human6_stiff_legged5_SkeletonData6.csv,stiff_legged,5,162.33270052767278,112.34348299600619,179.8648449367663,17.090796004074793,172.14887380486846,163.1197932007366,179.23826819864794,3.040110105809382,87.0798584456634,2.1578708665279036,0.039326202,0.014138401,0.023092691798331986,0.16791938519785915,51.40288694284878,0.18201995
6,human6_stiff_legged9/human6_stiff_legged9_SkeletonData2.csv,stiff_legged,9,165.04040424450312,129.57430659759447,178.97723969788046,13.213418781284295,169.28947394183868,160.18647284672426,177.2710247388491,3.7161424972296144,89.37506347146724,1.5919918264336648,0.03025892,0.014387595,0.022231533894646733,0.15516828291776238,32.318381208161156,0.11858082
6,human6_stiff_legged9/human6_stiff_legged9_SkeletonData3.csv,stiff_legged,9,164.13713999393445,126.01986339794685,178.4286189737997,11.082414262327589,167.79784304307464,137.99159838001458,179.88401919076617,10.937336443599525,89.52391310911557,2.4154775045087553,-0.036105026,0.022301016,0.027053735035403495,0.18975950430903357,10.516334765101263,0.10979295
6,human6_stiff_legged9/human6_stiff_legged9_SkeletonData4.csv,stiff_legged,9,166.77646673193206,125.69529193310098,179.46097221573166,12.75690119635901,169.84099457984436,151.8180691155424,178.68143058425932,5.569396323217035,88.94905141577308,2.0511148357298588,0.034097046,0.014117424,0.019420605738788194,0.15689294124343287,26.90231881391375,0.5056479
6,human6_stiff_legged9/human6_stiff_legged9_SkeletonData6.csv,stiff_legged,9,166.47324764709776,131.81082421007758,178.8779400306514,11.637667808944727,170.1983550561671,157.12508245854968,178.24721555072875,4.872955066850314,88.68417134339465,2.0411283056211573,0.032826222,0.012839301,0.014191602102748354,0.14524186619282906,25.944982728394734,0.27859998
6,human6_trendelenburg1/human6_trendelenburg1_SkeletonData1.csv,trendelenburg,1,162.6235203462249,138.81895883306234,176.78277270189474,11.358944680435927,159.55046057347604,128.79067560097633,176.93928449041545,9.885208348307088,89.92574581613829,1.713757745842065,-0.026648315,0.018956777,0.04895273610586138,0.2394914813492253,10.184795020606714,0.91541505
6,human6_trendelenburg1/human6_trendelenburg1_SkeletonData2.csv,trendelenburg,1,165.6840614584447,139.65096742916595,179.7461838287719,11.681490993941535,164.07232996011024,142.94534299517775,177.29141253621708,6.812074460524939,90.53683859444368,1.6790182967315659,0.020197343,0.012535475,0.033386298393429624,0.18431374031993517,5.7491468585666325,0.67950964
6,human6_trendelenburg1/human6_trendelenburg1_SkeletonData3.csv,trendelenburg,1,162.7886874287871,137.5302675431058,179.8049011587475,12.004491563604146,160.9151762112597,133.4429084702948,178.8828067971156,9.565573400496385,90.41885246323355,1.9652235720628874,-0.039066754,0.017668488,0.03664130019122997,0.2174491383665022,3.165264711179077,0.15511727
6,human6_trendelenburg1/human6_trendelenburg1_SkeletonData4.csv,trendelenburg,1,164.34316148193653,131.33157926524405,179.67981008187743,12.429718663903598,162.94597684876038,135.17305893436287,176.13877711503378,8.436480869404058,90.43914968194767,1.9629916947709771,0.018700395,0.013846603,0.0410666967190311,0.1941918835255777,7.382512635962485,0.043778658
6,human6_trendelenburg1/human6_trendelenburg1_SkeletonData5.csv,trendelenburg,1,161.16743382792316,135.39440901144056,179.03387266256817,12.76986960673654,164.13139193506254,131.246469814833,179.03733568560259,9.36433111620719,87.81651943741163,1.663524015154216,-0.030636862,0.013782361,0.07045158905776709,0.17213334989087803,4.151402219641966,0.28604007
6,human6_trendelenburg1/human6_trendelenburg1_SkeletonData6.csv,trendelenburg,1,164.65318754599986,136.25983016354368,179.36791098184335,11.916692171682381,163.5223685755723,136.9779030704735,178.68230238549998,8.631243030929776,88.7688116046215,1.8090980532266483,0.017838275,0.011313763,0.03979076090974177,0.16042986555327662,1.4036815032731909,0.18274021
6,human6_trendelenburg10/human6_trendelenburg10_SkeletonData1.csv,trendelenburg,10,160.2371413719168,132.74325258797165,178.7913586804739,14.313143785729366,159.46711643640668,128.99366770125545,179.09828786412427,10.977429787978721,88.7152924500992,1.999291253594299,-0.030736241,0.018477922,0.042127310634881454,0.19420068628579643,4.056514070366575,0.7428771
6,human6_trendelenburg10/human6_trendelenburg10_SkeletonData2.csv,trendelenburg,10,160.75891871625896,129.11064307251735,179.2961875256559,12.635288537840179,161.30513846643058,140.95983181939405,172.3520542423283,6.605863805392091,89.78570670894294,2.182731248083773,0.0001554928,0.009655942,0.032836722646309414,0.1605965855127484,18.79332203020431,0.48211884
6,human6_trendelenburg10/human6_trendelenburg10_SkeletonData3.csv,trendelenburg,10,161.93465500773584,123.13628361523315,178.0899519919453,14.670718398298101,162.85833813217724,135.628726050644,178.93238073705498,10.204068774064575,90.01754533721073,1.984499526949781,-0.042273864,0.017274735,0.030284421184586383,0.21181121011029638,11.65001369030115,0.206465
6,human6_trendelenburg10/human6_trendelenburg10_SkeletonData4.csv,trendelenburg,10,165.39656605706747,136.8914031617447,179.6167365414699,12.060091687153035,163.60345677157906,137.20112798583804,178.6240389270341,9.794982101820256,90.28066660403181,1.9855652883439838,0.017942896,0.01468406,0.032602315797975394,0.21931080973857758,1.3024224385291348,0.4277289
6,human6_trendelenburg10/human6_trendelenburg10_SkeletonData5.csv,trendelenburg,10,162.24601989008787,129.68066481231241,179.2896001731271,15.668555787802664,163.79382639316978,140.78958497904864,178.45880847848866,8.644019139040424,88.26040773954428,1.7155612289566269,-0.030246794,0.010525459,0.0488159710537996,0.15149702954368693,11.939711861374661,0.014370203
6,human6_trendelenburg10/human6_trendelenburg10_SkeletonData6.csv,trendelenburg,10,164.49160879017668,131.96534108551432,179.57401553794702,13.6723609333165,164.22224120706136,140.70417972503864,176.76637643728816,8.078299634420016,89.36273158997913,1.6936527401947472,0.016082184,0.012463401,0.0298578347513638,0.1427309709806017,11.546477740183178,0.043720007
6,human6_trendelenburg11/human6_trendelenburg11_SkeletonData1.csv,trendelenburg,11,162.11291816732057,125.8439524707502,178.9810381024594,13.482729389934015,161.32196611992478,133.45849630751889,179.30036381608087,10.436906438173285,88.70115287133953,1.9421304248029967,-0.025534254,0.015420388,0.04015725301388306,0.20032480834220726,7.295218123147208,0.27524877
6,human6_trendelenburg11/human6_trendelenburg11_SkeletonData2.csv,trendelenburg,11,164.47298513958532,136.6494238742241,179.84770595052788,11.422831434049796,160.2367065493981,140.0579535907543,173.34635849296325,7.994175861268837,90.26902508486504,1.8308050592527447,0.0005882731,0.008497782,0.027739266338201205,0.16106871539138382,9.909877174094817,0.45233703
6,human6_trendelenburg11/human6_trendelenburg11_SkeletonData3.csv,trendelenburg,11,161.91194645901447,129.96534863456884,178.98887765627887,13.922346898866655,160.7681772891979,123.71550803634095,179.36870614609538,12.85055847083468,89.90707167140151,1.5863461601459046,-0.04394952,0.017265199,0.0331191650673393,0.2631849266757606,6.629669088044395,0.24752402
6,human6_trendelenburg11/human6_trendelenburg11_SkeletonData4.csv,trendelenburg,11,164.0223190726485,128.42029461091147,179.335708545593,13.303644425788946,162.93479502314727,134.7566141972547,175.6473037432395,8.658607944094356,90.07937743696282,1.8699341660526068,0.017638654,0.013932138,0.026407512504075997,0.18894198767847745,10.02472438869674,0.038408995
6,human6_trendelenburg11/human6_trendelenburg11_SkeletonData5.csv,trendelenburg,11,163.28522951934616,129.46567288267133,178.99824250541872,13.968169344381979,156.7996783043364,125.11251902393086,178.32534838147535,13.514957527794255,88.29427948958877,2.0375685347057453,-0.029879669,0.009004053,0.03610832775035693,0.17603515423571764,3.6802597347971044,0.22132015
6,human6_trendelenburg11/human6_trendelenburg11_SkeletonData6.csv,trendelenburg,11,163.45945675998334,68.1708137197518,179.2801191473758,16.304107952792315,164.63579234505335,142.41469116790287,177.17474494542492,8.317954422948482,89.35799232871211,2.0483359423282668,0.014989263,0.012498839,0.028213249254366326,0.1507082829307447,76.34925165010196,0.106600046
6,human6_trendelenburg18/human6_trendelenburg18_SkeletonData1.csv,trendelenburg,18,162.8651197176577,120.76140703135547,179.15329086102543,14.905749037627697,155.00757224426087,77.90210544424727,179.83775610776908,22.169109361243386,89.48817382435735,2.448049764222997,-0.031836953,0.017398976,0.04784054136265628,0.21407982222613747,43.54376683385186,0.19131088
6,human6_trendelenburg18/human6_trendelenburg18_SkeletonData2.csv,trendelenburg,18,161.11434597837476,129.13580086125123,179.62886695234374,14.9337743096082,164.45020680770753,140.20284964870854,178.77327888704158,8.022412642998095,90.76478238912385,2.0995154087538057,-0.001896059,0.009900678,0.03271175367103666,0.15303871651344098,11.922636852759467,0.27510095
6,human6_trendelenburg18/human6_trendelenburg18_SkeletonData3.csv,trendelenburg,18,162.40458412775033,131.06612507399038,179.24312104245777,13.980749450968807,163.72338199685285,129.32702691420332,179.4543336137302,11.144884861759534,90.9790195564857,1.104283663198206,-0.046866473,0.017528284,0.03804842229472527,0.19729983640188614,1.9503107310594885,0.12897491
6,human6_trendelenburg18/human6_trendelenburg18_SkeletonData4.csv,trendelenburg,18,163.0652479709367,125.41540817642256,179.12462317839538,14.755330166738384,167.63990659303897,137.15841639412812,178.9214356507814,8.741786954991897,91.11719934515553,1.6376199086161831,0.015620636,0.014591583,0.030069706657512456,0.14738145246871198,11.946195745319542,0.07592392
6,human6_trendelenburg18/human6_trendelenburg18_SkeletonData5.csv,trendelenburg,18,163.8744442651137,133.74970664483902,179.59020665642515,14.305676946263425,162.8665664820393,119.73483458464366,178.85840229416462,12.350720846322886,88.03497622342734,1.8822987989196123,-0.035331197,0.013861949,0.04841994551120168,0.1567706288920198,13.283067697934825,0.07827997
6,human6_trendelenburg18/human6_trendelenburg18_SkeletonData6.csv,trendelenburg,18,165.409130045245,133.84952412168315,178.9940483044295,12.315492933299161,166.47815387711563,143.9851000390118,177.02370463516678,7.993058968040293,89.04435618028616,2.020224037849575,0.013412609,0.013153689,0.027664771426721406,0.15339945861349955,12.10591958659137,0.4725101
6,human6_trendelenburg19/human6_trendelenburg19_SkeletonData1.csv,trendelenburg,19,161.30165358960153,131.8428923966011,178.55722373403273,14.888115390749062,158.4134369010221,126.75257586741189,179.37220840037887,11.514549400218527,88.49018956164248,1.977232137830467,-0.019933755,0.018937893,0.0489073026573099,0.188578095656401,5.90530119553533,0.6921532
6,human6_trendelenburg19/human6_trendelenburg19_SkeletonData2.csv,trendelenburg,19,160.93828058321864,129.2619202246758,179.04372184630094,15.456651957404208,163.74807293388727,145.91203266396337,173.43374751757716,5.3483221315471,89.48241062217515,1.9616053778774583,0.0034235267,0.00903713,0.02998787753839724,0.14621212380395637,22.260086768011348,0.39259303
6,human6_trendelenburg19/human6_trendelenburg19_SkeletonData3.csv,trendelenburg,19,159.8524947731786,124.51756643397161,179.73198272022282,15.49529868312225,156.2939856251554,108.67029170405759,179.47485099018866,18.154797836519084,90.9392888532481,2.247539731384736,-0.04248774,0.020360531,0.030922763285422896,0.1931993839726658,15.590142999879859,0.35795403
6,human6_trendelenburg19/human6_trendelenburg19_SkeletonData4.csv,trendelenburg,19,162.72574088883624,125.86105015397511,179.32125064266097,13.75584705599767,164.95784003464237,137.93844272855674,178.8084197885676,7.905303059396692,90.87497677482403,2.192477018732512,0.018845549,0.0138173755,0.036592938807033494,0.1684391752643773,12.590223428675003,0.32090807
6,human6_trendelenburg19/human6_trendelenburg19_SkeletonData5.csv,trendelenburg,19,160.8553311238346,123.72716761137318,179.3638924909993,15.77039273729095,162.95742966019793,137.5985432198535,178.10041368431365,8.656265982528238,89.4010676606222,1.4747270090032727,-0.034401532,0.012065912,0.03801203090208765,0.16943950038069325,15.134854415165961,0.22640991
6,human6_trendelenburg19/human6_trendelenburg19_SkeletonData6.csv,trendelenburg,19,160.98596301356005,129.80776578255964,179.7079562413995,14.342206919406234,165.38460550138032,131.09149182821005,178.78664329020117,7.705691211406459,90.35902348025931,1.8377720235688892,0.016724687,0.013614856,0.028111275667089774,0.17191445594362886,2.2050389968487423,0.3381102
6,human6_trendelenburg4/human6_trendelenburg4_SkeletonData2.csv,trendelenburg,4,164.2205427491794,139.36102886398552,179.11560360227847,11.722318225297764,161.20422165517007,141.51207044730964,177.24810760627187,8.480471411343606,89.63099540483675,2.6520080718582997,0.011149267,0.011088524,0.03827630312332136,0.18214283249578397,4.018537579330712,0.599298
6,human6_trendelenburg4/human6_trendelenburg4_SkeletonData3.csv,trendelenburg,4,160.51547279307277,132.8174759904373,179.6723820858059,13.087597462552196,161.62003915465883,133.70462938794554,178.05165457900986,9.666619002204582,90.05990303417198,2.0572786336219466,-0.04004236,0.014735193,0.04569589796402151,0.23324692292670582,2.507880904304301,0.087548256
6,human6_trendelenburg4/human6_trendelenburg4_SkeletonData4.csv,trendelenburg,4,160.59227583615657,125.14037789137869,179.68921864677517,13.80485244792297,162.41121886151723,135.95772463091183,175.9539726130281,8.16357600138846,89.8537278724771,2.370081519287725,0.01729267,0.0129013,0.03279484344723734,0.19167769624153458,14.55259277328021,0.07470226
6,human6_trendelenburg4/human6_trendelenburg4_SkeletonData5.csv,trendelenburg,4,161.33768122876333,137.5494465085655,177.82570497758982,12.181478823210817,161.86142237745275,142.87354881077025,178.88155934679463,8.396893884921663,87.92135570420292,1.9973144806908933,-0.028910108,0.013649612,0.046932794173926956,0.1821111161609553,4.268247932999941,0.12152982
6,human6_trendelenburg4/human6_trendelenburg4_SkeletonData6.csv,trendelenburg,4,164.86003254284353,134.9177060094202,179.11084957139937,12.06649497531229,164.4575384003702,142.94783157391163,177.02664537468678,8.091028351046269,89.02518023253351,2.090746032933421,0.017860612,0.011406984,0.038889799642449305,0.1654150112174764,10.114329761204033,0.033599854
6,human6_trendelenburg5/human6_trendelenburg5_SkeletonData1.csv,trendelenburg,5,161.45058293079683,129.9515103625361,177.02603327452024,14.219739297460542,157.45321902584152,124.04523546907025,177.8248799429162,12.87229813278847,89.31219788832514,1.8717039714912893,-0.027486417,0.021424402,0.04351220308986657,0.20061773315707032,6.705121561861816,0.82043767
6,human6_trendelenburg5/human6_trendelenburg5_SkeletonData2.csv,trendelenburg,5,159.2424864765104,120.24432312060195,177.83911434618383,17.553081457024113,162.36298514296564,141.86410726353492,172.32577592179064,6.43016229179942,89.57177753197826,2.307314293271224,0.01136711,0.010879237,0.03670606722133354,0.18540302651900742,27.13312256732617,0.4852842
6,human6_trendelenburg5/human6_trendelenburg5_SkeletonData3.csv,trendelenburg,5,161.4292602217011,135.15272334047728,178.5472676110137,12.465946103730003,158.91044336783537,119.98762707519063,176.77064830566837,13.137326141877368,90.66674549302614,2.1582899797743704,-0.043829866,0.015930738,0.04072432122143738,0.1966262920786154,13.388476959941329,0.3558483
6,human6_trendelenburg5/human6_trendelenburg5_SkeletonData4.csv,trendelenburg,5,163.41210075766548,135.85405310336444,178.72304176688468,11.257219234007891,161.3334737959105,134.97486509487064,177.9559291971847,10.084344061513994,90.57606094330886,2.219588195350168,0.016397776,0.016895544,0.03398334003553492,0.18733527591081098,0.11207543879382342,0.40159678
6,human6_trendelenburg5/human6_trendelenburg5_SkeletonData5.csv,trendelenburg,5,159.99194588935023,127.93546652562853,177.700999962113,13.534123897279986,162.75193507467898,140.04085803832936,178.4629641459249,9.030329064035998,88.36717478223815,1.7116485926302398,-0.033180997,0.011157051,0.04316719142334313,0.17262125315096583,11.343427328888936,0.29893994
6,human6_trendelenburg5/human6_trendelenburg5_SkeletonData6.csv,trendelenburg,5,164.70109970247879,138.6972707652172,178.5483322110062,10.38317144844084,162.09424035704845,130.49312922645254,177.38365243354292,9.32541361027799,89.59411392030304,1.916187996670511,0.014110424,0.01181028,0.03183268855154122,0.16545736603530925,7.039461761301396,0.1059649
6,human6_trendelenburg9/human6_trendelenburg9_SkeletonData1.csv,trendelenburg,9,159.66141667583656,127.77017179166391,178.41045479925057,15.196849084331117,159.53530294894188,126.47983273499788,178.64700129571662,11.46519837728775,88.0180703499038,1.8630173430119064,-0.025318671,0.02312514,0.042379906273929936,0.19031164089424568,1.5268855531320753,0.70265687
6,human6_trendelenburg9/human6_trendelenburg9_SkeletonData2.csv,trendelenburg,9,160.8960547647473,124.97479862235575,178.82119838513444,13.545620785217125,161.24552059624705,140.32462594962342,172.52149157013937,7.1705815647465245,88.97916571552827,2.2708341344039096,0.004866267,0.0095105395,0.033560952953995256,0.15652538477936798,21.649534142262738,0.44361997
6,human6_trendelenburg9/human6_trendelenburg9_SkeletonData3.csv,trendelenburg,9,161.07119316755,126.07919207249108,179.41457076142507,15.186805563314033,161.7452286778395,119.83798646878216,179.3966721850605,10.86347555313263,90.19505530648377,2.4158219446962317,-0.047256242,0.020337049,0.034854853581808745,0.21651737218230824,6.223307027344362,0.24663901
6,human6_trendelenburg9/human6_trendelenburg9_SkeletonData4.csv,trendelenburg,9,165.22871373870117,137.75598751023574,179.587702885704,11.593843067682673,163.23248366638586,135.39507406624895,178.44155696874836,9.320312598503339,90.46723256332633,2.654284760545512,0.015527899,0.01577718,0.04394157921462378,0.20679631283775107,1.2147675270311424,0.2711811
6,human6_trendelenburg9/human6_trendelenburg9_SkeletonData5.csv,trendelenburg,9,163.6178254910292,123.45379330097242,179.4940695129843,14.941123758038449,163.50382330943395,138.09202970499328,177.93921693615795,8.82028362321231,88.2608352392017,2.109950225659126,-0.030846773,0.011312464,0.04231601597387968,0.15134275833911082,16.19308898084722,0.23847008
6,human6_trendelenburg9/human6_trendelenburg9_SkeletonData6.csv,trendelenburg,9,162.68097781268034,116.28346088121772,179.1082011670421,15.281001173701444,165.52783259697472,138.2543764591644,178.56131596571373,9.112384434555501,89.65046254914483,2.2033086937781134,0.01808978,0.01491258,0.034313387809775886,0.14861524180563207,22.51780077927505,0.22099996
7,human7_antalgic10/human7_antalgic10_SkeletonData1.csv,antalgic,10,164.0545962803312,140.90237507721451,177.1286838664926,7.388449831124932,154.92756246769775,121.25503141259392,177.49864810252456,12.133303502304717,88.68230922416713,2.822619876663336,-0.01101209,0.011729158,0.039326237463730464,0.2761389004288115,20.017307900652554,0.3365636
7,human7_antalgic10/human7_antalgic10_SkeletonData2.csv,antalgic,10,167.22951761602235,138.56198096303046,179.07758185019466,11.643222596930599,152.6934885927328,132.24419708504257,170.443050290166,11.435553401561705,89.41479163572168,1.9288564230208383,0.005721701,0.007986996,0.06176537101654594,0.18743162526476953,2.3167476820407558,0.35555196
7,human7_antalgic10/human7_antalgic10_SkeletonData3.csv,antalgic,10,163.1014139811653,131.94951831516042,176.26239315503003,10.201287926460704,158.13086735445947,124.0785702952733,179.2409048216757,10.90356484723998,89.00761078730955,1.891549742103563,-0.017263377,0.011976587,0.04052066968755276,0.17625393356265057,10.84945968653281,0.029641151
7,human7_antalgic10/human7_antalgic10_SkeletonData4.csv,antalgic,10,168.70345949009672,131.6463957524939,179.30299308309313,12.500704602899257,154.9182165505519,136.8105634153033,171.25736580886723,10.402292200642604,88.76951573849104,1.8959181250339068,0.029481579,0.014758933,0.0437533674559947,0.21293753937778864,13.209794937035298,0.28064108
7,human7_antalgic10/human7_antalgic10_SkeletonData5.csv,antalgic,10,163.98122533652196,130.9397004758914,175.52863984521406,10.570418144902726,158.74836612657558,140.19897535784074,175.86236816825533,9.642886050415678,87.35189366871207,1.8030255747007262,-0.0076613217,0.008295553,0.0538546924372531,0.17219848140571042,8.925546558908053,0.44413996
7,human7_antalgic10/human7_antalgic10_SkeletonData6.csv,antalgic,10,169.7264118749573,136.01931374566527,179.77759398828022,12.346959595717244,155.38583902869814,132.82894618101426,174.7420321987568,11.86981443829459,88.08858741017148,1.8430098306369094,0.03183011,0.012811364,0.04338416275297287,0.2583308520982237,1.8451942248724151,0.38276982
7,human7_antalgic11/human7_antalgic11_SkeletonData1.csv,antalgic,11,161.60179592832873,133.3880997571224,174.64931101575198,7.399546698944999,156.48765721859243,123.5296441464656,179.61832197463298,11.32871007525989,86.57785796418482,1.5322743211200502,-0.0037279709,0.011539918,0.04439310823085727,0.18921044896822378,14.827466569537805,0.102888584
7,human7_antalgic11/human7_antalgic11_SkeletonData2.csv,antalgic,11,168.4632086985471,131.79695715592487,179.39799548122883,10.523037045639109,152.532419383742,137.15681594259408,169.46524009918443,10.200873922772193,87.29883756840454,1.674931634205925,0.006952465,0.0077027874,0.05030111173750464,0.17734924091941923,15.292614168713612,0.103291035
7,human7_antalgic11/human7_antalgic11_SkeletonData3.csv,antalgic,11,164.1198997890483,129.32044412624958,178.36039992150842,10.334547546085245,157.34691938420949,95.77690536818712,178.09075126445737,13.922287568204997,88.38008134586137,1.7614930100962316,-0.013706929,0.0068496903,0.037058181223504884,0.1814179047026446,33.27389010101142,0.07323384
7,human7_antalgic11/human7_antalgic11_SkeletonData4.csv,antalgic,11,170.5259087275269,132.0940825707881,179.4950884835029,11.400600736861003,154.21710050323526,137.1434637226455,173.59908121523947,10.053742393190792,88.3523910579571,2.068807978246334,0.030012364,0.015674053,0.04218581866358541,0.19658452676899715,10.94538842012085,0.33056307
7,human7_antalgic11/human7_antalgic11_SkeletonData5.csv,antalgic,11,163.7102935073023,130.51006165006785,176.17738322284347,10.869604631787901,158.92984038040706,139.66728227274027,175.70272897064328,9.14893562316414,86.48103012600474,1.3643421877417043,-0.005540517,0.011318409,0.05675736608017333,0.17787011679787007,9.631874874872608,0.3419299
7,human7_antalgic11/human7_antalgic11_SkeletonData6.csv,antalgic,11,170.18745434504996,136.3461117071282,179.80056604950983,12.4388439092637,156.18396798464835,131.91743118208905,173.01723658409304,10.993346103453012,87.37694569118686,1.3883500253516812,0.03651072,0.013750277,0.04148425113193268,0.2039478375431208,2.3546489403776434,0.26406002
7,human7_antalgic14/human7_antalgic14_SkeletonData1.csv,antalgic,14,160.6501725729535,128.81574000096745,176.54727099090292,11.355025940509542,155.61004099175494,137.1726906035385,178.77910516240857,10.928943603482054,87.94556847029519,2.521448567869111,-0.009585692,0.011566184,0.04139993176731024,0.2839532046160484,6.125116431065408,0.11211586
7,human7_antalgic14/human7_antalgic14_SkeletonData2.csv,antalgic,14,167.3512472990636,128.58890882806276,178.99487373677013,13.705143097515846,153.35647664586497,136.55980768344074,169.40044725247077,10.061762108013495,88.3697472605215,2.520036377980308,0.026331512,0.013046686,0.0519584876243623,0.2191124933164192,17.565325339677344,0.06855512
7,human7_antalgic14/human7_antalgic14_SkeletonData3.csv,antalgic,14,162.2343399352138,126.35790716500244,176.7678349286099,12.051167619629837,155.16650492366264,94.67920713994674,176.41244381487715,15.30949528634476,89.52068025743861,1.7597830318394183,-0.019139605,0.011849669,0.04173429021489578,0.20373178719181473,31.323308911322968,0.04876709
7,human7_antalgic14/human7_antalgic14_SkeletonData5.csv,antalgic,14,163.19408173801256,124.8674629869531,175.0058678869272,10.414799284400937,155.37653528705687,119.18787528406871,176.67197918850547,11.323062160956592,86.70463876463417,2.285007314674923,-0.011580453,0.008092875,0.03911050832652055,0.18492296041980086,7.345699004462659,0.13049984
7,human7_antalgic14/human7_antalgic14_SkeletonData6.csv,antalgic,14,170.32703466751278,123.95506801072555,179.5882198589094,12.865373397981237,154.21522799777614,138.45529585676968,172.73982872747206,10.046013432669662,87.42523516185365,2.070842405134312,0.025180759,0.0062100664,0.04637407118601022,0.19266630320833902,21.34861897748148,0.40915012
7,human7_antalgic15/human7_antalgic15_SkeletonData1.csv,antalgic,15,162.44532208472313,133.81206679252455,174.98509956598102,9.907291082999349,158.26837395697186,117.29776389514738,178.76969876649827,10.954717495321864,86.70730480054456,1.7474136958834416,-0.02064897,0.014442544,0.040202018235931655,0.22696363910156647,20.298902097894413,0.02582097
7,human7_antalgic15/human7_antalgic15_SkeletonData2.csv,antalgic,15,169.60908486415585,134.57294286877445,179.86156147288972,11.869813444087045,155.4990858288041,140.10159221008058,169.68470322643495,9.109438685170705,87.28809650212008,1.816201086049782,0.024497973,0.012147402,0.04855186688089461,0.18559885625516565,15.705507587760906,0.28274083
7,human7_antalgic15/human7_antalgic15_SkeletonData3.csv,antalgic,15,163.8851816178454,135.55992154692495,177.78170474198026,9.768312513156973,158.38931077716418,122.6407490032663,177.26768082332256,10.97866480995452,88.42124947363277,2.0254763975187586,-0.02224431,0.013959198,0.03990792209711399,0.17942601951496323,12.405148625000962,0.42172408
7,human7_antalgic15/human7_antalgic15_SkeletonData5.csv,antalgic,15,162.4667969357686,88.05739114433395,177.8758953036689,11.901105748303802,149.31201841037804,33.47266469688143,173.9827481265636,21.251347371288567,86.39736153051021,1.9686391856990566,-0.00659764,0.010141335,0.055234884051140146,0.18722326653789242,50.69157927034722,0.47292018
7,human7_antalgic15/human7_antalgic15_SkeletonData6.csv,antalgic,15,169.48643810362552,132.86512759886193,179.86581397125138,13.516079811401237,156.30522948030872,140.11019160372757,172.10765230263203,9.692145515097696,86.88539209391452,1.7914293646406285,0.025485713,0.00754494,0.04723117572451784,0.18161328071024374,15.003225673484991,0.3032601
7,human7_antalgic17/human7_antalgic17_SkeletonData1.csv,antalgic,17,162.9424879441667,130.14766719550403,175.87315901273647,9.957009147734272,155.0993214775466,121.87719868182188,176.64401243989326,11.868316970164548,87.42679719883799,2.6448131992697963,-0.020423813,0.015298062,0.041455025754678756,0.26920157085268187,9.041321940838941,0.253222
7,human7_antalgic17/human7_antalgic17_SkeletonData2.csv,antalgic,17,168.33439482583054,130.78705848403413,179.5300236639399,13.267843040375075,153.42240773487526,136.21484072754296,171.502382443679,10.660405707074888,87.77717446776893,2.3965077226690066,0.023061918,0.0109565705,0.05599873052739988,0.23628222221027897,13.455423463769705,0.41571903
7,human7_antalgic17/human7_antalgic17_SkeletonData3.csv,antalgic,17,162.80886854073117,130.69266374145377,178.69624215554668,11.360093428464937,157.97726044025757,121.04104055447985,179.3034872358484,10.997722449035539,89.20861843622666,1.944875247149642,-0.022257619,0.0092992615,0.03582091921407653,0.19292643142411578,10.25886826727563,0.107730865
7,human7_antalgic17/human7_antalgic17_SkeletonData5.csv,antalgic,17,163.06169192293171,128.85372245855166,178.14803861874336,11.845188796695465,154.20072408391533,96.00415525668598,177.98691607798472,15.412889567093984,86.51493177156026,1.8359956934756805,-0.014303625,0.005448811,0.05354256928754318,0.17058152505378588,32.68844466110704,0.31466985
7,human7_antalgic17/human7_antalgic17_SkeletonData6.csv,antalgic,17,168.44384888996663,128.8856874431977,179.78751323466255,14.1458487513764,153.8932559445753,135.48447258850442,171.00686907624114,10.596676719868963,87.20576580839703,1.9778717083467667,0.025049541,0.0088234795,0.036833864595712994,0.1872095126759184,15.37942930372813,0.24979019
7,human7_antalgic6/human7_antalgic6_SkeletonData1.csv,antalgic,6,162.91961624913347,140.07213901970349,176.2360533279522,8.36619066735059,158.06247960503842,123.08707593557428,177.172547054643,11.046044288810803,88.03678525933,2.504555883682965,-0.009884324,0.018562157,0.044279762446209785,0.2284814479097467,17.921556810820007,0.60912585
7,human7_antalgic6/human7_antalgic6_SkeletonData2.csv,antalgic,6,168.92437523562967,139.04539497114726,179.35840991099673,11.163118032991354,154.54362483489916,135.1802594037575,170.60401827848915,10.94493560069792,88.62141554929529,1.500024601289905,0.023756262,0.0073129074,0.048680036304318636,0.16836628956861716,4.88925606511782,0.5315561
7,human7_antalgic6/human7_antalgic6_SkeletonData3.csv,antalgic,6,164.3174493202852,138.2620106951199,174.97844130004492,8.431686825717176,154.64646081604772,101.51104063103853,176.90553101108407,14.066871203106846,88.91473975036874,1.716203509379694,-0.015588798,0.012654536,0.04462180822254925,0.17480098420435322,38.678059775120516,0.51487756
7,human7_antalgic6/human7_antalgic6_SkeletonData4.csv,antalgic,6,171.09805648320955,138.17928713501868,179.61753405981514,10.247863895165937,153.77480258875025,133.20123905780105,172.96882135902396,10.673823236812163,88.58938234587959,1.734233832462415,0.024795413,0.012167572,0.047210198299446594,0.1993735015012287,1.6706646235735434,0.08433294
7,human7_antalgic6/human7_antalgic6_SkeletonData5.csv,antalgic,6,163.9158140401118,133.6471111291661,179.03116073162633,8.888631745593479,157.60564714114366,136.5079308697112,174.03131738925057,8.979110264061655,87.0676873146311,2.1230885674265076,-0.0087332055,0.009707684,0.057358028146104315,0.16029151265589592,7.8606630829208655,0.04453993
7,human7_antalgic6/human7_antalgic6_SkeletonData6.csv,antalgic,6,170.41492194849891,133.3518668879994,179.98639865629,11.756102076728961,154.688711495212,136.76904551030614,171.72594525212364,10.774434347338598,87.56359599835109,2.1170978070692223,0.027192978,0.009888065,0.04434074254648453,0.19221190905613392,11.677632026473105,0.042570114
7,human7_antalgic7/human7_antalgic7_SkeletonData2.csv,antalgic,7,168.220245384356,136.26716606733535,179.80679134280723,11.412652818145034,154.85093919856772,136.95590499632272,169.2007443375464,10.613822520307387,88.32680636159604,2.131429999877292,0.021264227,0.0128472615,0.04873080879226125,0.17767923857847503,11.294785934248182,0.08629203
7,human7_antalgic7/human7_antalgic7_SkeletonData3.csv,antalgic,7,163.43592038387385,134.58121301961418,175.8840797760297,8.681070599916426,160.83236893713644,120.63177623323286,179.3401406103028,10.508423837097537,88.121294052624,1.6794312020836817,-0.015572268,0.013434472,0.04249946685909075,0.18371963839842032,17.40549762065443,0.26213288
7,human7_antalgic7/human7_antalgic7_SkeletonData4.csv,antalgic,7,169.9824542049504,139.20361414526303,179.4319065113545,10.428006260289804,156.91151552493793,132.5002527395074,173.94016345586803,9.859263233332635,88.07603799563212,1.755976009706487,0.028697424,0.012271122,0.04870009181563476,0.20087420064159386,1.2116183502691626,0.359612
7,human7_antalgic7/human7_antalgic7_SkeletonData5.csv,antalgic,7,163.33943321815104,135.90144159559944,173.1620408368154,8.69462887733453,161.8877851515808,136.11567773437835,178.55638212711625,9.166172771510029,85.63058763856503,1.684814472841705,-0.009614425,0.00842241,0.04869067331747367,0.16544461607186992,5.1801051515219285,0.46183014
7,human7_antalgic7/human7_antalgic7_SkeletonData6.csv,antalgic,7,170.0015424281178,140.54191315852043,179.35438841908723,10.519150085198516,157.69522093373396,135.39576028815898,172.57510035156136,10.153977789523257,86.45349669634638,1.7660256490308823,0.02833141,0.015075576,0.04633981235877879,0.28526852154663834,1.633135197164421,0.41908932
7,human7_antalgic9/human7_antalgic9_SkeletonData1.csv,antalgic,9,162.76770616728243,137.93466596499044,176.44361870529485,8.372955102492693,156.97812178769797,94.17269489521613,178.07148778350304,13.200302450773098,87.00379277068677,2.1892292826974824,-0.015331155,0.016112423,0.046559686531787096,0.25232465040267504,45.38984014798251,0.16797185
7,human7_antalgic9/human7_antalgic9_SkeletonData2.csv,antalgic,9,168.70308130796778,136.3854628835656,179.6484403265904,10.698084286241803,153.56396567136395,130.3834245841951,170.33247774715176,10.957856644428194,87.52219734199767,1.7227729938425613,0.0041150423,0.008334439,0.04666328297901419,0.1797719475559452,3.313924280068136,0.18423295
7,human7_antalgic9/human7_antalgic9_SkeletonData3.csv,antalgic,9,163.26618357031512,132.36566930617198,175.1562777205475,9.68052637183412,160.25636286742161,128.098023500243,178.99980659656944,11.203337200961865,88.652761196491,2.145156103922132,-0.023616478,0.01378909,0.03792357913123223,0.19523978263777875,8.111174681950928,0.21502805
7,human7_antalgic9/human7_antalgic9_SkeletonData4.csv,antalgic,9,169.57836363401447,135.994805084954,179.74525745672815,10.739839712880128,155.37524842741166,135.51082414583254,172.9797687977789,11.166677650557734,88.45522538055604,2.185874065116546,0.019653581,0.014425235,0.04200080264715642,0.24731471379729097,6.2815077198278,0.15857816
7,human7_antalgic9/human7_antalgic9_SkeletonData5.csv,antalgic,9,163.37272172965035,129.80196268831233,174.93477348508856,11.386974397161769,161.0776452232012,140.99724122829508,178.1776650790108,10.066090321361651,86.59886491256954,1.5284817604869103,-0.017625,0.007593521,0.04391565103844649,0.1740073957958777,7.9523869460605,0.3594501
7,human7_antalgic9/human7_antalgic9_SkeletonData6.csv,antalgic,9,169.5950618751382,130.51418377588618,179.74339308249233,12.768346181107566,157.50224897940768,133.79625794381775,172.65719913396345,10.782809791412797,87.25919773797366,1.6661475086404303,0.020207109,0.013164791,0.05036199070474906,0.23598687078508,10.368268116460456,0.33101988
7,human7_lurch14/human7_lurch14_SkeletonData1.csv,lurch,14,163.79933355341197,142.34440686906046,174.3015718714688,6.920945970250584,170.0715734846775,142.78259576792033,179.4618792193378,7.871807461576551,91.67720417999075,5.803582319565376,-0.018418442,0.01642535,0.056588084732375,0.16924608250867493,4.722118449009116,0.07694292
7,human7_lurch14/human7_lurch14_SkeletonData2.csv,lurch,14,159.17864808203848,66.82050829153724,179.76027626468897,27.080843192788276,161.4577134549757,115.36733630032126,175.81054240026626,12.66381763062315,91.48862668121883,6.311436309599524,0.021418747,0.012331938,0.04159254024021899,0.14679588959300457,52.49656187320673,0.09070206
7,human7_lurch14/human7_lurch14_SkeletonData3.csv,lurch,14,164.64837816742275,141.71885368536945,177.7495848427686,7.089298869029806,171.59781829731838,137.24883430852435,179.4144702237783,7.564600512743371,93.0811621466532,6.268020834184884,-0.0326937,0.015613647,0.046715680685359924,0.1566357136006498,6.134904757854798,0.61579084
7,human7_lurch14/human7_lurch14_SkeletonData4.csv,lurch,14,157.2181923633575,85.5814373735682,179.61349661416455,23.407615187915056,165.0173947848679,127.45340661036293,177.39342437369686,7.052514749416294,92.65506073378226,6.513183015086587,0.018118357,0.013263595,0.03673921705542654,0.13569808737693598,44.09204147726241,0.29998899
7,human7_lurch14/human7_lurch14_SkeletonData5.csv,lurch,14,165.25078541433385,140.75025929040095,178.23566120118645,7.374954858524952,173.04189934861245,150.59250957438368,179.6347695308006,6.496634226204095,91.13570985797313,5.8888989857281215,-0.021136044,0.008572347,0.06026097104028726,0.14789455759107245,8.44314195436857,0.16246033
7,human7_lurch14/human7_lurch14_SkeletonData6.csv,lurch,14,159.454021563752,79.30061810426871,179.796071791941,23.206693780986534,162.72916682190993,109.08160852384323,175.995007964652,13.103684787692243,90.9849938826482,5.971261818390963,0.017548762,0.012729167,0.03719231470124879,0.15585932792672041,33.58205424686352,0.20461011
7,human7_lurch16/human7_lurch16_SkeletonData1.csv,lurch,16,161.83307827798788,140.78829365070828,174.8136124380399,6.934473925447067,170.93044202478438,142.51144537231042,179.4577930483896,6.732118574771515,94.12581130994201,7.023355246837715,-0.011167312,0.02206111,0.05859384370099003,0.22229195736900262,2.921028888747543,0.48703408
7,human7_lurch16/human7_lurch16_SkeletonData2.csv,lurch,16,157.12940481604008,78.22259885493743,179.76910293817474,24.378157357442614,165.42527682142702,140.19441620097052,177.78951581258767,7.688044860815917,94.60446437852399,7.81627735786089,0.024794003,0.016830813,0.039124227400791856,0.229687215571961,63.951404471620165,0.9574344
7,human7_lurch16/human7_lurch16_SkeletonData3.csv,lurch,16,162.61253080529698,134.9467656181984,175.00776870677208,7.168871311775864,169.89688595251585,130.9219912744101,179.64589951077028,8.780428123458181,94.57088161013438,7.807231343752751,-0.020421147,0.014241291,0.04961713314399762,0.17038272355403267,8.662905147786518,0.06735492
7,human7_lurch16/human7_lurch16_SkeletonData4.csv,lurch,16,149.77322117474475,90.76795288732275,179.09919151660208,26.073490682141685,163.70432492425866,68.3692723186308,177.4217257887491,16.21820977328731,93.9442500953195,7.9472288935732625,0.026170665,0.012852026,0.035364854162520894,0.1260212561244104,20.721214840838954,0.45817113
7,human7_lurch16/human7_lurch16_SkeletonData5.csv,lurch,16,163.4055553645498,141.09386319997301,176.93011630029804,6.514264696905089,170.57886150198462,138.80773718536813,179.7763342755553,9.0275851568697,92.740502619966,7.589578588234298,-0.012926197,0.012050223,0.05489921911662139,0.17292716774020167,5.132343989862164,0.6754401
7,human7_lurch16/human7_lurch16_SkeletonData6.csv,lurch,16,162.88644653792358,97.0502113281122,179.4696670833898,15.654658385511587,165.4112624934391,138.5590316330663,176.76598768760923,8.171032085479661,93.21520271405645,7.571352695466628,0.02210645,0.013803437,0.04424688036684418,0.1836668014259199,44.21249970073467,0.73230004
7,human7_lurch17/human7_lurch17_SkeletonData1.csv,lurch,17,161.15400578137124,141.60824994587918,176.4192625956295,6.780889089498582,169.87240872032086,134.2422327379609,179.74835636779065,9.235123741510462,92.01851213059496,7.8930130201785,-0.015475774,0.018190036,0.06289202703771248,0.22786392898702953,10.69511098007942,0.1794591
7,human7_lurch17/human7_lurch17_SkeletonData2.csv,lurch,17,156.39954769530834,74.75018129439277,179.12739062815135,24.443660396191937,163.23114982261865,143.757751364611,173.09933309450417,6.938410659006634,92.9880836975895,7.345423512636967,0.01801701,0.014511052,0.04183480867071316,0.18287461372420366,75.03562760386541,0.9132868
7,human7_lurch17/human7_lurch17_SkeletonData3.csv,lurch,17,166.1698662169212,148.16726590681012,176.9650193961729,5.599882303701806,171.06616707326347,132.57933865199104,179.36734783848578,9.183629749896687,95.43437917580552,8.012788307363673,-0.029738154,0.019655084,0.05110907924938845,0.1690669183808897,17.99025569713197,0.13139224
7,human7_lurch17/human7_lurch17_SkeletonData4.csv,lurch,17,164.32180483384724,114.76700532710598,179.28477645183602,11.68357682597545,166.11966833987407,143.03107131898713,178.64621206126648,7.307091182919667,94.97186528791363,7.690461034813457,0.017994884,0.014435412,0.043607105362883,0.1758188106550956,28.902630382450695,0.45707202
7,human7_lurch17/human7_lurch17_SkeletonData5.csv,lurch,17,163.80480719895527,135.57480972540048,176.16803086143017,6.800937767893058,172.16721028408412,141.1086225793539,179.31830933538012,6.378589799254942,92.53347978215882,8.102733903814167,-0.019153845,0.013065966,0.061622489004791135,0.16013423247240263,2.3835343800034536,0.24781013
7,human7_lurch17/human7_lurch17_SkeletonData6.csv,lurch,17,154.3116029152921,79.28758966615023,179.3446078326807,24.771942345536214,158.2324831467113,72.66745941860268,175.3635948678897,19.75302541378567,93.42529160991522,8.25786996189406,0.01704766,0.014503162,0.04377379623681971,0.24720964528827788,2.639117282756544,0.28174996
7,human7_lurch18/human7_lurch18_SkeletonData2.csv,lurch,18,148.8321580914908,69.93108196157554,179.43796497903742,30.231551543145287,164.72411693470826,141.83947406221083,176.19072386842097,7.243882360354277,93.48856319123566,7.641514342269394,0.019515496,0.013193307,0.04063558377520799,0.16818354970610244,75.15563321125173,0.08892536
7,human7_lurch18/human7_lurch18_SkeletonData3.csv,lurch,18,164.4862063126978,142.49063313474846,177.8711121568131,6.256285566449553,172.166975061778,130.17293876592046,179.81611986795625,7.372503833398596,94.4683379868987,7.381465684970659,-0.020905672,0.014641212,0.049198907776607084,0.17970366960391648,14.262702079971149,0.51970625
7,human7_lurch18/human7_lurch18_SkeletonData4.csv,lurch,18,162.7070668326462,77.12083186711092,179.13057409478392,18.42807624201921,166.0499741474584,144.81091912043675,177.45267789405207,7.077321717387223,93.96012659403111,7.332688042188464,0.016719924,0.016217263,0.040933169354979364,0.16996226598260006,69.36798345405768,0.41119695
7,human7_lurch2/human7_lurch2_SkeletonData1.csv,lurch,2,161.63631639066423,141.35365734557493,174.3169254882337,7.245949392660878,170.24324502224113,142.75843134438298,179.79072412335609,8.283910824870485,91.38754175215024,7.173351551304358,-0.018391062,0.018272856,0.049259318324398865,0.17566664402954615,4.069024636314339,0.312294
7,human7_lurch2/human7_lurch2_SkeletonData2.csv,lurch,2,164.4587478346272,140.58563929958495,179.2672898031534,9.896282333801832,164.0451224973601,145.20753964067393,177.0001413161145,6.959996226493505,93.57490223288563,7.776834585658648,0.021751251,0.012243425,0.03293224593594811,0.1446611456463599,6.889048828127869,0.19018579
7,human7_lurch2/human7_lurch2_SkeletonData3.csv,lurch,2,161.6726709243292,135.09264667280524,174.82252692078342,7.033590531875439,170.87627965536723,131.12212232204737,179.42977286544954,8.112793802096395,93.8788500100874,7.6276447543015635,-0.03115543,0.015583589,0.046503906404992,0.17078701574006794,8.577770295423989,0.16950393
7,human7_lurch2/human7_lurch2_SkeletonData4.csv,lurch,2,157.73426635678706,81.81305099157154,179.50459257894434,22.658383521551848,163.33774811273832,138.88798366278053,176.0898704221702,7.379088190769704,94.47797690031781,7.699283285449575,0.021299377,0.016564272,0.032980841026907015,0.1759851554243255,60.48965482798312,0.68766904
7,human7_lurch2/human7_lurch2_SkeletonData5.csv,lurch,2,162.5764930388819,140.32688510353265,175.53737538177063,6.794982421396959,171.2159964931067,139.55256765126987,179.69144169930888,8.793843626759916,91.3799263899882,8.11655624387174,-0.01891681,0.012822082,0.05732187067416231,0.2910765059318245,4.92838376980103,0.059660196
7,human7_lurch2/human7_lurch2_SkeletonData6.csv,lurch,2,151.3666240745039,80.75352706449652,179.58008438964256,27.593084666460218,161.88269553017307,111.78563878700932,177.3827375125686,14.101308458492246,92.45074984343958,8.551246983224411,0.019938877,0.0154586965,0.03918445732194788,0.1761380908012093,33.22945859958675,0.22154999
7,human7_lurch3/human7_lurch3_SkeletonData1.csv,lurch,3,162.23992785849168,139.11600301352942,175.13455857580317,7.216933538048497,170.7013956004919,136.0856689289388,179.50016712276428,8.02027566313798,92.64405674095052,6.834751579892789,-0.017584382,0.015463109,0.04700833105300662,0.1715064075866119,7.395942631551748,0.1228919
7,human7_lurch3/human7_lurch3_SkeletonData2.csv,lurch,3,163.1905019710273,96.34658498477259,179.30779154042008,13.457549569374537,162.98113034636384,142.59142939965446,173.96320107412308,5.641546667481802,93.51872933762408,7.070646486882977,0.00235205,0.012621369,0.036249714260053946,0.14933197554098812,51.589434881178875,0.125561
7,human7_lurch3/human7_lurch3_SkeletonData3.csv,lurch,3,163.49513712087827,138.02864494994913,174.78146875063229,7.000762858204555,171.06789678048983,138.2673571176343,179.8447180289313,8.4569254452529,93.85451646310392,7.196160053680699,-0.03145189,0.021060854,0.04990761310029203,0.16437653951903045,4.824537110613846,0.7370937
7,human7_lurch3/human7_lurch3_SkeletonData4.csv,lurch,3,157.2302074831449,88.45238807608284,179.1858186938907,22.475339927343732,165.1670484104637,139.28051000424594,177.21841321042177,8.396829531508917,93.64787286279162,7.352935637238887,0.026096007,0.02024015,0.03429043807563352,0.16508502045214862,52.79552741163202,0.81955695
7,human7_lurch3/human7_lurch3_SkeletonData5.csv,lurch,3,163.49360783772076,136.57259016030628,175.35806633224553,8.17761824976459,171.7236218992339,107.83966907142772,179.33099944933585,9.030100398369104,90.89860668186404,7.413582904221431,-0.018453076,0.011692812,0.04691724387037102,0.17389394328223146,32.705854205968876,0.3756299
7,human7_lurch4/human7_lurch4_SkeletonData1.csv,lurch,4,162.5471615920493,140.27117047211775,175.77043481740066,6.40384845428236,170.9508422110412,139.18093117275353,179.6962293551642,7.500115855683804,92.36013722684518,7.44125558381949,-0.020179808,0.018148996,0.05381621644741064,0.18519175191709716,5.016033837127765,0.29988337
7,human7_lurch4/human7_lurch4_SkeletonData2.csv,lurch,4,159.31438632448328,86.70791046048853,179.22964833374564,18.18284516434675,162.30161284008716,141.64305196509895,171.23408468852938,6.5814332782903815,92.99224104073694,7.837543838952873,0.013093484,0.008917357,0.045120189621681406,0.14201114522908792,62.93070514982668,0.14665008
7,human7_lurch4/human7_lurch4_SkeletonData3.csv,lurch,4,163.88856306434914,137.73964363369515,174.76195633377222,7.228728558565557,171.5065626193854,133.07260557495778,179.7429778278145,7.369944913979631,93.33336763309441,7.565262786276618,-0.029686168,0.012906432,0.04470773474255202,0.15572518997574644,9.64805955277967,0.28081012
7,human7_lurch4/human7_lurch4_SkeletonData5.csv,lurch,4,163.35109144083222,65.87385925633728,177.68314159115832,9.990430071596986,170.9551836418592,119.12445237826114,179.42590224358213,9.722534165778699,91.23812602813634,7.941815513475634,-0.017633675,0.014053237,0.05676442455800919,0.2678845101312575,51.507832469500045,0.5236802
7,human7_lurch4/human7_lurch4_SkeletonData6.csv,lurch,4,159.17386399375405,86.3376839334775,179.91528003734817,20.445817194424155,166.17203916743867,145.4779477748048,175.02600046727326,6.938459523736774,92.54963509704538,7.942464624198955,0.019177226,0.012308807,0.03935021137800412,0.15317916246717722,64.02954341140219,0.5541699
7,human7_lurch8/human7_lurch8_SkeletonData1.csv,lurch,8,163.99726235711725,141.57818940028505,174.21646795545544,7.5829489719906915,169.28234361118095,137.94650115286552,179.90577216331712,8.663350393228606,91.88617992840209,6.396482621574846,-0.024318283,0.016599612,0.05504644466813589,0.17727119482026646,9.320992455281214,0.36423087
7,human7_lurch8/human7_lurch8_SkeletonData2.csv,lurch,8,162.52598302197407,81.23463226241238,179.32011680775045,20.513846629372548,162.1137152992039,119.50883420866074,178.34896972188594,11.673752043982361,93.10973439411413,7.1367381670364525,0.007657879,0.014937103,0.04243770618890064,0.1832461409551474,39.245349032112884,0.25383067
7,human7_lurch8/human7_lurch8_SkeletonData3.csv,lurch,8,165.2235231296086,139.38071807538813,175.16654690242376,7.768719900923346,170.2365748981034,138.31272191493161,179.804668348119,8.540862164181691,93.22804198210405,6.745927534534877,-0.031173615,0.014039739,0.049222643770316155,0.1639293259675318,5.706117606151764,0.15530992
7,human7_lurch8/human7_lurch8_SkeletonData4.csv,lurch,8,160.65735444496357,82.90545466055188,179.45798964322205,18.391010590730048,164.02373979230856,137.62928290748943,176.93995314833975,7.177634341331931,92.90653918274968,6.802518383467191,0.007213207,0.012785074,0.033502776213731704,0.15418528225211212,57.24186474181984,0.23201084
7,human7_lurch8/human7_lurch8_SkeletonData5.csv,lurch,8,166.49384108651137,140.40481090102978,176.69429325686974,7.454856085789368,171.58620555806036,138.73234912155797,179.6477903371128,7.4709589919576995,91.31221118131721,6.85827584319656,-0.022860367,0.012039139,0.05503781241401296,0.15823969971075613,4.625958859714871,0.70044994
7,human7_lurch8/human7_lurch8_SkeletonData6.csv,lurch,8,162.82744781358807,75.54500780124934,178.98901453371758,20.057303319879697,165.85287085971092,137.78267661968707,176.40838616917355,7.069199812588788,92.10269262105513,7.189825453809434,0.016557196,0.008142116,0.040678558430530025,0.16173257627490753,64.81829718298175,0.7955799
7,human7_normal1/human7_normal1_SkeletonData1.csv,normal,1,159.1389142646964,130.15490419892225,174.76826659876528,13.20237029609686,163.66813828106064,124.56435914310867,178.3554950875485,14.883291441385202,89.1390557087334,1.8186700132548497,-0.022871474,0.014500794,0.02823775378125316,0.24571061543002662,9.17777354459679,0.19896078
7,human7_normal1/human7_normal1_SkeletonData2.csv,normal,1,162.00578154630594,132.43452580764315,179.14755964534484,13.948438509727852,159.64210888462353,129.08985265139486,175.6479174578832,14.946788799776062,89.83577852755977,1.6999743235204905,0.024672488,0.010928098,0.023158220594712568,0.19746476480288955,0.1549690312133407,0.046194315
7,human7_normal1/human7_normal1_SkeletonData3.csv,normal,1,161.9387062066672,131.006310786255,175.60321348545432,13.114134207984318,158.15607807152193,118.79404699419112,178.8431466779887,16.464441510402033,90.60591873672455,1.7893049152049503,-0.028935112,0.015673283,0.025479582071121342,0.2295539036629467,15.45219698459826,0.50061893
7,human7_normal1/human7_normal1_SkeletonData4.csv,normal,1,163.01230980761144,127.53379127520216,179.64552928120324,15.018854700579992,157.7420423459108,125.29689153295081,175.8766828174552,13.381717954081182,90.4762088266263,1.7081280613685443,0.021684285,0.01233856,0.02050377621579598,0.24211110594038085,1.5319467214966949,0.111616135
7,human7_normal1/human7_normal1_SkeletonData5.csv,normal,1,159.5268405437851,127.25411066363927,176.3895011119732,13.51409248714853,162.94800316936556,127.19457122499655,178.14032488467817,13.9123251355473,88.4714229726127,1.308792696890905,-0.019472947,0.0094638765,0.03656571912470483,0.20787999146324176,1.8103632113476777,0.09818983
7,human7_normal1/human7_normal1_SkeletonData6.csv,normal,1,155.70976943967935,118.8239138006312,178.55267649684058,17.11158633297528,160.17269348919982,130.57983885632973,175.40430208688645,13.687106219843052,89.56160195133992,1.3795219182704512,0.0198482,0.00981004,0.025699819482290887,0.1744737159824726,14.904299465652656,0.07627988
7,human7_normal11/human7_normal11_SkeletonData1.csv,normal,11,158.34564264854416,130.34214809932774,175.72138353810163,12.28954939232552,161.9849738756284,124.52989788480224,178.61491919348921,16.18471111647006,88.07110712100364,1.9536611884578796,-0.01154561,0.013293039,0.04070728485536568,0.25567829978401324,8.705785869913086,0.60856915
7,human7_normal11/human7_normal11_SkeletonData2.csv,normal,11,162.86214940418125,131.2230965143449,179.6797050229268,14.401903790078576,158.8388538100763,130.67226336008676,173.9751162722897,13.70251720333484,88.94472158630978,1.5760968574003338,0.023774171,0.011749668,0.01864934384756845,0.1653859098355555,5.153755596378971,0.185395
7,human7_normal11/human7_normal11_SkeletonData3.csv,normal,11,159.96011284511303,131.20650874096708,174.75537445142328,11.836124886710682,160.74263558458443,127.84547798192108,178.93259105523236,16.853862843506228,90.51558367884114,1.5248689149857175,-0.025796086,0.011499352,0.04056991526358229,0.19965398338958498,7.538247362855088,0.28920913
7,human7_normal11/human7_normal11_SkeletonData5.csv,normal,11,157.0799283529003,123.71019334765248,174.78727250682135,14.993403628395532,164.18502514555377,135.7351049305656,179.012509132997,13.245731069882655,89.20967317422073,1.2862501584046342,-0.01615671,0.009658266,0.056896510114471624,0.2225836474577821,7.799674956737476,0.4537902
7,human7_normal11/human7_normal11_SkeletonData6.csv,normal,11,161.02759202292802,127.33557526665595,178.7280794179375,15.010156874646267,161.7912751289345,131.70002963802182,176.23011737781852,13.159906887236353,90.19209418057035,1.16635207941367,0.025130635,0.01299825,0.022805409073463453,0.2348133665716093,6.862416411484844,0.36598969
7,human7_normal12/human7_normal12_SkeletonData1.csv,normal,12,156.46850909196735,130.19028767239072,174.0178286572236,12.573669781886686,162.45939772438518,117.58569570615079,177.4831536130629,16.510954383329356,88.92698644256919,2.488433404799904,-0.0174006,0.01766316,0.037663329652058306,0.3444167175298294,16.06991692207926,0.3209331
7,human7_normal12/human7_normal12_SkeletonData2.csv,normal,12,159.15226900693793,130.48939880487737,179.17189067146427,15.732676217455548,156.98666392317895,125.83643282079154,171.1624089678998,13.644687250331573,89.6877410871944,1.6813641644781414,0.0055713574,0.010273906,0.024405213310464188,0.21642459824856133,3.3565157194786366,0.041478634
7,human7_normal12/human7_normal12_SkeletonData3.csv,normal,12,161.55654303601108,128.74121164543874,177.717454331938,13.540668029473172,157.89140122539843,121.34897679162465,179.7303345933866,17.616921460403088,90.65391307452401,1.4419546529203515,-0.029955577,0.019788494,0.027391101785354477,0.28131972566108254,9.405115115262689,0.5741315
7,human7_normal12/human7_normal12_SkeletonData4.csv,normal,12,163.7692708262596,114.91523206636103,179.08141678833562,15.873107140278243,156.3610204138686,128.30454678414722,175.7479867746589,13.296967072455544,90.53390624438721,1.3617459712960767,0.022492543,0.0116840955,0.020225174033712087,0.24420982477869096,16.72274473146291,0.025056839
7,human7_normal12/human7_normal12_SkeletonData5.csv,normal,12,160.3096967475437,128.316445011099,174.3253368158614,13.08766545042324,162.0032561027588,119.49276560009109,178.8407308382919,14.896631150576319,89.35073595101971,1.4825234026608638,-0.021930309,0.010390404,0.03504860082054418,0.22909069641070967,13.339073433438429,0.18864012
7,human7_normal12/human7_normal12_SkeletonData6.csv,normal,12,158.05259844734627,114.57359121206176,179.16203826801285,16.051279896778173,161.11929350552097,130.55976536178682,177.63023400939764,14.06910885409317,90.25496732161159,1.0939925960953818,0.019942623,0.011181773,0.02292051001733492,0.25725406257843875,17.51797840834027,0.42706013
7,human7_normal13/human7_normal13_SkeletonData1.csv,normal,13,157.27587799105714,131.73381035446235,169.10680946778723,11.477674857899606,161.73717677200523,124.39882519903392,179.1196747627728,16.332253631470582,88.80537512854227,1.7145384094323364,-0.010579228,0.011681245,0.034831481062401436,0.24311151411179577,17.347850450414,0.060702562
7,human7_normal13/human7_normal13_SkeletonData2.csv,normal,13,163.60611561657325,136.30188058859935,179.12607210905563,14.117780195012225,158.37366881613875,130.33006337487467,173.68577678839583,13.6258847436264,89.42860721004014,1.3671305619977145,0.020871047,0.011780984,0.024902167856563216,0.17928282719004213,0.5315218930648768,0.05449295
7,human7_normal13/human7_normal13_SkeletonData3.csv,normal,13,160.79670399532094,133.35888021063792,175.0925474515848,12.014107260584082,157.87865331184565,113.34505837991516,179.06768555751964,18.607720443496984,90.61524524799694,1.4671456582843885,-0.027907265,0.01599137,0.025336893076337096,0.19960430008414273,23.988959936657594,0.77203083
7,human7_normal13/human7_normal13_SkeletonData4.csv,normal,13,163.15301844095202,125.20639016855894,178.89654745378962,14.354594567800078,156.90665933471064,130.92635205412395,179.11645458051214,13.85107258490001,90.4890271156601,1.434136473287166,0.027086344,0.01643585,0.022943038981972263,0.3131289423996653,5.500054758842495,0.7898283
7,human7_normal13/human7_normal13_SkeletonData5.csv,normal,13,158.27280623618321,130.21305717207974,174.68406900814003,14.150701242658887,164.82893685048197,135.85139014781595,179.37479657432132,13.079339301062658,88.89126289601784,1.4507477684180354,-0.017352393,0.00956917,0.04142765079397178,0.21557455361578004,0.9476054095549102,0.46412992
7,human7_normal13/human7_normal13_SkeletonData6.csv,normal,13,159.65397032494698,132.67672468570302,179.32111996846132,14.187310370162411,161.94062196742794,130.52171470157182,175.93655693796782,13.228166891851814,89.86585819991306,1.2323857695580815,0.025082065,0.01061921,0.018779863213402002,0.21846507713355656,1.2295530463622981,0.10125995
7,human7_normal18/human7_normal18_SkeletonData2.csv,normal,18,162.25750093403917,129.92049625701094,179.16306196662342,15.295348878208879,157.98929680723734,130.50575461557074,171.81225000605616,13.613017707525671,89.23950040357784,1.473045540673922,0.023923818,0.011865616,0.023410701153897207,0.17599131369501694,7.9360703191270545,0.022550821
7,human7_normal18/human7_normal18_SkeletonData3.csv,normal,18,160.1580879057537,123.34999261285923,172.60390389195646,12.630876903520415,157.44041156877398,115.87302130467661,179.27459496768586,19.484059239686864,91.31615902136035,1.6720275600780277,-0.026939614,0.015689757,0.027921538956587895,0.23187496232093288,14.147662383912007,0.82532907
7,human7_normal18/human7_normal18_SkeletonData4.csv,normal,18,161.58285184972235,110.67456366811562,178.81180575524152,17.302961233666966,156.14858331145933,126.91369711173154,175.81118890927394,14.364529934939924,91.05657950468033,1.5840441697382286,0.024382891,0.015388966,0.027603183689163726,0.296760897294111,19.239750289583498,0.87456584
7,human7_normal18/human7_normal18_SkeletonData5.csv,normal,18,157.80504321173154,123.39151167623376,174.93765160710467,15.49514800626333,163.77600248325706,129.99025732273708,178.92827268568163,14.609369306431681,89.89461552604429,1.5386550418187528,-0.017274542,0.009677392,0.03778044467069643,0.275298913895582,2.608124567926353,0.34574032
7,human7_normal18/human7_normal18_SkeletonData6.csv,normal,18,159.73532365636893,127.53759547850731,179.29987044923533,15.026364831398785,161.1952507506407,128.51721893650168,174.86683315826,13.842621863543112,90.85323820225729,1.2805784892526488,0.022010531,0.013137661,0.02469516281824458,0.24091610957388782,5.412660748969699,0.0799799
7,human7_normal4/human7_normal4_SkeletonData2.csv,normal,4,164.93624700338873,135.74832576117433,178.98364259028563,12.132648128183373,157.92188944042405,126.57388913590331,174.5052154037895,14.428455749995036,89.15539997768403,1.374858898853804,0.019479977,0.009849898,0.0260654851261175,0.17602057787649916,4.69600943877488,0.037955284
7,human7_normal4/human7_normal4_SkeletonData3.csv,normal,4,160.01434130762593,130.07236171453704,176.2713048368437,12.631606332009477,161.84909737034212,128.06096554862694,179.5032112486851,15.676943750861998,90.41106790380688,1.3368865186793182,-0.025573451,0.013535621,0.02790383184990562,0.21461406076330067,5.243302577751479,0.12451601
7,human7_normal4/human7_normal4_SkeletonData4.csv,normal,4,164.396428327694,124.71964482547887,179.22991769565556,14.36446471406813,157.21806122596837,126.84387151341741,175.1306855201977,14.986916255723038,89.99736288231574,1.2001709359748889,0.022980029,0.012223843,0.02370376719523462,0.21922227144525497,6.2234588633964165,0.752995
7,human7_normal4/human7_normal4_SkeletonData5.csv,normal,4,159.21762760193707,125.31968719083025,174.0307036966806,13.885065024561683,163.96654764674153,133.33269900190703,179.3557645115604,13.155661404831775,88.32355510376473,1.2275783870479053,-0.01933146,0.00808924,0.025484978668449235,0.21095699086078842,2.6879509961969745,0.47575974
7,human7_normal4/human7_normal4_SkeletonData6.csv,normal,4,160.13486575425122,129.12628943763778,178.57985700970198,14.950252333720865,161.2545328400701,131.2280653147817,176.54672615768496,13.595808466685396,89.18621643190868,1.2624404667052074,0.02206583,0.0135679105,0.030432655934896597,0.2685465213753285,4.134906729160946,0.48579025
7,human7_normal6/human7_normal6_SkeletonData2.csv,normal,6,164.34289449077616,132.9097912023049,179.06559631934942,13.22671478785462,158.1480552958095,129.19188321369862,174.36265721273523,13.62451130995413,89.4457679312186,1.3542743825325612,0.021247175,0.0116792,0.022808203328213126,0.16765018529984763,0.9850311180079245,0.072010994
7,human7_normal6/human7_normal6_SkeletonData3.csv,normal,6,159.98412118958095,131.87506394612407,174.97541834867374,12.358553601704042,163.35261983894358,132.5980392630734,179.43260785210606,14.367931356341188,90.68400742654893,1.363774859339822,-0.025606701,0.012725737,0.025983905353696102,0.2051027819680581,3.734214186483001,0.09224701
7,human7_normal6/human7_normal6_SkeletonData4.csv,normal,6,160.5361829542697,108.67329091935255,178.96219968079095,16.79802769415437,156.8565766568902,126.37291091437928,176.41723060335414,14.271859405676208,90.25378530429377,1.2799901191289462,0.023723079,0.014930899,0.022702124611553107,0.2050279399586302,20.244589072463526,0.6899979
7,human7_normal6/human7_normal6_SkeletonData5.csv,normal,6,157.8332951769049,126.2494320582613,174.2352704563037,14.189532820970893,163.4381482062775,135.07000609333522,179.31494954944134,13.070707933639996,88.64223757563653,1.4583497792238767,-0.019352475,0.009268935,0.04325046676340613,0.21316782120197647,3.74089494193629,0.47662997
7,human7_normal6/human7_normal6_SkeletonData6.csv,normal,6,160.66737785915566,126.81097487434553,179.25945595978206,15.159557469947368,161.94569402944404,126.84208218363364,178.78028667771787,13.6206932592848,89.45168053883432,1.3293525727932478,0.021503925,0.010777878,0.019554282439234738,0.1934182821309211,0.5102765913522944,0.54336
7,human7_normal9/human7_normal9_SkeletonData1.csv,normal,9,159.95522446347553,131.87076595951987,175.62009535271102,11.625721022951412,160.42063307250402,125.80433666724501,177.4938546874468,13.486753155336814,87.2797011170667,1.8302661380210068,-0.013108929,0.015809087,0.03179420834849977,0.2556113382173643,7.940188627010642,0.43764186
7,human7_normal9/human7_normal9_SkeletonData2.csv,normal,9,157.66999709754714,127.74975118929814,179.76279089934908,17.379411443968568,159.26879570875434,127.63821978878077,176.02474178011255,13.54309127251466,87.973895684475,1.4865069593098021,0.012959315,0.008608283,0.028658262355471427,0.17090727973700673,3.626517718719171,0.583678
7,human7_normal9/human7_normal9_SkeletonData3.csv,normal,9,158.5420819526646,129.50892712563032,176.32442360866702,13.508042823480064,160.7074719297631,126.75174024912263,179.33996471436146,14.771242899204923,89.80148567810762,1.7617970196979342,-0.02721775,0.017279414,0.025640648909555277,0.2148724628752603,5.772727982202127,0.38737488
7,human7_normal9/human7_normal9_SkeletonData4.csv,normal,9,163.16636717051088,127.0868868582612,179.69925488234176,14.668248140255125,159.85117618519945,124.58750239634239,176.48494754706212,14.587461472855507,89.72893108976861,1.6658677507058588,0.023178244,0.014940788,0.022973784241837186,0.2837032134199584,0.7149228733608339,0.255553
7,human7_normal9/human7_normal9_SkeletonData5.csv,normal,9,161.20183106638405,133.6488791137211,175.96826554689292,11.791269737356492,159.89092229408539,126.1562448115892,178.65635463024424,15.154168227819477,88.14139668085599,1.1985933611183646,-0.022187037,0.008781733,0.045315966069268014,0.19119722189517016,10.180723385483219,0.3137498
7,human7_normal9/human7_normal9_SkeletonData6.csv,normal,9,165.10152095788604,126.65103477352288,179.092430217994,14.154983702330652,159.18008074489913,127.05521102915043,176.73662037650507,15.037438209148224,89.0298217171719,1.1702732733128576,0.02145647,0.012295226,0.02533614479743027,0.24588062186081738,2.7599860971164816,0.22574997
7,human7_steppage12/human7_steppage12_SkeletonData2.csv,steppage,12,168.08663213245643,136.38811266011078,179.14949751591365,10.806452450988397,152.268489122278,118.89506722855783,173.3290105183991,18.226275409227398,89.13660311936941,3.124445306377064,0.027234556,0.010722454,0.0353975087165599,0.18988606483271325,11.672558434038379,0.386472
7,human7_steppage12/human7_steppage12_SkeletonData3.csv,steppage,12,163.79347157845962,135.26537949896814,174.69574241133384,9.315081769508625,158.50059282887506,114.36443961047102,179.52043046277086,19.958953197137582,91.81348407614848,4.139320839952301,-0.031229956,0.014685286,0.0442021587392748,0.17148342001445444,25.725627939934142,0.9793637
7,human7_steppage12/human7_steppage12_SkeletonData5.csv,steppage,12,163.91939582020947,129.38664868566008,175.52838184583723,10.520621874692843,154.44284083139837,113.21331609201845,178.75134972867096,22.031561234343815,91.93433145447956,3.9396654446159247,-0.023727726,0.0090163015,0.042151243795771134,0.15037845244425196,19.39630047647536,0.49979997
7,human7_steppage12/human7_steppage12_SkeletonData6.csv,steppage,12,166.00655919478572,135.324254905618,179.5126503155264,10.434947804473168,152.3235154106848,116.8458311166134,175.94641450979364,18.67112387705355,92.77360842698548,3.739226566118569,0.0099425055,0.008544113,0.03953560169688893,0.1672230157362168,14.91218798327185,0.48729014
7,human7_steppage13/human7_steppage13_SkeletonData1.csv,steppage,13,160.62500152776332,131.482707713719,174.18603537332993,10.61684549695088,159.18182605581092,109.08265560897024,179.4377862910211,21.243356033964304,90.90392031576933,3.6637359395104214,-0.028801553,0.012359799,0.042725588871860655,0.20892053435448538,27.651803022439935,0.026079893
7,human7_steppage13/human7_steppage13_SkeletonData2.csv,steppage,13,161.38829287051172,133.90103845388091,179.52140797427447,10.915591075133344,154.01061782951507,109.49745958932358,177.29308133171892,19.381568320436422,91.68862372316504,3.4804444192879744,0.012589984,0.012416754,0.04374077196009118,0.26168416314999543,22.175252222001788,0.48344088
7,human7_steppage13/human7_steppage13_SkeletonData3.csv,steppage,13,161.63578434809924,133.0774719469063,175.17529231041058,10.64256910503898,158.08969992932518,115.79491814022086,179.36693883286895,20.838128271568355,92.18384551392906,4.015638825376158,-0.030822342,0.014632447,0.03519570860806571,0.1828137242538932,21.474200329143798,0.54056597
7,human7_steppage13/human7_steppage13_SkeletonData4.csv,steppage,13,161.64973479234553,134.4233867554202,178.2989182874751,10.936775056555826,154.16237295772126,111.45742022959955,174.16395825273977,17.356413492014827,91.70855210146813,3.872003278117831,0.008574206,0.014256538,0.038580179247292574,0.2625654669597778,18.831006491085347,0.5689199
7,human7_steppage13/human7_steppage13_SkeletonData5.csv,steppage,13,161.3820389959526,132.2683748080281,175.15768030459748,10.6440187315775,161.46852159374566,116.12449113078321,178.7939434873063,19.91130129564677,90.33524345081541,4.026694238785314,-0.023456017,0.0066052284,0.041225391498636584,0.15779698812210632,19.78014685995373,0.2107799
7,human7_steppage13/human7_steppage13_SkeletonData6.csv,steppage,13,157.86959995555065,118.45328058324921,179.83721079731362,16.079770248524582,155.17613016419935,119.29931392517523,173.60752005472762,17.565908693138137,90.78196035279387,3.837538848254315,0.01093007,0.008645198,0.03412804651563132,0.16409957616290116,7.075724084512018,0.16427016
7,human7_steppage17/human7_steppage17_SkeletonData1.csv,steppage,17,164.01393257961354,133.3521250022422,174.78201070430882,10.540948028592387,155.2294144652158,107.5857134058121,178.5991798795066,23.164540161138056,90.45762050136995,3.3154092310304892,-0.028813682,0.012374775,0.04116411791834115,0.2135947980275033,29.58358077162788,0.023577929
7,human7_steppage17/human7_steppage17_SkeletonData2.csv,steppage,17,166.40656704309615,133.64979260574833,179.61366713946586,10.51844711308529,152.1299074330555,116.84599568125532,172.499833920635,17.86916566908332,91.51476533334679,3.5836269338261793,0.010119081,0.017071413,0.048245118182178956,0.24352560617007857,9.689963705662166,0.005159855
7,human7_steppage17/human7_steppage17_SkeletonData3.csv,steppage,17,164.00474418240003,132.48699354975616,174.82668778446114,11.46961264553185,158.06711113654225,109.1975365209468,179.50099423619045,20.99236616997283,90.8086024162589,3.21737387358818,-0.03303345,0.011582832,0.04478000923103984,0.17765723374785966,27.963763480538674,0.05572319
7,human7_steppage17/human7_steppage17_SkeletonData4.csv,steppage,17,167.364775240547,130.46750308056804,179.41813109803772,10.906169995179248,154.5950320537806,114.57183523228723,177.90327209537583,17.242555389284753,91.1197987910229,3.2967474434957125,0.010000228,0.011113508,0.03429399481840386,0.2014158997456939,14.380808845618915,0.16821575
7,human7_steppage17/human7_steppage17_SkeletonData5.csv,steppage,17,164.34120751183087,133.4507320204666,177.37585060216298,10.389633924985208,160.6701567341147,110.63309824248681,179.3827551911721,20.908904818375387,88.33845029101157,3.799077020678137,-0.022718143,0.006438129,0.060265711571643836,0.16440363013302922,24.824538366988904,0.13509989
7,human7_steppage17/human7_steppage17_SkeletonData6.csv,steppage,17,165.90423261902075,136.03246101212042,179.88299017942458,10.659399806857913,158.04592598038764,119.29088740403321,173.92071966625218,17.03295760890284,89.16847088550496,3.7125208921969133,0.012121574,0.008839363,0.034862536145550606,0.15213057085397133,10.779303094914809,0.45722008
7,human7_steppage18/human7_steppage18_SkeletonData1.csv,steppage,18,163.54310403241914,136.3824757810582,175.8072591593276,9.536184592390871,154.2354197334099,110.68312083017177,179.36386533873593,22.704252310412485,90.4869308642487,3.720188212978251,-0.018864134,0.015255783,0.04774334251596845,0.2159728578195666,29.25596113029475,0.20006442
7,human7_steppage18/human7_steppage18_SkeletonData2.csv,steppage,18,168.37201952578863,133.2454896437592,179.85800282065384,10.635087333194544,152.03561284638968,114.94228347109431,172.88619080221645,18.669122787061333,91.21482380314816,3.5349661395292533,0.014005592,0.012938602,0.039184431855464136,0.2230533884025977,11.33139415422751,0.00457716
7,human7_steppage18/human7_steppage18_SkeletonData3.csv,steppage,18,164.9735320288772,132.59892311257428,175.01984148167358,9.93704061278168,155.86046899268302,113.71650804873042,179.80745843301435,22.218702192163228,91.79045283238736,3.5926354104811815,-0.03207539,0.013915775,0.03648108028208361,0.19078397437469238,23.67003201518463,0.12659907
7,human7_steppage18/human7_steppage18_SkeletonData5.csv,steppage,18,164.31387886661497,134.18433468475692,176.8840282460735,10.477010838262377,158.8978781211078,113.7120342541561,179.34819037530525,20.721904661272525,89.40686458951497,3.3532844251881295,-0.026919425,0.008400963,0.05588246886102466,0.1619403980318586,22.936462559832563,0.3222599
7,human7_steppage18/human7_steppage18_SkeletonData6.csv,steppage,18,165.27170851339594,9.87846787980214,179.414753362026,20.22999453770075,155.40621427951268,118.5205812667382,174.06505047892304,17.669497096499235,89.92125757241713,3.2406688996355837,0.009203306,0.009103316,0.033459377341126514,0.15852335369830148,113.99181627003902,0.54212
7,human7_steppage6/human7_steppage6_SkeletonData1.csv,steppage,6,160.55603051097376,129.46600207436163,175.80281738332815,11.929685289412047,155.87043018462685,109.74686483417042,179.75993448456293,21.864454630471176,90.14213297360405,3.246567719527561,-0.017683264,0.0151873585,0.037818603912083824,0.26830262071657324,23.676254341425988,0.8175671
7,human7_steppage6/human7_steppage6_SkeletonData2.csv,steppage,6,163.67327776960175,131.99122236032522,179.35710715953073,12.901017287419938,152.65409818951608,112.58641835118424,171.84605433982344,19.485619967373765,90.52206786573493,2.6409481838841344,0.018751733,0.011309214,0.041528191647611776,0.19363315002053866,11.8937511894337,0.64100385
7,human7_steppage6/human7_steppage6_SkeletonData3.csv,steppage,6,162.01320901037695,129.71528958317646,174.17104793097727,10.73248041411451,160.36792563192657,117.3111798710074,178.98515295436653,19.237449133551845,93.08353235491302,3.9508438322609605,-0.029870914,0.012020617,0.03563668571943573,0.17895437449896162,17.21821473555832,0.34938884
7,human7_steppage6/human7_steppage6_SkeletonData5.csv,steppage,6,162.19825164911,133.79407175815896,173.72352684682602,10.523088588395776,158.51321575809177,113.75453059836373,179.64986275664404,20.6443585906212,90.98061765973762,3.562494829656595,-0.017266558,0.008137932,0.053163924593668074,0.18671532346139444,25.965877069613256,0.23991013
7,human7_steppage6/human7_steppage6_SkeletonData6.csv,steppage,6,162.15963411232693,130.51449187544327,179.50748624271887,13.56464631449298,155.7731487386459,116.753778584741,178.00306085144447,18.41029929689449,91.67819005277714,3.3389698554957716,0.021699281,0.010771108,0.032290444606600535,0.19141890390151434,12.256287899427875,0.17304015
7,human7_steppage7/human7_steppage7_SkeletonData1.csv,steppage,7,160.7239213785353,132.08139097851674,174.32912503795967,11.464537504814983,156.57344903159333,108.10502901552533,179.7680068720069,20.89909677157698,90.9296455447798,3.1680007108806194,-0.015729023,0.018719202,0.04144251238716942,0.21758509601441975,29.41524379703864,0.37218976
7,human7_steppage7/human7_steppage7_SkeletonData2.csv,steppage,7,163.41196329413245,130.45919360448588,179.66003674336912,12.044935674235521,154.12639224847663,115.48875896912082,177.20893544357781,18.135607521408573,91.60751747384226,3.6444074818850076,0.017333182,0.011903971,0.041583117703156744,0.2169531782662842,12.519333335573748,0.21586704
7,human7_steppage7/human7_steppage7_SkeletonData3.csv,steppage,7,162.2001705936779,130.79351062593068,174.9299087266721,11.34519020352737,160.03619533886203,114.42773493347714,179.46136891306435,20.40262502359607,92.42292462787887,3.148402223657154,-0.029466845,0.010075317,0.04055431405148837,0.17083578790962714,20.89723587884579,0.43984008
7,human7_steppage7/human7_steppage7_SkeletonData5.csv,steppage,7,162.40330441175567,127.73129017085233,173.87197089648362,11.102876936739035,162.2670823547507,119.3487448564605,179.7937328432249,18.419744249531355,90.39842335205401,2.840060717691113,-0.019018358,0.009141998,0.048479221461195175,0.17115183830858657,14.304307261133104,0.09469032
7,human7_steppage7/human7_steppage7_SkeletonData6.csv,steppage,7,160.06017867275386,124.93675353949052,179.09939712473968,14.498738349509006,155.09005635364127,121.34891291997135,174.51927009619192,17.117346026354575,90.65422564135466,2.462583712024385,0.018594759,0.00639189,0.03476349751210286,0.16848960070814317,0.9922864090285941,0.0059001446
7,human7_steppage8/human7_steppage8_SkeletonData1.csv,steppage,8,160.17907916578997,131.24543994671853,174.1705487755085,11.82443501080986,158.81394043807632,107.06343749855006,179.6111657445565,20.21531259098757,89.71414663023668,3.4386714308068544,-0.015877504,0.013887606,0.04459446715100967,0.2291050528095772,29.62261941721647,0.45244122
7,human7_steppage8/human7_steppage8_SkeletonData2.csv,steppage,8,162.07050326738195,88.62477516530541,179.3839877468668,14.154813833934684,153.98950644130414,110.26198418200718,177.44723806403223,17.478044127372023,90.24596943865919,3.3639860958471535,0.017761048,0.0121297045,0.04061835956865816,0.19001798717780347,23.573958699536348,0.03364134
7,human7_steppage8/human7_steppage8_SkeletonData3.csv,steppage,8,161.8159313953441,131.4247553193807,176.33211974948037,11.241246116617948,157.4151729448121,105.5811216669011,179.70818735319688,22.187876585582384,91.19519937497354,3.7319640592326526,-0.025725301,0.013019718,0.03467055934855431,0.16696056557116873,29.219701256196103,0.4008062
7,human7_steppage8/human7_steppage8_SkeletonData4.csv,steppage,8,165.14858649162443,132.83590854550377,179.1412469120515,12.813618635086831,152.37691223538621,106.21965572901537,175.15319382367082,19.718281180914346,90.60049650604172,3.295216495785834,0.015028117,0.014794221,0.04076611603847175,0.34004896473460733,22.628199728107703,0.07509184
7,human7_steppage8/human7_steppage8_SkeletonData5.csv,steppage,8,162.34121130062124,127.74403384895517,176.92805017341666,10.978215318495456,158.6925741661894,115.34961548764983,179.40309820287897,20.857096075354477,89.91755365928317,3.7005472930130456,-0.02098536,0.008459508,0.036927283832632996,0.1497565191338302,14.869466390767641,0.089950085
7,human7_steppage8/human7_steppage8_SkeletonData6.csv,steppage,8,161.38461481697146,122.70009270013558,179.83868119686906,12.473794778134543,151.97470608343988,115.48921748106731,174.03148006448828,18.055246312441405,90.01541889348267,3.2764208607703593,0.012041945,0.010797893,0.03991765412296633,0.20922956287214153,1.403674086687488,0.112650156
7,human7_steppage9/human7_steppage9_SkeletonData1.csv,steppage,9,160.88081574851248,126.49752332952914,173.8554905408783,10.898093060901129,158.76479520035656,106.86596606095401,178.89954473034615,21.976456233876046,89.89857565903947,2.705596116578036,-0.0222131,0.013177293,0.0394173453842564,0.1972245286804359,24.675611458042994,0.37372303
7,human7_steppage9/human7_steppage9_SkeletonData2.csv,steppage,9,163.1508033932945,132.34492058080448,179.19354430495878,10.512588010317085,151.5449734021033,106.80009826750279,176.65379601528963,21.437321444629923,90.22529928149869,2.489070846796018,0.015153977,0.010078496,0.04519334508691595,0.24224267383067802,23.005074023632545,0.44520402
7,human7_steppage9/human7_steppage9_SkeletonData3.csv,steppage,9,161.2959163082109,131.07319191609014,174.78741405749818,11.543050485200778,158.18902383353338,105.00268515572088,179.76386859784108,21.593987354535436,90.97219193309206,2.443074836665498,-0.02599668,0.013464519,0.04364495182469524,0.19606246978810002,31.046961300712155,0.18465924
7,human7_steppage9/human7_steppage9_SkeletonData4.csv,steppage,9,161.04969349403768,131.991838405564,179.27715014612255,12.02972838429358,151.34673895061405,95.80694372071392,172.76161415014715,19.72226735995678,90.59189152909309,2.1018274245968773,0.014893833,0.016517535,0.035252963661317936,0.33219889444116846,29.669358688874695,0.5102539
7,human7_steppage9/human7_steppage9_SkeletonData5.csv,steppage,9,161.34446768947237,132.1616722906904,173.75067376474354,11.107735296189432,159.71989456594864,115.4323165361307,179.7789553812786,21.50364143190417,87.43016163434969,2.699826412084327,-0.018309934,0.009855728,0.04868629027400105,0.17542699119270272,22.75763737109476,0.48460007
7,human7_steppage9/human7_steppage9_SkeletonData6.csv,steppage,9,164.5308660409034,136.42711326701593,179.64874712101744,11.411549649052644,154.2227051051592,115.2136959263123,173.7040196807123,19.333986036438137,88.08969397003392,2.3482888789920673,0.016069828,0.014990176,0.037547207203338144,0.17986093189744803,15.268689900398485,0.3392601
7,human7_stiff_legged1/human7_stiff_legged1_SkeletonData2.csv,stiff_legged,1,170.06383877834713,133.33074906764304,179.84922442196324,12.706571439844064,171.23005648793264,160.01657826745418,176.03077065598782,3.0101330876291787,84.6079864021618,2.4443559208107555,0.027943956,0.011478759,0.032068226797335966,0.17728473544723558,30.504282965786558,0.17690921
7,human7_stiff_legged1/human7_stiff_legged1_SkeletonData3.csv,stiff_legged,1,165.6404109555481,133.4849667633169,178.04137973922622,10.959521365311554,170.6322655402873,127.37330552993468,179.49097727404603,10.547248545904429,85.01684667117385,2.4062673119862033,-0.019180827,0.014006876,0.029068237765858148,0.18142212714058353,7.561258768202023,0.44992495
7,human7_stiff_legged1/human7_stiff_legged1_SkeletonData4.csv,stiff_legged,1,170.63267927848332,135.23373224742477,179.8836047007047,11.511912013466365,168.8169734875847,155.93543009476318,175.26737614353772,3.4466180492255134,84.5626643745078,2.359416103340542,0.02522635,0.014437786,0.029181669376416225,0.22696357361700276,25.317926404505386,0.18083787
7,human7_stiff_legged1/human7_stiff_legged1_SkeletonData5.csv,stiff_legged,1,165.7896601858309,127.35460144934247,179.5219306303612,12.27215208358137,171.7317487409669,126.68272544484228,179.367410868522,9.356255302219456,82.6040768956243,1.8033850581908346,-0.010883986,0.008655893,0.0381005982155245,0.19146670700175486,0.5173562426609948,0.09775996
7,human7_stiff_legged1/human7_stiff_legged1_SkeletonData6.csv,stiff_legged,1,170.69837280786004,135.42277542505875,179.3881493203162,12.501145593259281,171.56183325080144,155.07236673595747,176.7476382730111,3.5238357394275086,83.51547047693761,1.6783646119528342,0.02326412,0.00947178,0.028122196989436157,0.14972425621702737,22.290102358203825,0.3160498
7,human7_stiff_legged13/human7_stiff_legged13_SkeletonData1.csv,stiff_legged,13,164.25272651369636,142.56488267473418,176.5082766476103,6.77234495806895,169.2070954894053,108.18207850242422,178.78328125525246,9.137834510679673,85.1964717697083,2.7732663049062682,-0.01232781,0.014508528,0.045639497849107084,0.3068865004359153,36.65780877995212,0.4427631
7,human7_stiff_legged13/human7_stiff_legged13_SkeletonData2.csv,stiff_legged,13,171.31696445885038,143.28542000482048,179.8318572590052,9.5092381109815,166.2288351157531,150.9195828138189,172.9111195116366,4.071180313214222,85.80093850873318,2.0732564978761747,0.02032972,0.012027259,0.04355529006395381,0.1605002098127853,14.554900556367016,0.30824304
7,human7_stiff_legged13/human7_stiff_legged13_SkeletonData3.csv,stiff_legged,13,164.98399640781295,133.59845932491524,176.47725297444714,8.69751456380873,168.82481332001169,98.60686896788079,179.89024626227393,13.459884970841346,88.42260783124499,1.9057528115914624,-0.023498569,0.014012063,0.045118352824005,0.17643923258314867,38.40458364486125,0.29541802
7,human7_stiff_legged13/human7_stiff_legged13_SkeletonData5.csv,stiff_legged,13,164.2374051904705,137.0742747042656,179.39399266362267,9.137039139817471,171.82748434384467,153.9799897614417,179.85244367496801,5.949522331008404,85.99629732251204,1.639153622821312,-0.019668529,0.008003827,0.055066073971116826,0.17909270566941718,16.447264045830735,0.5429001
7,human7_stiff_legged13/human7_stiff_legged13_SkeletonData6.csv,stiff_legged,13,170.1658310381518,140.3360885582807,179.64388574746283,11.230197235468692,168.90902723971786,156.36452583068834,174.88804652806255,3.052848107822257,86.61144879978549,1.5284522176970652,0.014639965,0.011379154,0.046850776775308224,0.16402400130159092,20.78427649180793,0.6224909
7,human7_stiff_legged15/human7_stiff_legged15_SkeletonData1.csv,stiff_legged,15,163.21268947567677,108.85424022502684,176.28083412850634,8.999476594422806,170.4077195526468,94.56326345545081,179.06344906627294,9.689817974926092,86.23628211088183,2.615494262906023,-0.020460559,0.017321093,0.052289537955981305,0.24438007632013556,17.07359170734263,0.31193614
7,human7_stiff_legged15/human7_stiff_legged15_SkeletonData2.csv,stiff_legged,15,170.20432784445617,140.27577044160657,179.02686358649825,10.124246224709536,166.82069201765302,151.84152916439473,174.0300122935534,3.957444870102445,86.53019785256238,1.6417254996914408,0.014191534,0.011635467,0.04612327141216409,0.16897766322421637,16.562610015733014,0.22890711
7,human7_stiff_legged15/human7_stiff_legged15_SkeletonData3.csv,stiff_legged,15,164.92911879430608,134.0517138569006,176.11239784993813,8.62901132379852,172.09423474669433,93.40427907816553,179.80385935301464,8.733311319991266,86.6645009420719,1.846422519742447,-0.027398804,0.0166356,0.044169988587780935,0.18236439384088446,44.33889628181157,0.06891608
7,human7_stiff_legged15/human7_stiff_legged15_SkeletonData5.csv,stiff_legged,15,165.16640929040207,136.9964372650278,173.62748572106705,8.69445629195311,172.3518789710113,145.69816998143222,179.82446807054694,6.258344057878373,84.37655607089386,1.789041275572468,-0.02073822,0.00917347,0.05616323056623107,0.18126596230386838,2.504750366924526,0.46669984
7,human7_stiff_legged15/human7_stiff_legged15_SkeletonData6.csv,stiff_legged,15,170.69318452042583,137.856385085714,179.66930833442822,10.522548412557132,170.22277099453112,160.69331682423882,177.14439437674415,3.0934798401797963,84.78471613114492,1.88808523610771,0.009077036,0.009921721,0.046163344639433446,0.1491797549419541,25.36184569620889,0.5789499
7,human7_stiff_legged17/human7_stiff_legged17_SkeletonData1.csv,stiff_legged,17,161.87210999051615,136.21590831370733,176.41847678819528,7.768597870277273,169.28483622340647,140.49810972623274,179.32146592827925,8.555686886484985,85.39116833757559,2.2023220878779055,-0.013666364,0.017939152,0.039761579430712485,0.24380348139131833,1.3792122724414355,0.42833304
7,human7_stiff_legged17/human7_stiff_legged17_SkeletonData2.csv,stiff_legged,17,168.21869863848468,135.6266419222765,179.84399030303732,11.088351786157222,164.2047707408884,150.0804438790116,171.15148547154377,5.360129242933267,85.5132661839169,2.5366941219450205,0.011284907,0.009746236,0.054969099517213925,0.17370758152559762,23.146306788228657,0.031437874
7,human7_stiff_legged17/human7_stiff_legged17_SkeletonData3.csv,stiff_legged,17,164.35632140725667,136.6481914398136,175.62149048984804,8.781895712883621,167.71524146248308,95.17526798213879,179.60596209102175,16.31314148924545,87.95775680648406,2.1689853473113465,-0.031783063,0.014357719,0.038703782417429736,0.17072100507059837,45.457395058848505,0.30188894
7,human7_stiff_legged17/human7_stiff_legged17_SkeletonData4.csv,stiff_legged,17,169.38357596824787,138.318838274258,179.7249479854904,10.592441361247706,165.42053291361896,146.42201704440106,174.63707519827886,5.673746277897289,87.8248722742419,2.3495768974661706,0.012114977,0.019715035,0.051913497871594536,0.3152439590123472,13.19105155735457,0.00056290627
7,human7_stiff_legged17/human7_stiff_legged17_SkeletonData5.csv,stiff_legged,17,164.92879008276128,139.5950134364682,173.58481493124947,8.064893309032247,170.43267234191387,131.79914796024875,179.74432774883476,9.225540161588091,85.35029220625127,1.7937196964599615,-0.027759373,0.01422517,0.04909362461542227,0.1588465545905311,13.955378293804756,0.53808
7,human7_stiff_legged17/human7_stiff_legged17_SkeletonData6.csv,stiff_legged,17,170.52247473355496,139.85851094667203,179.64841642591816,9.61565918666536,167.08244735917512,117.98568303182842,175.5594714816898,7.0532624278034275,86.01170200258194,1.9479413854706094,0.008992751,0.012098503,0.043407792585120765,0.1650132352552311,17.783882970615252,0.6266298
7,human7_stiff_legged19/human7_stiff_legged19_SkeletonData1.csv,stiff_legged,19,163.30086983528946,134.9034268490147,175.48111256395399,8.447414325479615,170.90166206767324,142.38075542496458,179.33953916128596,7.582619490866552,85.86783534712532,1.7886110227761907,-0.019261373,0.015945194,0.03868933398920616,0.2521774346894785,3.618901978617913,0.086378574
7,human7_stiff_legged19/human7_stiff_legged19_SkeletonData2.csv,stiff_legged,19,168.86348503260905,137.47184066698244,179.91526891334752,12.16341417576961,167.78978147636937,153.11584136159914,174.1180179200735,4.077290110611145,85.85503724958531,1.6997631032465983,0.023406906,0.012782795,0.04608763536396352,0.16901947489800964,21.441251687890713,0.27365112
7,human7_stiff_legged19/human7_stiff_legged19_SkeletonData3.csv,stiff_legged,19,164.3850022561345,140.00857267996585,177.88889502434043,8.67107313658442,171.67998530441372,141.32576369041635,179.75785945323574,6.934009835142741,87.22767926543769,1.6448298650752688,-0.01909254,0.013965026,0.03838435732054285,0.17399762560361576,0.5517734184448102,0.15880656
7,human7_stiff_legged19/human7_stiff_legged19_SkeletonData4.csv,stiff_legged,19,170.61307799913607,140.78551862503846,179.63148222706732,9.846670671469543,166.82425908584992,150.87932033094464,176.56700983609534,4.500365122209384,86.87882608716379,1.6523267020303005,0.023708943,0.01167496,0.04296163302836144,0.2873256719256006,13.15827409687816,0.0038290024
7,human7_stiff_legged19/human7_stiff_legged19_SkeletonData5.csv,stiff_legged,19,164.8149089193856,139.09747956530515,175.95342945980804,8.003225730429651,172.50696489411874,145.4611642270274,179.63122989721555,7.1011441097699715,84.19627313526483,1.7934416247459743,-0.015866397,0.0071835537,0.051405562825504986,0.15524434794074715,2.685884224314748,0.45142984
7,human7_stiff_legged19/human7_stiff_legged19_SkeletonData6.csv,stiff_legged,19,169.7175850722747,140.74306178269336,179.74439771148445,10.150776185463194,169.99633239342197,155.54858717842941,178.4175070498522,3.937355310490384,84.6413743077268,1.9064573981770003,0.018756226,0.0071483706,0.03784436631798222,0.14926159919071308,16.132416057368317,0.28671002
7,human7_stiff_legged3/human7_stiff_legged3_SkeletonData1.csv,stiff_legged,3,163.84444180865472,131.47680486797998,176.35071872245794,10.26059307983358,169.7390900940951,117.2066438098397,179.6033672435501,9.919221732318482,85.31328278714803,2.6724081450261394,-0.01862595,0.0127260005,0.03809055572244184,0.2940752421815448,17.522809579232444,0.4276743
7,human7_stiff_legged3/human7_stiff_legged3_SkeletonData2.csv,stiff_legged,3,170.32483008561198,130.76349161461175,179.35479854982728,12.208796899957951,165.7690904162695,154.51718602495336,172.66281687091356,3.8743569969467484,86.1434283481835,1.7151892104758872,0.01552531,0.011814099,0.03516490533468991,0.14720074133131508,30.44567608925533,0.28632498
7,human7_stiff_legged3/human7_stiff_legged3_SkeletonData3.csv,stiff_legged,3,165.2932843980201,129.48407253460346,176.45383945925147,10.690517268692576,172.31774573760293,146.5660283231897,179.69636549382113,6.753721160782602,86.41733563659866,2.41463910842763,-0.02885788,0.016828723,0.04076862628376415,0.18236641074744428,13.839429754016578,0.15829802
7,human7_stiff_legged3/human7_stiff_legged3_SkeletonData5.csv,stiff_legged,3,164.96472843310923,133.20578302051402,176.57844056676174,11.21126691981893,172.22585028361422,135.49952410288998,179.76756599034914,8.223246847341228,84.92778793167422,1.9331975292220556,-0.018183164,0.00764976,0.05362396424742469,0.17049265970991473,0.8953843412114395,0.31669998
7,human7_stiff_legged3/human7_stiff_legged3_SkeletonData6.csv,stiff_legged,3,169.4414035657721,134.2473863393598,179.71983381020593,12.327012473989557,170.31996100634882,159.0086069738527,176.55036607322324,3.1159322397860807,85.4022091478453,1.9623530420955935,0.017517447,0.0103332,0.036325070080433494,0.14721412129337633,27.930688371475583,0.2919302
7,human7_stiff_legged5/human7_stiff_legged5_SkeletonData1.csv,stiff_legged,5,161.99440951602608,127.90802102523674,175.31973439388895,11.585270193329361,165.12525272219665,100.68203456603341,179.66144947486788,16.5009762333666,85.55011553862941,2.2799716199807034,-0.028903786,0.015413719,0.03810445788294055,0.19753761879304885,31.567701540182256,0.27718115
7,human7_stiff_legged5/human7_stiff_legged5_SkeletonData2.csv,stiff_legged,5,168.5202393522831,133.08718093367406,179.7496872470018,13.05861289123876,165.949329444144,153.8289923524807,173.5125842434147,4.715318972557692,85.89286317974081,2.5289392270103783,0.016827941,0.013203254,0.04627947299044073,0.1881383447720762,26.97891442239373,0.12130189
7,human7_stiff_legged5/human7_stiff_legged5_SkeletonData3.csv,stiff_legged,5,163.11656319469827,129.4788099952545,175.44664241522884,10.999502399957173,172.0672439988514,119.06954284173086,179.88291874111928,8.054422744173355,87.99233964415153,2.616837983573079,-0.0286371,0.015246369,0.038701243253925904,0.15764787654647397,14.845543479414076,0.42012095
7,human7_stiff_legged5/human7_stiff_legged5_SkeletonData4.csv,stiff_legged,5,168.3844451748884,133.00174938687718,179.854134949767,12.070443388860465,166.93714529451296,125.75973661905175,172.1453139655771,4.873033736428584,87.63717665595928,2.374871121051631,0.014605795,0.014851327,0.0393433144684048,0.33631147327792643,0.466808216364484,0.5450542
7,human7_stiff_legged5/human7_stiff_legged5_SkeletonData5.csv,stiff_legged,5,166.01498979036006,134.04123463288875,176.33583198369382,10.269027757108102,170.20871003191715,69.39642387299969,179.2330180311752,14.417594139971923,85.31075916602029,2.0553465132864357,-0.015782716,0.009277124,0.04537302044195498,0.17908578231167444,67.54199680737042,0.042520046
7,human7_stiff_legged5/human7_stiff_legged5_SkeletonData6.csv,stiff_legged,5,170.71714057858344,136.44354330576488,179.333018779607,11.303441586700487,170.01863785156618,155.90419358764902,177.39476983256426,3.3828798984894535,85.51137044720639,1.7812416972142273,0.018137628,0.013435507,0.04036716003960678,0.15936462280056257,21.398899228926865,0.10890007
7,human7_stiff_legged6/human7_stiff_legged6_SkeletonData1.csv,stiff_legged,6,164.60102590039776,132.1990288679332,176.5240763818809,9.214240100071363,169.869836829606,91.13478592081812,179.80982196807759,10.519634390318675,85.59850682014836,2.380616315501835,-0.015837643,0.013356108,0.036788554654923464,0.25798743907262,44.34998853331179,0.22234607
7,human7_stiff_legged6/human7_stiff_legged6_SkeletonData2.csv,stiff_legged,6,170.9720853995831,133.37276781661208,179.46789068452364,10.832252244659344,166.37414253149083,151.95615744322143,172.8962921060439,4.993839251911753,86.29025479105506,1.7504822085944067,0.015238683,0.012780477,0.03631687870404523,0.1400442599242153,25.154988205089097,0.01014781
7,human7_stiff_legged6/human7_stiff_legged6_SkeletonData3.csv,stiff_legged,6,165.1956132023861,128.55183642469348,176.29925375875877,9.83725866991944,172.1801937788237,137.22457583383544,179.75932801323722,8.1558082210332,87.0008657319436,1.8682779478472038,-0.025417829,0.013117098,0.03470637050180237,0.16400711021346417,5.212665154663512,0.14914489
7,human7_stiff_legged6/human7_stiff_legged6_SkeletonData5.csv,stiff_legged,6,165.4283989105986,131.45055494401637,176.31873095621862,10.675927335901712,172.6333792257322,135.32087387512632,179.5532659661867,7.851145287946447,84.59504134130412,1.363803402852533,-0.014869421,0.0077351164,0.05905833539744947,0.1422153945095249,0.635783921141865,0.36574006
7,human7_stiff_legged6/human7_stiff_legged6_SkeletonData6.csv,stiff_legged,6,170.05343416052546,136.24415303067389,179.19981330818604,11.716967589535173,170.92115802572508,160.11134284810495,177.51042020723082,2.9787682143117347,85.28983932619684,1.4783989123410168,0.020501323,0.01277073,0.033281206722436,0.1397959764694612,25.556582918386283,0.23722982
7,human7_trendelenburg1/human7_trendelenburg1_SkeletonData1.csv,trendelenburg,1,164.22244219598053,142.2867414206412,175.1653287525778,7.210592017669021,160.92353787592702,112.00782622614435,179.2069115553157,16.193188326754623,89.11789857198094,3.289505206066236,-0.022254556,0.015382323,0.04309048717904118,0.174604348701607,34.32049799723475,0.06678271
7,human7_trendelenburg1/human7_trendelenburg1_SkeletonData2.csv,trendelenburg,1,167.76615481319723,138.53850583519446,179.60313932492866,9.975480474719054,154.88834236126667,121.46206053613305,172.2715282737929,14.28532500459822,90.66165236253148,3.252277909984966,0.012673187,0.0072530312,0.05995829136278465,0.2079927996446651,9.744834247925652,0.0999279
7,human7_trendelenburg1/human7_trendelenburg1_SkeletonData3.csv,trendelenburg,1,165.16279429550326,137.25802247416243,175.166482471004,8.174465407310135,163.81862659482243,114.79704460488206,179.1033821350668,15.083331682208813,91.0374420209473,2.267917259878601,-0.03523032,0.017187506,0.04442976363986615,0.18904689357241278,26.397877533343163,0.21351385
7,human7_trendelenburg1/human7_trendelenburg1_SkeletonData4.csv,trendelenburg,1,168.4072515475712,137.82322804093278,179.58487700789937,9.897537647969232,158.88454742635741,123.70755443453467,175.69800316260938,14.289148330855388,92.19722463349133,2.4607412901365007,0.0070253704,0.008523175,0.053317639577661585,0.24091716119283482,10.228799761108121,0.98907185
7,human7_trendelenburg1/human7_trendelenburg1_SkeletonData5.csv,trendelenburg,1,164.88671464280242,100.92252594436954,175.0469971945245,11.150411323608353,165.5634546533017,121.09414140185432,179.54138677403108,13.396182494760607,87.80371259359079,1.651060351400974,-0.03189662,0.011565113,0.05109591041372797,0.17290605368369247,15.677225877978188,0.605772
7,human7_trendelenburg1/human7_trendelenburg1_SkeletonData6.csv,trendelenburg,1,165.4560092579782,138.9715229807658,179.51514007000637,10.381274922765014,162.12284298997264,124.522285514571,177.6956416335671,12.373731171138665,89.13120417423046,2.199075348926158,0.0048489766,0.009516364,0.05165423244154693,0.20418068148150517,12.629739029755541,0.67219114
7,human7_trendelenburg10/human7_trendelenburg10_SkeletonData1.csv,trendelenburg,10,162.55491401357295,138.3548651427793,172.45660512598965,7.530202432102588,166.15345327706305,125.91600236927573,179.13091702981515,13.154361020013416,87.96936193902967,1.7731367968198732,-0.03682916,0.014736755,0.05703118897672822,0.2285584886828573,19.113174677329056,0.067836046
7,human7_trendelenburg10/human7_trendelenburg10_SkeletonData2.csv,trendelenburg,10,166.52415000268124,141.81558273123616,178.30209688636378,9.565661484888489,158.87446712791305,126.05688249857549,175.34895541431905,13.18959867559785,88.63947137836507,2.0762517573533845,0.009648783,0.010821757,0.06853213252175246,0.20631177087383992,12.805558760615938,0.17634916
7,human7_trendelenburg10/human7_trendelenburg10_SkeletonData3.csv,trendelenburg,10,162.74687618435365,134.1689419397339,176.6586326975292,8.534595549741718,166.93486625562096,128.88810851343473,178.7479318136207,13.16685939278898,89.02095350340147,1.6236662990300361,-0.032955162,0.020902753,0.052250953697889214,0.22691216930244285,7.370132542390678,0.37547398
7,human7_trendelenburg10/human7_trendelenburg10_SkeletonData4.csv,trendelenburg,10,165.43126026324913,132.11315915116333,179.04165859679117,10.10616575254699,159.72291965120598,126.69393383853878,178.15594410221334,12.858629873516316,88.86437045991985,1.6631500858735941,0.014253652,0.011218721,0.055085604550817124,0.23780979164319294,4.533510818046722,0.008697033
7,human7_trendelenburg10/human7_trendelenburg10_SkeletonData5.csv,trendelenburg,10,161.83852109272937,128.6700424516251,173.49996538217655,10.523214760766813,165.46364880919813,126.50247189986283,178.7170028784121,13.84032734826792,87.37355079673729,1.5332357235273886,-0.030868698,0.0071571534,0.05940357561928038,0.2034717746812421,7.38460804799783,0.11619997
7,human7_trendelenburg11/human7_trendelenburg11_SkeletonData1.csv,trendelenburg,11,162.28295827655631,140.14631891425802,176.1975862011958,8.995288912307666,160.67209932992589,70.53592519090382,179.7221341096087,23.813515434496335,86.97893243213923,3.3309276355623267,-0.02617751,0.020259725,0.05907789549440341,0.2656400473208025,73.13494163176709,0.7486155
7,human7_trendelenburg11/human7_trendelenburg11_SkeletonData2.csv,trendelenburg,11,162.40258365722232,130.84384347139766,179.1360709378598,12.014372569024243,159.24189917123942,123.94576225507612,175.97142440514676,12.138497981748346,88.55590622652647,1.6830946840045233,-0.006240553,0.018041631,0.04535221956524041,0.20310728617764823,3.7334346836084933,0.51820683
7,human7_trendelenburg11/human7_trendelenburg11_SkeletonData3.csv,trendelenburg,11,163.53791262218434,143.50502936023182,172.8600685423571,7.530862520924661,165.097357721141,125.3871699664429,179.8743514849311,14.560782802406672,88.59146196428532,1.5475085767822292,-0.040550027,0.016222961,0.053435493582763914,0.1954896379541058,25.132142336362918,0.38481092
7,human7_trendelenburg11/human7_trendelenburg11_SkeletonData4.csv,trendelenburg,11,165.5825851311683,140.49828442301805,179.44001148379772,9.971677102182985,158.14701988394103,121.98941020643532,175.83222940321923,13.982098864249243,88.6751833279835,1.8869206620925263,0.009865313,0.008634307,0.05001347902064524,0.19332941391147185,14.901092136004237,0.509922
7,human7_trendelenburg11/human7_trendelenburg11_SkeletonData5.csv,trendelenburg,11,164.76825255440795,140.1385899614948,175.25269555619636,8.836944354905617,164.41209595173814,122.17276648964607,179.49907779095898,14.839325173744319,85.49655046626306,1.3970000683453763,-0.036164075,0.0094666295,0.06481975275357138,0.17757699464330434,22.212205706611357,0.14148998
7,human7_trendelenburg11/human7_trendelenburg11_SkeletonData6.csv,trendelenburg,11,166.67684125812963,126.68810683374994,179.85162976060212,9.616364485127221,159.01859748012205,119.25000448051159,177.90329475990737,13.671852703364314,86.38802568280936,1.558475875715033,0.003978229,0.009078272,0.045413660284960494,0.1936325537308668,5.489767352543595,0.13518
7,human7_trendelenburg14/human7_trendelenburg14_SkeletonData1.csv,trendelenburg,14,163.2364835550331,138.55108652249106,176.48895339912127,8.045109874872603,159.6769710469136,22.55885190844635,178.4855447524893,26.937459502595015,86.26688532002811,2.7130693135639232,-0.023181079,0.012531253,0.0555747996232423,0.2286712435688921,117.98882596741274,0.35223985
7,human7_trendelenburg14/human7_trendelenburg14_SkeletonData2.csv,trendelenburg,14,165.90113841882567,140.3136414505098,178.90443064703368,9.434306674725235,158.67802675348904,127.83089313244454,177.93912630804127,11.921578000784887,87.79528520306334,1.7790446368379076,-0.0044990797,0.008297845,0.05137788035223161,0.18448132544691237,11.517443979072851,0.086888075
7,human7_trendelenburg14/human7_trendelenburg14_SkeletonData3.csv,trendelenburg,14,162.1717112812701,133.08773593684083,175.18842790898339,8.994683729654346,165.87917293031904,129.05140000032773,179.7027267436808,13.306008314742773,88.80012780473704,1.821287645996191,-0.036769714,0.018041778,0.0448126816901582,0.17086412294828038,8.550634771210525,0.006021738
7,human7_trendelenburg14/human7_trendelenburg14_SkeletonData4.csv,trendelenburg,14,167.71887059283415,141.23399128258905,179.51744843496286,9.763471353545704,159.59675110582478,125.71050019878284,179.15075241064372,12.132025489666752,88.48351729123509,2.1118788988647044,0.009891807,0.008066944,0.04789668358906067,0.17894900688760668,15.156795059487067,0.11163688
7,human7_trendelenburg14/human7_trendelenburg14_SkeletonData5.csv,trendelenburg,14,163.2628981435421,133.57825057209288,174.94556703834698,10.066280377817861,165.8168296068076,123.36021827351453,179.8999867776681,14.520731548446127,86.01329659890662,1.536808863002863,-0.0316167,0.00832716,0.055290916052284304,0.17480060888657573,15.172452037899461,0.2926798
7,human7_trendelenburg14/human7_trendelenburg14_SkeletonData6.csv,trendelenburg,14,167.94533187111304,137.17613858632825,179.53660961241852,9.602945706004908,159.92907042837402,124.93098187129166,175.5085194016133,12.763722604947388,86.96323981485264,1.5604580791387463,0.0046470533,0.008627487,0.045359566230887036,0.17687145547437896,8.217066504231383,0.13506007
7,human7_trendelenburg17/human7_trendelenburg17_SkeletonData1.csv,trendelenburg,17,161.5542691408799,135.81844985056577,174.86972272667737,9.073136648588498,163.68072087669947,125.14244588079353,179.13343805239606,14.61263103750913,86.61950727335064,1.52273520097395,-0.0375646,0.020351741,0.05988933594044537,0.191100196165345,14.939719295490931,0.22050714
7,human7_trendelenburg17/human7_trendelenburg17_SkeletonData2.csv,trendelenburg,17,160.09392371913802,138.09567239517574,179.09353652424437,13.175671363092444,159.9516225463205,127.31708541114644,174.75912756959224,11.476616638525364,87.14714527851115,2.0360282718766127,-0.0017390104,0.011202778,0.048304033409872736,0.1730112988696339,6.44417802937717,0.49034715
7,human7_trendelenburg17/human7_trendelenburg17_SkeletonData3.csv,trendelenburg,17,162.37318557640418,135.15527901352092,174.50151623022617,8.92615385142358,165.15493905337433,124.6035576752126,179.1659617747579,15.37128917492103,88.04484148821362,2.204296420936381,-0.0425005,0.015136388,0.04453047927653381,0.16911068022115372,15.216166882840056,0.095877886
7,human7_trendelenburg17/human7_trendelenburg17_SkeletonData4.csv,trendelenburg,17,164.6148337668321,127.79411594480295,179.5443429824419,11.235441517415524,160.6053699972699,120.50814344981058,177.09527839944474,12.225080507546279,88.03427678563439,2.4688006873620454,0.0039548133,0.008979526,0.04006564810570238,0.17355898904490513,4.836907911995226,0.25787878
7,human7_trendelenburg17/human7_trendelenburg17_SkeletonData5.csv,trendelenburg,17,161.76367948067522,137.82317713552928,174.20343618055506,9.732423724571746,167.25014268275842,126.29340129479179,179.55932829513029,13.636497988068413,85.90622449709102,1.8019032039236,-0.031433884,0.007038512,0.05192008020435031,0.17810252036975413,16.885667955312712,0.5490899
7,human7_trendelenburg17/human7_trendelenburg17_SkeletonData6.csv,trendelenburg,17,165.08679806618275,131.88553385469635,178.08625006178178,10.376445686199554,161.00254452712963,121.69769388204489,173.80512716158788,11.967063855290101,86.73062215751779,2.038896394457784,0.008434491,0.008673596,0.04275923814077092,0.19159369268641904,5.906717072457553,0.5100002
7,human7_trendelenburg20/human7_trendelenburg20_SkeletonData1.csv,trendelenburg,20,160.39077962896053,132.53144374579864,174.4649488827879,10.714767248708574,160.3931076949128,126.23419233969418,178.52060443141826,15.59503787183881,87.6691524553539,1.4002727586947823,-0.019926265,0.022159595,0.05329710328961355,0.2325074985993968,10.352906954734834,0.034448147
7,human7_trendelenburg20/human7_trendelenburg20_SkeletonData2.csv,trendelenburg,20,163.38841047779505,133.9577079815896,179.23068693021082,12.152027849042973,156.73227667852498,119.88138008921658,171.72417029486226,13.950013414952183,87.70033369174112,1.8926877191473033,0.0089991875,0.019876087,0.04928598113166526,0.19842654531131873,6.569811257024469,0.37829685
7,human7_trendelenburg20/human7_trendelenburg20_SkeletonData3.csv,trendelenburg,20,160.25904320021053,132.62167082909073,175.92951379022895,11.623744935954974,163.2498819601637,120.64181482142972,179.15230017311924,15.662003803162728,88.27864238401477,2.0691400367406674,-0.03912175,0.019015478,0.0528447176074779,0.23487956477015023,15.202642390551304,0.987587
7,human7_trendelenburg20/human7_trendelenburg20_SkeletonData4.csv,trendelenburg,20,162.86858350281662,134.1623884448241,177.8375676622635,12.774014167990142,158.23151264687957,119.323625645759,174.55152889099253,14.255119457565169,88.65423539800842,2.215049343086079,0.0076434505,0.011634831,0.05280142321129862,0.22976763569321879,11.552724027794142,0.062576056
7,human7_trendelenburg20/human7_trendelenburg20_SkeletonData5.csv,trendelenburg,20,162.59249930081685,132.89951920773905,174.3722432460875,10.438092863892855,164.47715339631554,125.13164466963512,178.7381995129936,15.210401915872795,86.38237610348588,1.3593310433833143,-0.032413937,0.0089756,0.04873399298740128,0.20960416134994153,12.133830805010021,0.06043005
7,human7_trendelenburg20/human7_trendelenburg20_SkeletonData6.csv,trendelenburg,20,163.5449045184487,124.5152099530292,178.49964090712385,12.381764055988908,158.58580660570436,117.23651498213815,175.0214888688281,13.680646930604922,87.01168209347367,1.5806024762070636,0.005108847,0.009808497,0.047542196922488025,0.22213331334876113,3.800542932595306,0.0805099
7,human7_trendelenburg3/human7_trendelenburg3_SkeletonData2.csv,trendelenburg,3,164.14236818481632,133.64676802133772,179.0169732944888,12.45686463926964,158.1022729729053,115.94769851358927,175.01467112649138,16.161207608546984,87.28918539490361,1.5945393383135016,0.021762313,0.019533575,0.04151014576800032,0.1927906349484616,13.696767339751034,0.21853232
7,human7_trendelenburg3/human7_trendelenburg3_SkeletonData3.csv,trendelenburg,3,162.81858437744822,139.6659081672573,176.06399306269094,7.089712175977816,164.0252981235436,122.93111373347834,178.69393700930817,15.470198288727813,89.50751136369793,2.2078011741530514,-0.024036918,0.018638775,0.05027447936201507,0.21480647093032254,19.36473838039619,0.38354754
7,human7_trendelenburg3/human7_trendelenburg3_SkeletonData4.csv,trendelenburg,3,163.1233894983794,132.81514059815586,179.13052793773375,10.247843516676259,159.07767187867688,123.37613658221338,177.663856635703,14.129305472767058,89.96310032556642,2.3182834727488455,0.023943523,0.010339435,0.05977678089406862,0.2158401141231689,7.972332713911754,0.5675452
7,human7_trendelenburg3/human7_trendelenburg3_SkeletonData5.csv,trendelenburg,3,162.5438844527734,143.47446315266734,172.86297194485712,7.746034244154086,167.89696975691012,123.58152563716997,179.2227133242645,12.8407822519271,86.33391195543875,1.6559216385834794,-0.02518373,0.008760714,0.06097220189874336,0.20625477041501925,26.252678894904747,0.79651
7,human7_trendelenburg3/human7_trendelenburg3_SkeletonData6.csv,trendelenburg,3,162.75961839891804,116.59060115388235,177.02889330289625,11.863443323012067,162.52981423112172,120.65615403213961,176.77814112800434,12.83148241827189,87.41033299011444,1.7243607830193215,0.018176971,0.007460117,0.052485551155095414,0.21687549055868385,4.316305053149179,0.7846799
7,human7_trendelenburg9/human7_trendelenburg9_SkeletonData1.csv,trendelenburg,9,163.22444364037176,145.61512684328065,174.43156373058514,6.461384928218261,163.58182382305,114.29380372724133,179.02029988613987,15.815449540071945,86.8588808427626,2.767211037777859,-0.023296054,0.022258084,0.048829546407645266,0.27807669563875387,35.91005927159405,0.5745971
7,human7_trendelenburg9/human7_trendelenburg9_SkeletonData2.csv,trendelenburg,9,167.82346294755524,148.26058637035024,178.96442527429937,8.14339520917534,159.2082398972474,125.69775996156645,176.9156182698318,13.029921902959822,88.07090849529604,2.706342771770118,0.0020417254,0.01912034,0.052069269673837924,0.22198258233794546,20.51401940431623,0.037388563
7,human7_trendelenburg9/human7_trendelenburg9_SkeletonData3.csv,trendelenburg,9,163.48914242346746,146.91144102349296,175.8588388334848,7.154591315651782,163.9601223766356,121.62516665049614,179.5843842124711,14.31039851537905,88.90214401134405,2.0505134577198305,-0.03332915,0.017445872,0.05124176724078262,0.21458414510550805,29.011819751983097,0.034236908
7,human7_trendelenburg9/human7_trendelenburg9_SkeletonData4.csv,trendelenburg,9,165.49318724460448,123.57733934907502,179.4841487805223,10.422949116517922,160.59459441183785,123.63611511899407,175.61921497589034,13.234348022071279,89.10556567691907,2.1398035871323144,0.011314715,0.011285248,0.05288888700182028,0.21759497934635935,3.9237095745510118,0.06129694
7,human7_trendelenburg9/human7_trendelenburg9_SkeletonData5.csv,trendelenburg,9,164.42173686759722,145.75654678484415,176.04647602797633,7.938806161861947,162.66457784992747,126.04629575221821,179.06392962341766,15.159032623833093,87.10659132807112,1.0553341663344853,-0.025058351,0.008606532,0.060533329155983744,0.20319449651224583,22.727704628067272,0.32971
7,human7_trendelenburg9/human7_trendelenburg9_SkeletonData6.csv,trendelenburg,9,166.6629195315062,136.99676708832584,179.59518063465873,9.024070062632443,160.54201950565408,123.06306883616008,177.3204887672587,14.360406711868684,87.79777962058067,1.2663649547481737,0.013826973,0.00894302,0.0514583159903994,0.20562470546884506,11.659006384765718,0.30348015
