subject_id,source_file,true_label,predicted_label,prob_antalgic,prob_lurch,prob_normal,prob_steppage,prob_stiff_legged,prob_trendelenburg
1,human1_antalgic1/human1_antalgic1_SkeletonData1.csv,antalgic,antalgic,0.9643406431448931,5.789708761361017e-08,0.00013044459905158526,1.6465245973683577e-06,0.035362284478049115,0.00016492335632119692
1,human1_antalgic1/human1_antalgic1_SkeletonData2.csv,antalgic,antalgic,0.9776005631957677,4.117956355780002e-08,2.9982539805777473e-07,9.920273734944196e-08,0.022360893299257004,3.810329727624481e-05
1,human1_antalgic1/human1_antalgic1_SkeletonData3.csv,antalgic,antalgic,0.9516594675480015,8.584006896691881e-06,0.0034873274692467783,0.009284095766789057,0.03282063163448896,0.0027398935745771187
1,human1_antalgic1/human1_antalgic1_SkeletonData4.csv,antalgic,antalgic,0.8206953882348346,5.771840169919159e-07,7.285605542717024e-05,1.719250936058713e-07,0.17917802170272226,5.298489790518447e-05
1,human1_antalgic1/human1_antalgic1_SkeletonData5.csv,antalgic,antalgic,0.9324408504440737,1.4264968264008297e-06,0.01506315550473293,8.829514166049482e-05,0.04805102080886979,0.004355251603836701
1,human1_antalgic1/human1_antalgic1_SkeletonData6.csv,antalgic,antalgic,0.9686153945675258,2.1718716315578983e-07,2.0985881784051883e-05,4.0951089305898915e-06,0.031248534110875872,0.00011077314372051646
1,human1_antalgic10/human1_antalgic10_SkeletonData1.csv,antalgic,antalgic,0.4918713775737633,1.2917272774071304e-05,0.0015751872885062122,1.1551236427877285e-06,0.4466363713490522,0.05990299139226152
1,human1_antalgic10/human1_antalgic10_SkeletonData2.csv,antalgic,antalgic,0.9547080181418511,9.18371317546414e-08,7.940619493694966e-06,6.905141389592556e-08,0.045263896188101053,1.998416200840458e-05
1,human1_antalgic10/human1_antalgic10_SkeletonData3.csv,antalgic,antalgic,0.9750177563471948,2.686678008492652e-07,2.783048237733204e-05,7.909827533656738e-07,0.02348016572664748,0.0014731877932260835
1,human1_antalgic10/human1_antalgic10_SkeletonData4.csv,antalgic,antalgic,0.9833321954525545,9.886704418281437e-09,1.4551595558914943e-06,1.035275984501065e-07,0.016648090090020377,1.814588356609441e-05
1,human1_antalgic10/human1_antalgic10_SkeletonData5.csv,antalgic,antalgic,0.9720730286456628,3.236423648148098e-08,0.00587933969479363,2.3283201332313875e-05,0.021907307070231193,0.00011700902374340246
1,human1_antalgic10/human1_antalgic10_SkeletonData6.csv,antalgic,antalgic,0.9891850611313815,2.584554079293066e-08,6.006114829810315e-07,2.0199293913175163e-07,0.01080078418332305,1.3326235332503392e-05
1,human1_antalgic11/human1_antalgic11_SkeletonData1.csv,antalgic,antalgic,0.651514243119426,1.4631590686761196e-05,0.00022057970323468984,1.083034923023823e-05,0.31482111509252464,0.03341860014489757
1,human1_antalgic11/human1_antalgic11_SkeletonData2.csv,antalgic,antalgic,0.9493139360215204,1.992682015787303e-07,1.6428848395322572e-06,3.4705853658654996e-07,0.05061107281042291,7.280195647927107e-05
1,human1_antalgic11/human1_antalgic11_SkeletonData3.csv,antalgic,antalgic,0.9567296780059525,3.141257076103836e-07,6.892862878464958e-06,1.0779745632507968e-06,0.04284703038147661,0.00041500664942153027
1,human1_antalgic11/human1_antalgic11_SkeletonData5.csv,antalgic,steppage,0.06346016512475458,2.396399697926986e-06,0.019405394947742485,0.7105873681371239,0.20634233087050216,0.00020234452017901252
1,human1_antalgic11/human1_antalgic11_SkeletonData6.csv,antalgic,antalgic,0.9378029488645884,3.8053241429807365e-08,1.2037144243556202e-07,1.487270900913818e-08,0.06218345785544911,1.3419982569614315e-05
1,human1_antalgic12/human1_antalgic12_SkeletonData1.csv,antalgic,antalgic,0.9651225995766596,1.1024031257155075e-07,0.0006956285283409546,8.658782986300127e-06,0.03380850714480646,0.0003644957268942106
1,human1_antalgic12/human1_antalgic12_SkeletonData2.csv,antalgic,antalgic,0.9428795771394798,3.0458064652892433e-07,1.1282774770704702e-06,9.461024927417586e-08,0.05695641918656464,0.00016247620558252704
1,human1_antalgic12/human1_antalgic12_SkeletonData3.csv,antalgic,antalgic,0.8873511541136604,4.522542538216323e-06,0.0018409013134801026,1.8182056580170565e-05,0.10742008267451478,0.0033651572992264792
1,human1_antalgic12/human1_antalgic12_SkeletonData4.csv,antalgic,antalgic,0.9416978116802328,2.47522750086588e-07,6.601344700886451e-07,1.3243798759794908e-07,0.05823666932127758,6.44789032816406e-05
1,human1_antalgic12/human1_antalgic12_SkeletonData5.csv,antalgic,antalgic,0.952774099825234,4.7211739380322127e-07,0.010968430445279715,0.007378264505607042,0.02741826432688158,0.0014604687796040633
1,human1_antalgic12/human1_antalgic12_SkeletonData6.csv,antalgic,antalgic,0.9199634269058259,6.079033810558564e-07,1.4682847402722871e-06,2.2578925852085257e-07,0.07996073003936877,7.354107742569612e-05
1,human1_antalgic16/human1_antalgic16_SkeletonData1.csv,antalgic,antalgic,0.9418769346506366,2.7122872211528378e-06,0.0008509714112868469,0.013016326579096396,0.04344225147051709,0.0008108036012418214
1,human1_antalgic16/human1_antalgic16_SkeletonData2.csv,antalgic,antalgic,0.97306845520725,4.858289593825004e-07,7.828698042270173e-07,4.004733777088776e-07,0.026537588641582767,0.0003922869790258351
1,human1_antalgic16/human1_antalgic16_SkeletonData3.csv,antalgic,antalgic,0.9243734533262744,2.003242979852739e-06,0.0003501198766079335,1.2880857821396167e-05,0.07379961626395279,0.0014619264323635472
1,human1_antalgic16/human1_antalgic16_SkeletonData5.csv,antalgic,antalgic,0.9398567764520116,3.959294347758907e-07,0.0001381285857891532,3.6358723449392433e-06,0.05942797880122232,0.0005730843591972834
1,human1_antalgic16/human1_antalgic16_SkeletonData6.csv,antalgic,antalgic,0.8333423252878888,5.038642579472051e-07,2.841984621713106e-07,2.1849140196504964e-08,0.16659766514889146,5.919965135962576e-05
1,human1_antalgic17/human1_antalgic17_SkeletonData1.csv,antalgic,antalgic,0.9037260730554747,8.828618480154572e-07,2.936206330467677e-05,4.4959022724404864e-07,0.09523594839727337,0.0010072840318717906
1,human1_antalgic17/human1_antalgic17_SkeletonData2.csv,antalgic,antalgic,0.9618773269428524,1.24560252110648e-07,1.3242054082547193e-07,5.9287078417367006e-08,0.03798538853363833,0.00013696825563791934
1,human1_antalgic17/human1_antalgic17_SkeletonData3.csv,antalgic,antalgic,0.9773747902500787,7.376896885363686e-07,1.2531079301448723e-05,3.0603305848939936e-05,0.02238670815950694,0.0001946295155756595
1,human1_antalgic17/human1_antalgic17_SkeletonData4.csv,antalgic,antalgic,0.9314693881259923,1.0048528417327212e-07,4.553540394917488e-07,1.7242678743255775e-08,0.06850709058888621,2.2948203119368748e-05
1,human1_antalgic17/human1_antalgic17_SkeletonData5.csv,antalgic,antalgic,0.9395905981255507,1.603161632746877e-06,9.540396671079366e-05,4.174673999001354e-06,0.051477154747178074,0.008831065324928822
1,human1_antalgic17/human1_antalgic17_SkeletonData6.csv,antalgic,antalgic,0.9114932005596997,4.416222221324039e-07,2.0826007873347524e-07,1.0212433943265158e-08,0.088435216751988,7.092259357764561e-05
1,human1_antalgic2/human1_antalgic2_SkeletonData1.csv,antalgic,antalgic,0.6999056482246003,2.9581961798444276e-07,0.0321306633038855,0.2570201901701922,0.008905498698419948,0.0020377037832838615
1,human1_antalgic2/human1_antalgic2_SkeletonData3.csv,antalgic,antalgic,0.9243526313273166,4.206188674650443e-06,0.013336137850878104,0.00013822006748827895,0.05660089427852472,0.0055679102871176575
1,human1_antalgic2/human1_antalgic2_SkeletonData4.csv,antalgic,antalgic,0.9692641584324545,1.6198468643287024e-07,0.0001177968170599201,3.3435449028056303e-06,0.03005399714310377,0.0005605420777927365
1,human1_antalgic2/human1_antalgic2_SkeletonData5.csv,antalgic,antalgic,0.9193685422955712,1.7810205883490715e-06,0.0086438866027888,0.053861301735144876,0.01569509564230264,0.002429392703604118
1,human1_antalgic2/human1_antalgic2_SkeletonData6.csv,antalgic,antalgic,0.9752729546818523,2.2009581206656106e-07,0.00020208095929242232,7.823920665549338e-06,0.024358970861455387,0.00015794948092241653
1,human1_antalgic6/human1_antalgic6_SkeletonData1.csv,antalgic,antalgic,0.5115597500888631,3.217817879689635e-08,0.010927260117944192,0.4753241113443943,0.00210432292719449,8.452334342507382e-05
1,human1_antalgic6/human1_antalgic6_SkeletonData2.csv,antalgic,antalgic,0.9655384503031241,1.469354347610568e-07,4.292548277388971e-05,3.7973953721779332e-06,0.03435810617534476,5.657370795002449e-05
1,human1_antalgic6/human1_antalgic6_SkeletonData3.csv,antalgic,antalgic,0.9792633399817976,2.2084581972176764e-06,0.002471047270734843,0.0005977877375503692,0.01619958032307192,0.0014660362286479712
1,human1_antalgic6/human1_antalgic6_SkeletonData4.csv,antalgic,antalgic,0.9844319834132461,1.3624612410697826e-07,0.0009043697658741543,1.3325639808430286e-05,0.014235176966604897,0.0004150079683424371
1,human1_antalgic6/human1_antalgic6_SkeletonData5.csv,antalgic,antalgic,0.9699360112097805,3.915453497340187e-07,0.006126340634735244,0.00014966202010297216,0.0197631087899231,0.00402448580010864
1,human1_antalgic6/human1_antalgic6_SkeletonData6.csv,antalgic,antalgic,0.9784286561402018,1.9057600206846586e-07,1.8520875886313286e-05,6.840027768536309e-06,0.021378067786243207,0.0001677245938980383
1,human1_lurch1/human1_lurch1_SkeletonData1.csv,lurch,lurch,2.301578035705891e-06,0.8050397972871195,2.6485236799708647e-06,4.807153619781087e-07,0.0013296199806198004,0.19362515191518298
1,human1_lurch1/human1_lurch1_SkeletonData2.csv,lurch,lurch,2.81258979701168e-06,0.9728051372095442,7.269049350609236e-07,7.751020660898816e-06,1.6886545869390112e-05,0.027166685729193476
1,human1_lurch1/human1_lurch1_SkeletonData3.csv,lurch,lurch,2.5608477678316085e-07,0.9647876074654143,5.778317830405748e-07,1.900058530109286e-05,4.432997137956228e-05,0.035148228061344995
1,human1_lurch1/human1_lurch1_SkeletonData4.csv,lurch,lurch,3.7844318311303866e-07,0.993315662524697,1.6195191274122766e-08,1.0727712871886547e-07,2.6144202223679133e-05,0.006657691357576499
1,human1_lurch1/human1_lurch1_SkeletonData5.csv,lurch,lurch,1.6949889065691775e-07,0.8912537381776399,2.026224570226087e-09,6.136546781036964e-08,0.0001399265245352288,0.10860610240724171
1,human1_lurch1/human1_lurch1_SkeletonData6.csv,lurch,lurch,7.574930110298512e-08,0.9926894579846922,9.27368357534776e-08,5.72337313449196e-07,2.6765619878184555e-06,0.007307124629869513
1,human1_lurch10/human1_lurch10_SkeletonData1.csv,lurch,lurch,9.957964390068856e-05,0.6874517448804862,9.877425344542258e-05,0.0047479980911941284,0.003140395751761071,0.3044615073792126
1,human1_lurch10/human1_lurch10_SkeletonData2.csv,lurch,lurch,3.9956618727505e-06,0.9776369909219379,3.5300987977828597e-06,7.59667801498589e-05,1.6540556273224563e-05,0.022262975980968432
1,human1_lurch10/human1_lurch10_SkeletonData3.csv,lurch,lurch,2.4563107160214693e-06,0.8628306564234651,6.897279365556911e-08,1.8038110608566087e-06,0.00030381654948163694,0.13686119793248283
1,human1_lurch10/human1_lurch10_SkeletonData4.csv,lurch,lurch,4.099880490140607e-06,0.9379997409991074,1.152338962982568e-06,3.5305258988572485e-05,4.150371219267686e-05,0.06191819781025826
1,human1_lurch10/human1_lurch10_SkeletonData5.csv,lurch,lurch,9.610978322323658e-09,0.9041796901757568,1.47542386667787e-09,4.0594860830348014e-07,1.1065351090955895e-06,0.09581878625412366
1,human1_lurch10/human1_lurch10_SkeletonData6.csv,lurch,lurch,7.912198852185052e-08,0.9722129535721423,1.548811932918036e-07,1.321846831971388e-05,1.580854907815327e-07,0.027773435870865344
1,human1_lurch11/human1_lurch11_SkeletonData1.csv,lurch,lurch,1.1681244340455836e-09,0.8838280666841931,2.554977885730534e-09,9.193171625811537e-09,1.1466687102361242e-05,0.11616045371243051
1,human1_lurch11/human1_lurch11_SkeletonData2.csv,lurch,lurch,7.032979656326236e-08,0.9977196737547384,1.5311968198872756e-08,2.3375563898626645e-06,1.0702559804108448e-06,0.0022768327911262755
1,human1_lurch11/human1_lurch11_SkeletonData3.csv,lurch,lurch,1.4776497826510958e-08,0.9063687073298575,1.4649214850077539e-08,4.751457974706792e-06,1.8245212919227311e-06,0.09362468726516322
1,human1_lurch11/human1_lurch11_SkeletonData4.csv,lurch,lurch,5.140298073545462e-12,0.9975343729760223,3.4775369245501044e-10,1.7679360595529927e-09,1.3233602948282958e-09,0.0024656235797875766
1,human1_lurch11/human1_lurch11_SkeletonData5.csv,lurch,lurch,1.286356578131847e-10,0.7625573718049593,6.481922714872865e-12,3.352729139292374e-09,3.183723150814297e-08,0.23744259286996264
1,human1_lurch11/human1_lurch11_SkeletonData6.csv,lurch,lurch,7.205555940213477e-14,0.9809272134822027,8.090920458028484e-09,2.3778722145827293e-10,4.874988373554921e-11,0.01907277814026741
1,human1_lurch12/human1_lurch12_SkeletonData1.csv,lurch,lurch,3.878317303427556e-07,0.9062924052563365,1.652787291240748e-08,2.7734577374999113e-07,0.0004165192080070977,0.09329039383027918
1,human1_lurch12/human1_lurch12_SkeletonData2.csv,lurch,lurch,7.499992309817994e-08,0.9961277755754957,9.717921247064507e-09,3.413525505850771e-06,8.000510474230945e-07,0.0038679261301063387
1,human1_lurch12/human1_lurch12_SkeletonData3.csv,lurch,lurch,3.800791162561606e-08,0.7982042462291891,8.028945525616776e-07,9.951230007466844e-06,7.6108248028578055e-06,0.20177735081353637
1,human1_lurch12/human1_lurch12_SkeletonData4.csv,lurch,lurch,7.338910901650527e-08,0.9761824693005638,3.514215352501196e-08,1.5818766345156353e-05,5.332439524408338e-07,0.02380107015787574
1,human1_lurch12/human1_lurch12_SkeletonData5.csv,lurch,lurch,3.003983741463736e-08,0.9420762577126224,5.759141435241449e-09,1.8449443187686538e-06,1.6906628207342374e-06,0.05792017088125919
1,human1_lurch12/human1_lurch12_SkeletonData6.csv,lurch,lurch,4.4645885015732864e-10,0.9903270073319601,6.101241326534188e-10,7.189083925134263e-08,3.800003930828048e-09,0.009672915920613733
1,human1_lurch3/human1_lurch3_SkeletonData1.csv,lurch,trendelenburg,2.0766294569585015e-06,0.2866177371997945,1.5715355025149883e-08,5.02668861619197e-07,4.482724480996665e-05,0.713334840541722
1,human1_lurch3/human1_lurch3_SkeletonData3.csv,lurch,lurch,6.826500814627475e-09,0.9795251704317197,1.916349668955458e-08,3.085625859169373e-08,1.9276798094467358e-05,0.02045549592392968
1,human1_lurch3/human1_lurch3_SkeletonData4.csv,lurch,lurch,4.982838498542581e-09,0.9975888681805716,1.1619299338080568e-06,1.7128164612530365e-07,8.412959428605763e-07,0.002408952329067214
1,human1_lurch3/human1_lurch3_SkeletonData5.csv,lurch,lurch,6.247383373078258e-08,0.816095347458551,4.828196358150419e-09,1.236837958825518e-07,8.643501828712853e-06,0.18389581805379449
1,human1_lurch3/human1_lurch3_SkeletonData6.csv,lurch,lurch,1.2792587124387452e-09,0.9460318918368662,3.75488140336372e-08,1.419833004036755e-08,9.92309436603608e-08,0.053967955905787485
1,human1_lurch6/human1_lurch6_SkeletonData1.csv,lurch,lurch,1.3517722536501882e-08,0.9655510924912362,5.651664752780856e-10,3.4769772161679366e-08,2.973779322339402e-05,0.034419120862879106
1,human1_lurch6/human1_lurch6_SkeletonData2.csv,lurch,lurch,2.1177804475287296e-08,0.9956729804475679,5.324365903120851e-07,1.0642723171225764e-05,6.561335380962279e-08,0.004315757601512046
1,human1_lurch6/human1_lurch6_SkeletonData3.csv,lurch,lurch,7.799794915885884e-09,0.9659345137668055,2.5200792853914112e-08,1.1563294211933473e-06,7.157383847085751e-07,0.034063581164800974
1,human1_lurch6/human1_lurch6_SkeletonData4.csv,lurch,lurch,1.114366797170427e-12,0.9981330720688121,4.0009245813936615e-10,8.448701205831178e-11,2.910502128376357e-09,0.0018669245349922294
1,human1_lurch6/human1_lurch6_SkeletonData5.csv,lurch,lurch,4.5091593372996216e-08,0.855986161567759,6.07773104170413e-09,4.686957892637438e-07,3.6683494386050908e-06,0.14400965021768897
1,human1_lurch6/human1_lurch6_SkeletonData6.csv,lurch,lurch,1.0291891104457195e-10,0.9940307699256143,3.838883970416181e-09,4.941857977134972e-09,1.5562260373506855e-08,0.005969205628464346
1,human1_lurch7/human1_lurch7_SkeletonData1.csv,lurch,lurch,1.8772266076366502e-08,0.8910326820653014,3.6327847908411205e-08,5.248689741083725e-08,4.320408021303598e-05,0.10892400626747435
1,human1_lurch7/human1_lurch7_SkeletonData2.csv,lurch,lurch,9.746745495364011e-09,0.5058983318779041,0.0007877696045159826,0.476661282689752,2.7601056917402428e-08,0.016652578480025534
1,human1_lurch7/human1_lurch7_SkeletonData3.csv,lurch,lurch,4.5747141542089414e-07,0.8537550798478454,2.8448758913063985e-06,0.002066340403469392,1.1025920772950673e-05,0.14416425148060572
1,human1_lurch7/human1_lurch7_SkeletonData4.csv,lurch,lurch,2.1153107379711993e-07,0.84324549764972,5.304056230011884e-07,5.138615853753573e-07,4.543958730062036e-06,0.1567487025932676
1,human1_lurch7/human1_lurch7_SkeletonData5.csv,lurch,lurch,2.020762625194421e-07,0.9289826369827435,5.216132507209856e-08,9.502981210992659e-07,2.9927390548142803e-05,0.07098623109099966
1,human1_lurch7/human1_lurch7_SkeletonData6.csv,lurch,lurch,2.2469988811872495e-11,0.9908573430415886,9.428345691881066e-08,1.7608483350793753e-09,9.259191130927747e-09,0.009142551632445055
1,human1_lurch9/human1_lurch9_SkeletonData1.csv,lurch,lurch,2.4349802371320377e-08,0.8431886092627183,1.2914051762411713e-08,4.861764158034703e-08,7.994823825843196e-06,0.15680331003196019
1,human1_lurch9/human1_lurch9_SkeletonData3.csv,lurch,lurch,3.801433227212467e-09,0.9330170605426273,9.26033363380642e-09,1.5552432189662594e-06,1.2560462602682035e-06,0.06698011510612646
1,human1_lurch9/human1_lurch9_SkeletonData4.csv,lurch,lurch,1.2888798970863333e-10,0.9998135053906954,2.0306564896759503e-09,8.524790748113323e-08,3.626427228418454e-08,0.000186370937580423
1,human1_lurch9/human1_lurch9_SkeletonData5.csv,lurch,lurch,3.611704447302841e-06,0.7493157804458314,2.051544852004863e-06,8.231629462825585e-05,7.642652564446097e-05,0.25051981348459657
1,human1_normal1/human1_normal1_SkeletonData1.csv,normal,trendelenburg,0.18339612006586906,0.00013572827784671663,0.028446086639436985,0.022367418104806792,0.0718963411733924,0.693758305738648
1,human1_normal1/human1_normal1_SkeletonData2.csv,normal,normal,0.3765843197797204,4.9664555349331325e-05,0.5870162794946829,0.003780995610677048,0.010971165746881525,0.021597574812688713
1,human1_normal1/human1_normal1_SkeletonData3.csv,normal,normal,0.035482661751176196,0.0003008430665090396,0.8205774237980861,0.003185422045689855,0.08670135528837074,0.05375229405016807
1,human1_normal1/human1_normal1_SkeletonData4.csv,normal,stiff_legged,0.22738558857542646,0.0005410854654325436,0.2969442803132807,0.006990303811176476,0.45067000266064833,0.017468739174035543
1,human1_normal1/human1_normal1_SkeletonData5.csv,normal,antalgic,0.5236792427975382,2.5163859261802633e-05,0.30746158755079683,0.03906950426104721,0.12626223467320513,0.0035022668581509322
1,human1_normal1/human1_normal1_SkeletonData6.csv,normal,normal,0.04027995769166323,0.0003770220751569536,0.8101340305471706,0.09656099099149014,0.016124890396341,0.03652310829817822
1,human1_normal12/human1_normal12_SkeletonData1.csv,normal,normal,0.2460388554943908,1.1107643772717396e-05,0.6938448239461239,0.006489297108133439,0.03474749458287581,0.01886842122470331
1,human1_normal12/human1_normal12_SkeletonData2.csv,normal,antalgic,0.5505336634151421,1.4745045467277575e-05,0.27732461504812655,0.14538866683363014,0.01757353945820413,0.009164770199429892
1,human1_normal12/human1_normal12_SkeletonData3.csv,normal,normal,0.1684542443644461,0.0002558873812258569,0.4623609244892423,0.004931082223314287,0.3432188073421981,0.020779054199573453
1,human1_normal12/human1_normal12_SkeletonData5.csv,normal,normal,0.14591861842941856,0.00018243635588543062,0.5547981211959594,0.003390184580969115,0.12956509187132162,0.16614554756644578
1,human1_normal12/human1_normal12_SkeletonData6.csv,normal,normal,0.15894931673369253,6.302973038524525e-05,0.8056725695242907,0.0060660413006900825,0.01749905810516585,0.011749984605775695
1,human1_normal15/human1_normal15_SkeletonData1.csv,normal,antalgic,0.6694160509840139,3.031962038700143e-05,0.007733122892678171,0.007382600117150055,0.24687108807482164,0.06856681831094923
1,human1_normal15/human1_normal15_SkeletonData2.csv,normal,normal,0.27227792355105496,6.112151633899789e-06,0.6078396853659379,0.1071193889017464,0.01051808884367659,0.0022388011859502937
1,human1_normal15/human1_normal15_SkeletonData3.csv,normal,normal,0.029198713837365785,0.0001639813863028963,0.8883584608384649,0.016661054824950533,0.023388047804026358,0.042229741308889665
1,human1_normal15/human1_normal15_SkeletonData4.csv,normal,normal,0.0019393596934334503,5.049998333518467e-06,0.9927181106532278,0.0008531354766025755,0.00037696542813690667,0.004107378750265825
1,human1_normal15/human1_normal15_SkeletonData5.csv,normal,antalgic,0.5412913372507151,8.412407450982014e-07,0.15445283215331113,0.27997396835875865,0.006283145542638529,0.01799787545383131
1,human1_normal15/human1_normal15_SkeletonData6.csv,normal,antalgic,0.5217947879514542,4.625156621470516e-05,0.33826657226171103,0.09822903273841167,0.03934366454646112,0.002319690935747233
1,human1_normal16/human1_normal16_SkeletonData1.csv,normal,antalgic,0.5328246602394687,2.907617161243976e-05,0.2324787030584191,0.00346614486316404,0.1997298795107039,0.031471536156631806
1,human1_normal16/human1_normal16_SkeletonData2.csv,normal,normal,0.13897153341763144,3.6696370890563893e-06,0.8203841767721438,0.027980085488979567,0.004853457679110358,0.007807077005045835
1,human1_normal16/human1_normal16_SkeletonData3.csv,normal,antalgic,0.36895857283606387,6.517584469990971e-05,0.32376038275891533,0.14898248591256105,0.1384448779368559,0.019788504710904004
1,human1_normal16/human1_normal16_SkeletonData4.csv,normal,antalgic,0.6411740150753452,0.01930825149321034,0.0033568164824176526,0.2648618361045987,0.023050954775724705,0.04824812606870345
1,human1_normal16/human1_normal16_SkeletonData5.csv,normal,normal,0.01358231712306369,2.396798596372752e-06,0.9753496270423546,0.0040435189983488605,0.0031972984851514224,0.0038248415524851608
1,human1_normal16/human1_normal16_SkeletonData6.csv,normal,normal,0.02511138573316049,4.086463576663691e-05,0.9528376342653394,0.009443363499062551,0.004604622648641567,0.007962129218029508
1,human1_normal18/human1_normal18_SkeletonData1.csv,normal,antalgic,0.5197131817170615,3.6610939780698124e-06,0.41829632802550204,0.01697131061221519,0.03758023086989105,0.007435287681352108
1,human1_normal18/human1_normal18_SkeletonData2.csv,normal,antalgic,0.5834302552103448,2.6044484721759916e-05,0.10570308398550682,0.271269536640541,0.017491528229439512,0.022079551449446146
1,human1_normal18/human1_normal18_SkeletonData3.csv,normal,antalgic,0.8341381553941327,2.2574929477365342e-05,0.06386236732807676,0.011835910322898574,0.07109389248033808,0.019047099545076614
1,human1_normal18/human1_normal18_SkeletonData4.csv,normal,normal,0.001953203071265549,6.175385488492073e-07,0.9943074344197496,0.00233279823836191,0.00017350819694244302,0.0012324385351317327
1,human1_normal18/human1_normal18_SkeletonData5.csv,normal,normal,0.017960368770830855,1.5418196999482678e-06,0.9638059033652463,7.205827695410947e-05,0.016382054956994428,0.0017780728102744644
1,human1_normal18/human1_normal18_SkeletonData6.csv,normal,antalgic,0.4608599235618744,5.584259364314463e-05,0.3913053188261872,0.012283123580888584,0.1334855398367973,0.002010251600609446
1,human1_normal3/human1_normal3_SkeletonData1.csv,normal,antalgic,0.7258911745351779,1.923338736826671e-05,0.11273082810640309,0.0032284653185815854,0.13553194044564415,0.022598358206824973
1,human1_normal3/human1_normal3_SkeletonData2.csv,normal,antalgic,0.48766848088583276,4.2167147768978634e-06,0.4052846371370849,0.08793217137581262,0.014477819438363874,0.004632674448129111
1,human1_normal3/human1_normal3_SkeletonData3.csv,normal,normal,0.0728668368368666,0.00012046361221202393,0.813941592217807,0.017619804136633756,0.03413590147234588,0.06131540172413482
1,human1_normal3/human1_normal3_SkeletonData4.csv,normal,normal,0.003135493164596741,3.691321684780408e-06,0.9945874464855313,0.00022803835329464984,0.0011856342173996073,0.0008596964574929377
1,human1_normal3/human1_normal3_SkeletonData5.csv,normal,antalgic,0.7767539059467566,4.998485619033388e-05,0.03765410252658542,0.027303891739132183,0.04109598453952928,0.11714213039180621
1,human1_normal3/human1_normal3_SkeletonData6.csv,normal,normal,0.06758811786154027,7.335256178251429e-05,0.8017113634928985,0.11990217638377931,0.009516909067379651,0.0012080806326196514
1,human1_normal6/human1_normal6_SkeletonData1.csv,normal,normal,0.0757062042170099,8.106557772821172e-06,0.8268526909429561,0.0713414925572975,0.012716015411560458,0.013375490313403189
1,human1_normal6/human1_normal6_SkeletonData2.csv,normal,normal,0.04436342442807737,1.193617524076156e-05,0.888269231366668,0.06351638637254564,0.001370030130629589,0.0024689915268385925
1,human1_normal6/human1_normal6_SkeletonData3.csv,normal,normal,0.1291168557420029,4.6666558660965426e-05,0.7584033369636923,0.029881786581863485,0.0413276593161835,0.0412236948375966
1,human1_normal6/human1_normal6_SkeletonData4.csv,normal,normal,0.04806129008082127,4.168592832456615e-05,0.9154924846665909,0.004719345655168478,0.030293171655531845,0.001392022013562812
1,human1_normal6/human1_normal6_SkeletonData5.csv,normal,normal,0.004522273154737914,1.8938760571085248e-08,0.9935083433321495,0.0010278024586164948,0.00040131860774525355,0.0005402435079901475
1,human1_normal6/human1_normal6_SkeletonData6.csv,normal,normal,0.048137116232731286,3.2023004887373137e-06,0.895023256827152,0.05438629204108165,0.002314280797121832,0.00013585180142443488
1,human1_normal7/human1_normal7_SkeletonData1.csv,normal,antalgic,0.6444465315287848,3.623110237996368e-05,0.14048111669907337,0.013747480019275686,0.07265528929347133,0.1286333513570149
1,human1_normal7/human1_normal7_SkeletonData2.csv,normal,antalgic,0.6225204851783168,3.2273410711638005e-06,0.32086271655525606,0.03455225414007438,0.01869870316779152,0.0033626136174899576
1,human1_normal7/human1_normal7_SkeletonData3.csv,normal,normal,0.041050466746388646,6.659275726337694e-05,0.8940978627713673,0.01996677723336025,0.03282960839914875,0.011988692092471597
1,human1_normal7/human1_normal7_SkeletonData5.csv,normal,normal,0.37716065703651525,5.777415388584589e-05,0.3978615674295545,0.024203711911110308,0.1107145309996761,0.09000175846925787
1,human1_normal7/human1_normal7_SkeletonData6.csv,normal,normal,0.09038093141857496,3.5934869662423345e-05,0.8849476982050626,0.006505503013265135,0.015065833774956478,0.003064098718478444
1,human1_steppage1/human1_steppage1_SkeletonData1.csv,steppage,antalgic,0.9063320050070965,2.6928708943411736e-06,0.005756012052394597,0.021811808196523286,0.032867555009531056,0.03322992686356002
1,human1_steppage1/human1_steppage1_SkeletonData2.csv,steppage,steppage,0.010418625416087287,8.609930929188784e-07,0.003793281799709592,0.9846429347505432,3.438698839516194e-05,0.0011099100521718163
1,human1_steppage1/human1_steppage1_SkeletonData3.csv,steppage,antalgic,0.43902774562271935,2.6922974202066244e-06,0.07251540033472614,0.4211124075499047,0.01188824897917354,0.055453505216056104
1,human1_steppage1/human1_steppage1_SkeletonData5.csv,steppage,steppage,0.07125900906320955,4.927339621540604e-08,0.0006464065134607545,0.8320956185163523,0.00011448420577052814,0.09588443242781061
1,human1_steppage1/human1_steppage1_SkeletonData6.csv,steppage,steppage,0.03659978584475203,2.544651398661512e-07,0.010613629643906993,0.9521852321115436,0.00014664316280666164,0.0004544547718509123
1,human1_steppage11/human1_steppage11_SkeletonData1.csv,steppage,steppage,0.0008457666731554709,6.685619100023874e-10,0.0006845990567664736,0.9984373649366282,3.6666103661963087e-06,2.860205452159252e-05
1,human1_steppage11/human1_steppage11_SkeletonData2.csv,steppage,steppage,0.0002928055947070355,1.0671391549615962e-09,0.0008027214849858892,0.9988723490252418,3.2561586753437574e-07,3.1797212058605716e-05
1,human1_steppage11/human1_steppage11_SkeletonData3.csv,steppage,steppage,6.556011354986461e-05,1.374584873397109e-11,0.0006965129206447215,0.9992313484779111,4.437546704198086e-08,6.534098681589775e-06
1,human1_steppage11/human1_steppage11_SkeletonData4.csv,steppage,steppage,0.00015353786590614413,5.467582645979342e-11,0.0006728452653090705,0.9991723747046729,3.9560037845656817e-08,1.2025493981047847e-06
1,human1_steppage11/human1_steppage11_SkeletonData5.csv,steppage,steppage,0.0011352907591233832,2.485229789014164e-10,0.00231957201105131,0.9961830604415277,1.2276316471071279e-06,0.0003608489081274092
1,human1_steppage11/human1_steppage11_SkeletonData6.csv,steppage,steppage,0.001785173551339407,2.073947739319293e-09,0.004854969280606154,0.9933512008598624,3.8102919247226187e-06,4.843942319695358e-06
1,human1_steppage12/human1_steppage12_SkeletonData1.csv,steppage,steppage,0.0005071521837115525,9.361143055795759e-07,0.003956614836970379,0.9952059740971819,0.0001536015071257386,0.0001757212607050216
1,human1_steppage12/human1_steppage12_SkeletonData2.csv,steppage,steppage,0.0009704729273318556,1.1862755672251323e-10,0.0008811076198250885,0.9981440576969625,2.265587292890796e-07,4.135078523799229e-06
1,human1_steppage12/human1_steppage12_SkeletonData3.csv,steppage,steppage,4.1850066497988574e-05,7.686329331324273e-10,0.012540839712810923,0.9873976847722935,5.946578107126078e-07,1.903002195404759e-05
1,human1_steppage12/human1_steppage12_SkeletonData4.csv,steppage,steppage,2.3681025077166762e-05,6.416539823463019e-10,0.13623912836790866,0.8637352335758794,1.4177665919005592e-07,1.8146128214066342e-06
1,human1_steppage12/human1_steppage12_SkeletonData5.csv,steppage,steppage,0.0019987493859136376,1.5217619156941535e-08,0.16283161455003695,0.8344531554614347,1.8127926155187387e-05,0.0006983374588406449
1,human1_steppage12/human1_steppage12_SkeletonData6.csv,steppage,steppage,0.00034059046033430327,1.3337188758335082e-08,0.10265315874363763,0.896947237654226,1.1444280019063577e-06,5.785537661162259e-05
1,human1_steppage13/human1_steppage13_SkeletonData1.csv,steppage,steppage,0.0027695649542857563,2.8638555188893856e-08,0.0023936991552709927,0.993677485156574,6.693760709616238e-05,0.0010922844882178735
1,human1_steppage13/human1_steppage13_SkeletonData2.csv,steppage,steppage,0.0002586525053410672,4.4881314622163345e-10,0.006989663881470989,0.9927483536866939,1.544704449557577e-07,3.1750072360988327e-06
1,human1_steppage13/human1_steppage13_SkeletonData3.csv,steppage,steppage,0.00032084128718995757,4.150707744332029e-09,0.007999069758191056,0.9914598644712677,2.7888710305102495e-06,0.00021743146161323475
1,human1_steppage13/human1_steppage13_SkeletonData4.csv,steppage,steppage,0.00041008735903435694,4.118248851475422e-09,0.022280260808702053,0.9772903479060232,8.040251534030134e-07,1.849578283818866e-05
1,human1_steppage13/human1_steppage13_SkeletonData5.csv,steppage,steppage,0.005170632384717331,1.8548447443151985e-11,0.00042091402333714866,0.9943470769527266,5.792326703848817e-07,6.079738800006935e-05
1,human1_steppage13/human1_steppage13_SkeletonData6.csv,steppage,steppage,0.00026664726397808056,1.7323952188901403e-09,0.0005943101543941976,0.9991332316521362,5.352196617087749e-07,5.273977434589933e-06
1,human1_steppage14/human1_steppage14_SkeletonData1.csv,steppage,steppage,0.059298181735224366,4.54006021054762e-07,0.09086669718639596,0.844092080108502,0.003175097677261874,0.002567489286594843
1,human1_steppage14/human1_steppage14_SkeletonData2.csv,steppage,steppage,0.0005850193293574065,9.374903212792677e-10,0.0008627607681494403,0.9984922341383906,3.9595945356831515e-07,5.958886715869871e-05
1,human1_steppage14/human1_steppage14_SkeletonData3.csv,steppage,steppage,7.821551731062928e-05,1.2502513590887868e-11,0.00033679035407658766,0.9995777969959824,3.4391024865780415e-08,7.162729102799511e-06
1,human1_steppage14/human1_steppage14_SkeletonData4.csv,steppage,steppage,1.6501535435699383e-05,2.140404868774785e-10,0.00212756862759675,0.997854043997717,2.1290979495899315e-08,1.8643342306004246e-06
1,human1_steppage14/human1_steppage14_SkeletonData5.csv,steppage,steppage,0.00994089761545377,2.6022276137885777e-07,0.12172709850074998,0.856709963997442,0.00015304943000704063,0.01146873023358585
1,human1_steppage14/human1_steppage14_SkeletonData6.csv,steppage,steppage,0.0012407265321955265,6.527295609596189e-08,0.08727755841417158,0.9114169757405325,9.79026321842687e-06,5.488377692578557e-05
1,human1_steppage17/human1_steppage17_SkeletonData1.csv,steppage,steppage,0.005561286768412785,2.7125695514535858e-08,0.0057447571455733395,0.9884101952260375,0.00019482136091683222,8.891237336391152e-05
1,human1_steppage17/human1_steppage17_SkeletonData2.csv,steppage,steppage,0.0011723553152607567,2.7865984237734204e-09,0.010530420263944754,0.9882187092749986,1.299758406086866e-06,7.721260079136425e-05
1,human1_steppage17/human1_steppage17_SkeletonData3.csv,steppage,steppage,0.0004680211992151584,4.893581508280427e-10,0.0007396641640119035,0.9986080823964202,5.890507900161471e-07,0.0001836427002046676
1,human1_steppage17/human1_steppage17_SkeletonData4.csv,steppage,steppage,2.8941703379602394e-06,6.388438814666189e-06,9.948744137442303e-08,0.9999700085134282,2.6776903763481467e-06,1.7931699601463514e-05
1,human1_steppage17/human1_steppage17_SkeletonData5.csv,steppage,steppage,0.009533512685690896,5.80329903277724e-08,0.02249823879724692,0.9652432903150096,9.675098998040823e-05,0.0026281491790819105
1,human1_steppage17/human1_steppage17_SkeletonData6.csv,steppage,steppage,0.004671870703083452,4.4222429406969816e-08,0.0157289211984876,0.9795061753850361,1.2396246198519226e-05,8.059224476495847e-05
1,human1_steppage19/human1_steppage19_SkeletonData1.csv,steppage,steppage,0.0034662228175548447,1.6451055864948677e-08,0.01686523449592002,0.9793678764456302,5.421935117029311e-05,0.000246430438668807
1,human1_steppage19/human1_steppage19_SkeletonData2.csv,steppage,steppage,0.0042868668940495,2.1374136586812283e-08,0.03520543449528566,0.9600450746219142,7.883163320271279e-06,0.0004547194512938819
1,human1_steppage19/human1_steppage19_SkeletonData3.csv,steppage,steppage,0.003534261463108772,6.672793577165793e-09,0.006351406981143614,0.9888044286856755,1.1864705172115417e-05,0.0012980314921065778
1,human1_steppage19/human1_steppage19_SkeletonData4.csv,steppage,steppage,0.00372150527401946,3.833342175029628e-09,0.11279318718685548,0.8833783098680885,4.879310490398125e-06,0.00010211452720412015
1,human1_steppage19/human1_steppage19_SkeletonData5.csv,steppage,steppage,0.07572873976009853,1.5461091520054177e-06,0.026522959241199344,0.7714773910225908,0.0010681517755482231,0.12520121209141102
1,human1_steppage19/human1_steppage19_SkeletonData6.csv,steppage,steppage,0.044155598819905974,1.313011334820334e-06,0.030628951542180493,0.9239005116260353,0.0003419438365622119,0.0009716811639814282
1,human1_steppage3/human1_steppage3_SkeletonData1.csv,steppage,steppage,0.09456838721307509,1.1413789676971153e-06,0.03479411866580004,0.8493432237933652,0.006827809153647345,0.014465319795144644
1,human1_steppage3/human1_steppage3_SkeletonData2.csv,steppage,steppage,0.003478680410021384,1.0404983105781025e-08,0.002964954709347899,0.993423505516076,6.682455439491656e-06,0.00012616650413221605
1,human1_steppage3/human1_steppage3_SkeletonData3.csv,steppage,steppage,0.006624894645463705,1.7694471817037424e-09,0.005821833088975382,0.9864328643947667,7.920553374061222e-06,0.001112485547972926
1,human1_steppage3/human1_steppage3_SkeletonData4.csv,steppage,steppage,0.006403390168808032,4.318238299798513e-09,0.0019999801976156605,0.9915637347450438,3.6279140502306377e-06,2.9262656244093557e-05
1,human1_steppage3/human1_steppage3_SkeletonData5.csv,steppage,steppage,0.013520395730080393,4.346870218684685e-10,0.0016463931013222226,0.9830527360848517,3.7677867059672956e-06,0.0017767068623528652
1,human1_steppage3/human1_steppage3_SkeletonData6.csv,steppage,steppage,0.004287720375199526,2.2993343550098985e-10,0.0016539941666529586,0.9940481557858439,7.955021382296196e-07,9.333940232147362e-06
1,human1_stiff_legged11/human1_stiff_legged11_SkeletonData1.csv,stiff_legged,stiff_legged,0.02155294095443919,0.008364368969874122,0.011977147709169297,2.2663714777984787e-06,0.8453451692775956,0.11275810671744407
1,human1_stiff_legged11/human1_stiff_legged11_SkeletonData2.csv,stiff_legged,trendelenburg,0.07874215691660506,0.02090363462405519,0.00033394352369319993,1.256539280405768e-05,0.16858458841324717,0.7314231111295952
1,human1_stiff_legged11/human1_stiff_legged11_SkeletonData3.csv,stiff_legged,stiff_legged,0.09113684079077573,0.012311213527125437,0.04516632409763068,0.006312948001573443,0.7716322047217591,0.07344046886113564
1,human1_stiff_legged11/human1_stiff_legged11_SkeletonData4.csv,stiff_legged,stiff_legged,0.2085833624105381,0.0047774555416424305,0.00016696395527183213,1.7941312714257223e-06,0.7780401693652553,0.008430254596020802
1,human1_stiff_legged11/human1_stiff_legged11_SkeletonData5.csv,stiff_legged,stiff_legged,0.007584027319717601,0.01879918757076548,0.00025267580615100294,7.827013348324386e-07,0.9039962263901519,0.06936710021187928
1,human1_stiff_legged11/human1_stiff_legged11_SkeletonData6.csv,stiff_legged,stiff_legged,0.10797744793130147,0.014464844605788027,1.8473074641361005e-05,2.1717818097817803e-07,0.8707754163619151,0.0067636008481729275
1,human1_stiff_legged12/human1_stiff_legged12_SkeletonData1.csv,stiff_legged,stiff_legged,0.133407902751642,0.00023645013453236157,0.002573513129818802,1.2637243377831827e-06,0.8598393365368546,0.003941533722814447
1,human1_stiff_legged12/human1_stiff_legged12_SkeletonData2.csv,stiff_legged,antalgic,0.5574164656450037,0.0013433667639180568,7.299077888583775e-05,1.2186730724164313e-05,0.3785978791109073,0.06255711097056094
1,human1_stiff_legged12/human1_stiff_legged12_SkeletonData3.csv,stiff_legged,stiff_legged,0.06394182603210359,0.0045827010307032635,0.17974705770947272,0.02244972239789519,0.7211534824573899,0.008125210372435297
1,human1_stiff_legged12/human1_stiff_legged12_SkeletonData4.csv,stiff_legged,stiff_legged,0.06882128965598379,0.004789585462692768,0.00012456682247474827,6.920109991598213e-07,0.9205545861197238,0.005709279928125788
1,human1_stiff_legged12/human1_stiff_legged12_SkeletonData5.csv,stiff_legged,stiff_legged,0.0001240909935905538,0.058452906821351396,7.232156294914945e-09,3.7277563796854356e-09,0.885742278550266,0.05568071267487931
1,human1_stiff_legged12/human1_stiff_legged12_SkeletonData6.csv,stiff_legged,stiff_legged,0.09711395891124878,0.04203585425794502,0.00019261340159589045,7.756212995988449e-07,0.6740776100106355,0.1865791877972752
1,human1_stiff_legged14/human1_stiff_legged14_SkeletonData1.csv,stiff_legged,stiff_legged,0.24107875391923075,0.00029206829584223795,0.06284968259793074,8.982853322549343e-05,0.6575935451981111,0.038096121455659694
1,human1_stiff_legged14/human1_stiff_legged14_SkeletonData2.csv,stiff_legged,antalgic,0.7790036218287489,0.00016918638502611038,0.000802004903248015,8.390107764894926e-05,0.21380058231752908,0.006140703487798887
1,human1_stiff_legged14/human1_stiff_legged14_SkeletonData3.csv,stiff_legged,stiff_legged,0.11491715522003558,0.0020269243043699245,0.04372219573393139,0.0034403765397330397,0.820258625163824,0.01563472303810615
1,human1_stiff_legged14/human1_stiff_legged14_SkeletonData4.csv,stiff_legged,stiff_legged,0.26397331134660706,0.0005339284467648151,0.06906318859378502,4.4515713776365395e-05,0.6612073763887027,0.005177679510364004
1,human1_stiff_legged14/human1_stiff_legged14_SkeletonData5.csv,stiff_legged,stiff_legged,0.22798594232207278,0.000458209167316608,0.006606236766713618,2.547710540111182e-05,0.6877136421677337,0.07721049247076232
1,human1_stiff_legged14/human1_stiff_legged14_SkeletonData6.csv,stiff_legged,stiff_legged,0.33863601138257854,0.0015582867067885353,0.0007929692962166157,5.8389326255567355e-06,0.6265774174785703,0.03242947620322043
1,human1_stiff_legged19/human1_stiff_legged19_SkeletonData3.csv,stiff_legged,stiff_legged,0.04920833122833349,0.005740183969099661,0.05255858164616793,0.007755794803855004,0.879954881818204,0.004782226534339834
1,human1_stiff_legged19/human1_stiff_legged19_SkeletonData4.csv,stiff_legged,stiff_legged,0.12341395038563417,0.001668572784747465,8.185477478020925e-05,1.9749213049137628e-06,0.8717786306122086,0.003055016521324416
1,human1_stiff_legged19/human1_stiff_legged19_SkeletonData5.csv,stiff_legged,stiff_legged,0.027313216757010244,0.0008131174272925542,0.005740108617748618,7.910515879716602e-07,0.9626799577009946,0.003452808445366139
1,human1_stiff_legged19/human1_stiff_legged19_SkeletonData6.csv,stiff_legged,stiff_legged,0.05467236839977634,0.019344432368045485,1.142396792611552e-05,7.494995418157625e-07,0.8825533443972222,0.04341768136748797
1,human1_stiff_legged20/human1_stiff_legged20_SkeletonData1.csv,stiff_legged,stiff_legged,0.09951303368189642,0.0005089083481008477,0.008948168325229567,2.015797277092939e-05,0.8792158408471046,0.011793890824897539
1,human1_stiff_legged20/human1_stiff_legged20_SkeletonData3.csv,stiff_legged,stiff_legged,0.039931028582769555,0.0136049392540229,0.0827092196336141,0.0027092953333811252,0.8288298885903482,0.03221562860586399
1,human1_stiff_legged20/human1_stiff_legged20_SkeletonData4.csv,stiff_legged,stiff_legged,0.11074514624884375,0.017037183631761377,0.0009676725616921119,1.8055177507631338e-05,0.8552506566073586,0.015981285772836567
1,human1_stiff_legged20/human1_stiff_legged20_SkeletonData5.csv,stiff_legged,stiff_legged,0.051603537242616036,0.002533774322785547,1.9302060485619514e-06,9.272491968202046e-08,0.9231835929101951,0.022677072593435092
1,human1_stiff_legged20/human1_stiff_legged20_SkeletonData6.csv,stiff_legged,stiff_legged,0.02417974246997029,0.1598398327278417,0.004778183543999578,2.217298741158662e-06,0.5750089126652815,0.23619111129416565
1,human1_stiff_legged3/human1_stiff_legged3_SkeletonData1.csv,stiff_legged,stiff_legged,0.2203838662196333,0.0005157522972528796,0.10500942381507045,7.789101495094457e-05,0.6502122873204064,0.023800779332686112
1,human1_stiff_legged3/human1_stiff_legged3_SkeletonData2.csv,stiff_legged,stiff_legged,0.3180998450486907,0.004029995416593242,0.00013271531207658622,3.8967030645070704e-05,0.5084961491800181,0.16920232801197638
1,human1_stiff_legged3/human1_stiff_legged3_SkeletonData3.csv,stiff_legged,stiff_legged,0.05308027036709407,0.002809614344218377,0.01944656177344196,3.392545627117222e-05,0.907266718467811,0.017362909591163544
1,human1_stiff_legged3/human1_stiff_legged3_SkeletonData5.csv,stiff_legged,stiff_legged,0.04984714514884553,0.0027175949820420057,0.061435846360672335,5.401160623969164e-05,0.7406556550259403,0.14528974687626006
1,human1_stiff_legged3/human1_stiff_legged3_SkeletonData6.csv,stiff_legged,stiff_legged,0.41339224460763035,0.001582341122402408,0.0035676077792455648,3.2797866767688444e-05,0.5743198713071811,0.00710513731677306
1,human1_stiff_legged4/human1_stiff_legged4_SkeletonData1.csv,stiff_legged,stiff_legged,0.29290631829841135,0.0008076211476935645,0.029081020424417913,0.0002873590731574471,0.6169999349749833,0.059917746081336334
1,human1_stiff_legged4/human1_stiff_legged4_SkeletonData2.csv,stiff_legged,trendelenburg,0.31194795247254103,0.007135447378531336,0.0002126183759159399,6.932319115649489e-05,0.2528998680590686,0.4277347905227866
1,human1_stiff_legged4/human1_stiff_legged4_SkeletonData3.csv,stiff_legged,stiff_legged,0.011863997754843288,0.043369691538018666,0.012158737295961562,1.6218241569441604e-05,0.7657912470347993,0.16680010813480772
1,human1_stiff_legged4/human1_stiff_legged4_SkeletonData4.csv,stiff_legged,stiff_legged,0.21177364183790787,0.017021292253687353,0.01725014643777547,8.22885350129223e-05,0.6674795779916823,0.08639305294393416
1,human1_stiff_legged4/human1_stiff_legged4_SkeletonData5.csv,stiff_legged,trendelenburg,0.02524269898223898,0.03430056992974627,0.028990615460822617,0.0005864792872338169,0.43275715691214856,0.4781224794278097
1,human1_stiff_legged4/human1_stiff_legged4_SkeletonData6.csv,stiff_legged,stiff_legged,0.015349857249524597,0.18672146491252475,0.0068495539563156035,1.577147894908064e-05,0.4279945002449911,0.36306885215769485
1,human1_stiff_legged8/human1_stiff_legged8_SkeletonData1.csv,stiff_legged,stiff_legged,0.07024322651831222,0.0006905103824793864,0.003793347597451543,3.6056518456879243e-06,0.9054387477795737,0.019830562070337315
1,human1_stiff_legged8/human1_stiff_legged8_SkeletonData2.csv,stiff_legged,stiff_legged,0.42195419747845336,0.0010792656589964627,7.335714404206015e-05,1.3531442242107563e-06,0.5690848461448347,0.007806980429449218
1,human1_stiff_legged8/human1_stiff_legged8_SkeletonData3.csv,stiff_legged,stiff_legged,0.027830129454543346,0.00511617481107708,0.01770745325884105,0.007955946518100027,0.9367016529382778,0.004688643019160708
1,human1_stiff_legged8/human1_stiff_legged8_SkeletonData4.csv,stiff_legged,stiff_legged,0.03406548678740186,0.0005688676997080657,0.35242201781580584,7.830355160759558e-07,0.6098232580247362,0.003119586636831831
1,human1_stiff_legged8/human1_stiff_legged8_SkeletonData5.csv,stiff_legged,stiff_legged,0.022271116302121065,0.007993516641151367,0.01668552933824952,4.0596713799375265e-06,0.8353216043185381,0.11772417372856005
1,human1_stiff_legged8/human1_stiff_legged8_SkeletonData6.csv,stiff_legged,stiff_legged,0.050789901398855024,0.03783535917539228,7.229818638923554e-05,1.4942579289103214e-07,0.5805204300304425,0.33078186178312813
1,human1_trendelenburg10/human1_trendelenburg10_SkeletonData1.csv,trendelenburg,trendelenburg,0.24866101919283895,0.0009407765791526402,0.03969885864916863,0.03554502492230085,0.047853769218856604,0.6273005514376823
1,human1_trendelenburg10/human1_trendelenburg10_SkeletonData2.csv,trendelenburg,trendelenburg,0.0007956197889188803,0.0006979540860785442,1.5152036577531256e-05,0.0001255236622874648,0.00013163233334038588,0.9982341180927973
1,human1_trendelenburg10/human1_trendelenburg10_SkeletonData3.csv,trendelenburg,trendelenburg,0.006187001350344236,0.00490649038171921,0.008886900482908253,0.00504278760287628,0.010815505744456852,0.9641613144376953
1,human1_trendelenburg10/human1_trendelenburg10_SkeletonData4.csv,trendelenburg,trendelenburg,0.00605716427401572,0.017772442274480098,0.0044510346397785205,0.014638783845295836,0.007751134733393389,0.9493294402330363
1,human1_trendelenburg10/human1_trendelenburg10_SkeletonData5.csv,trendelenburg,trendelenburg,0.018324796813516894,0.00039124506610079386,0.006649410308414699,0.0002617028213996752,0.010423460847643708,0.9639493841429242
1,human1_trendelenburg10/human1_trendelenburg10_SkeletonData6.csv,trendelenburg,trendelenburg,0.013048319163804866,0.010415909867573781,0.0004913720489923023,0.0025912974667035697,0.009264747470675717,0.9641883539822497
1,human1_trendelenburg12/human1_trendelenburg12_SkeletonData1.csv,trendelenburg,trendelenburg,0.03339053329552356,0.0003007641633404707,0.04810437174011557,0.007348910142119683,0.004957807751491724,0.905897612907409
1,human1_trendelenburg12/human1_trendelenburg12_SkeletonData2.csv,trendelenburg,trendelenburg,0.00946682075798407,0.0003681879210410648,0.0024928920955568047,0.00756474265331349,0.0011151484650151697,0.9789922081070893
1,human1_trendelenburg12/human1_trendelenburg12_SkeletonData3.csv,trendelenburg,trendelenburg,0.0032239314251863503,0.0009561036062350485,0.00892997041880874,0.0013854681660544932,0.008401438161451877,0.9771030882222634
1,human1_trendelenburg12/human1_trendelenburg12_SkeletonData4.csv,trendelenburg,trendelenburg,0.002638898336720769,0.017852613386893357,0.0008273156114787664,0.0017680689944509723,0.014295382111404471,0.9626177215590517
1,human1_trendelenburg12/human1_trendelenburg12_SkeletonData5.csv,trendelenburg,trendelenburg,0.05944232633993257,8.561831807757968e-05,0.09139920711995743,0.0014273485551672426,0.021767463774045263,0.8258780358928198
1,human1_trendelenburg12/human1_trendelenburg12_SkeletonData6.csv,trendelenburg,trendelenburg,0.0013514879439514298,0.0011946340032442768,0.0004785948965123024,0.0002803913634741888,0.0005968770083210118,0.9960980147844969
1,human1_trendelenburg15/human1_trendelenburg15_SkeletonData1.csv,trendelenburg,trendelenburg,0.0023027190452684335,3.246988655716373e-05,0.00027328184337175736,0.00015533783384414016,0.0003350153602191803,0.9969011760307394
1,human1_trendelenburg15/human1_trendelenburg15_SkeletonData2.csv,trendelenburg,trendelenburg,0.00030383257682502684,0.00019860054918959945,8.200947026987447e-05,0.0004488835031657047,8.055324532933597e-05,0.9988861206552204
1,human1_trendelenburg15/human1_trendelenburg15_SkeletonData3.csv,trendelenburg,trendelenburg,0.0015478054106980766,0.00166488179522542,0.0006082040262640895,0.00010500157931259313,0.011866800372680661,0.984207306815819
1,human1_trendelenburg15/human1_trendelenburg15_SkeletonData4.csv,trendelenburg,trendelenburg,0.0016669967556669732,0.0024968178695792724,0.0050742820368024156,0.003399727751965613,0.0013110506232451708,0.9860511249627405
1,human1_trendelenburg15/human1_trendelenburg15_SkeletonData5.csv,trendelenburg,trendelenburg,0.004188319886042481,4.463678475785024e-05,0.01382600466329073,0.0018710738822348277,0.0009696052888574061,0.9791003594948167
1,human1_trendelenburg15/human1_trendelenburg15_SkeletonData6.csv,trendelenburg,trendelenburg,0.0006586246269617231,0.0008344062782950004,0.0016621720230930344,0.0003742147602103051,0.00023211214606657675,0.9962384701653734
1,human1_trendelenburg17/human1_trendelenburg17_SkeletonData1.csv,trendelenburg,trendelenburg,0.0056595693305513915,0.000241596835617506,0.0012109628924007784,0.0026206126818761172,0.010083816077679383,0.9801834421818748
1,human1_trendelenburg17/human1_trendelenburg17_SkeletonData2.csv,trendelenburg,trendelenburg,0.06773389532606397,0.0006861135939675647,0.03448229507208877,0.04661762314547491,0.006512480712396501,0.8439675921500084
1,human1_trendelenburg17/human1_trendelenburg17_SkeletonData3.csv,trendelenburg,trendelenburg,0.0004889352066986199,5.451128765228042e-06,0.00027220191510769667,0.002401135121051859,0.00017348825446467675,0.9966587883739119
1,human1_trendelenburg17/human1_trendelenburg17_SkeletonData4.csv,trendelenburg,trendelenburg,0.000492138753759999,0.0008124932633202822,0.001078925063263859,0.0065272498666883675,0.0003088684212843207,0.9907803246316832
1,human1_trendelenburg17/human1_trendelenburg17_SkeletonData5.csv,trendelenburg,trendelenburg,0.0021680265735784117,1.3228781400132327e-05,0.0005203795399247395,0.000813880846681222,0.0003257369573310151,0.9961587473010843
1,human1_trendelenburg17/human1_trendelenburg17_SkeletonData6.csv,trendelenburg,trendelenburg,0.0016147878750462188,0.001981857809991295,0.0010707996798617874,0.0011841823866392469,0.0013778079112238292,0.9927705643372375
1,human1_trendelenburg4/human1_trendelenburg4_SkeletonData1.csv,trendelenburg,trendelenburg,0.02969945204441176,0.0013828853013134893,0.004815279453875036,0.0004545164101712752,0.06332124555653158,0.9003266212336968
1,human1_trendelenburg4/human1_trendelenburg4_SkeletonData2.csv,trendelenburg,trendelenburg,0.009471288791172316,0.0013281642966784626,0.008999153079267772,0.006328376683904478,0.001236695877873086,0.972636321271104
1,human1_trendelenburg4/human1_trendelenburg4_SkeletonData3.csv,trendelenburg,trendelenburg,0.002083943884242477,0.0016232751201984135,0.002587899496551123,0.0001399242371325313,0.010787356586253889,0.9827776006756217
1,human1_trendelenburg4/human1_trendelenburg4_SkeletonData4.csv,trendelenburg,trendelenburg,0.022897955922570653,0.0034620290489788697,0.0045642741060875885,0.004721720552346546,0.010971263578952542,0.9533827567910639
1,human1_trendelenburg4/human1_trendelenburg4_SkeletonData5.csv,trendelenburg,trendelenburg,0.015483116205798333,0.00021547208639089365,7.010118469915823e-05,0.00020270548718323626,0.004765988808367401,0.979262616227561
1,human1_trendelenburg4/human1_trendelenburg4_SkeletonData6.csv,trendelenburg,trendelenburg,0.0374228028465897,0.0067030764557560315,0.006178334119072202,0.005320301372152194,0.010686642199668573,0.9336888430067614
1,human1_trendelenburg6/human1_trendelenburg6_SkeletonData1.csv,trendelenburg,trendelenburg,0.10017729528686303,0.002328082918889057,0.04075722669514258,0.00376149051737825,0.07585662102948876,0.7771192835522382
1,human1_trendelenburg6/human1_trendelenburg6_SkeletonData2.csv,trendelenburg,trendelenburg,0.001899720372501634,0.000781841761773852,0.0022225686060091286,0.0010085488681458267,0.0003651795473346094,0.9937221408442349
1,human1_trendelenburg6/human1_trendelenburg6_SkeletonData3.csv,trendelenburg,trendelenburg,0.005039698839625911,0.0011779323213078692,0.023388198062063607,0.007647266189331763,0.0090518360267202,0.9536950685609505
1,human1_trendelenburg6/human1_trendelenburg6_SkeletonData4.csv,trendelenburg,trendelenburg,0.02862169637317935,0.0032366383602500715,0.052724392322060214,0.013789375836853652,0.013509160727340885,0.8881187363803158
1,human1_trendelenburg6/human1_trendelenburg6_SkeletonData5.csv,trendelenburg,trendelenburg,0.026416364741775798,5.4745123018859997e-05,0.021201217108740893,0.0001531191387906489,0.00370398250181716,0.9484705713858567
1,human1_trendelenburg6/human1_trendelenburg6_SkeletonData6.csv,trendelenburg,trendelenburg,0.013959876983031807,0.002889049260108323,0.0021690023829064745,0.0011741322289193145,0.005973106852033375,0.9738348322930006
1,human1_trendelenburg7/human1_trendelenburg7_SkeletonData1.csv,trendelenburg,trendelenburg,0.09187657047563162,0.00033909147910585874,0.08443033833786391,0.007982511123496176,0.038793082761612065,0.7765784058222904
1,human1_trendelenburg7/human1_trendelenburg7_SkeletonData2.csv,trendelenburg,trendelenburg,0.008782686943225693,0.0002747270504117341,0.003575879381236339,0.005348733305058733,0.00044309512242956465,0.9815748781976379
1,human1_trendelenburg7/human1_trendelenburg7_SkeletonData3.csv,trendelenburg,trendelenburg,0.00356322261741704,0.0008476651520726571,0.011472699301395045,0.0032823474619414297,0.0054149900871034735,0.9754190753800704
1,human1_trendelenburg7/human1_trendelenburg7_SkeletonData5.csv,trendelenburg,trendelenburg,0.03591322220311916,0.00014306104870558288,0.0042043973637386975,0.0016114484165350403,0.010385973662914594,0.9477418973049869
1,human1_trendelenburg7/human1_trendelenburg7_SkeletonData6.csv,trendelenburg,trendelenburg,0.003759750942708893,0.0006420343921714003,0.0020320223017809107,0.00020789169473401013,0.0006995369926698488,0.9926587636759349
1,human1_trendelenburg9/human1_trendelenburg9_SkeletonData1.csv,trendelenburg,trendelenburg,0.03767315720094893,0.00021138328807728912,0.0628221594759342,0.011496204816552238,0.014095096433460973,0.8737019987850264
1,human1_trendelenburg9/human1_trendelenburg9_SkeletonData2.csv,trendelenburg,trendelenburg,0.0017842840813533576,0.00038183498062196504,0.001697040947075954,0.0008141062139613749,0.0008297283320992439,0.9944930054448882
1,human1_trendelenburg9/human1_trendelenburg9_SkeletonData3.csv,trendelenburg,trendelenburg,0.003212119823246945,0.0010881731758328533,0.016720564861159158,0.05102270088496752,0.0022946155274401986,0.9256618257273532
1,human1_trendelenburg9/human1_trendelenburg9_SkeletonData4.csv,trendelenburg,trendelenburg,0.008364359095841944,0.019703688543911257,0.04883712778886954,0.047018893275899316,0.01058382371882114,0.8654921075766568
1,human1_trendelenburg9/human1_trendelenburg9_SkeletonData5.csv,trendelenburg,trendelenburg,0.004413112770850244,0.004175386155351757,6.084990948322446e-05,6.972187549161703e-05,0.020502103197085304,0.9707788260917379
1,human1_trendelenburg9/human1_trendelenburg9_SkeletonData6.csv,trendelenburg,trendelenburg,0.0012262589397993835,0.014442076945790222,0.0013743995648201623,0.00030216140805673576,0.004529856518364997,0.9781252466231685
10,human10_antalgic1/human10_antalgic1_SkeletonData1.csv,antalgic,antalgic,0.5545054520070143,2.8001645823883154e-06,0.00015241498272177513,1.2011962126644501e-05,0.4451879593716598,0.00013936151189503004
10,human10_antalgic1/human10_antalgic1_SkeletonData3.csv,antalgic,stiff_legged,0.426531248592583,9.322395862868849e-06,0.0011578469879805645,3.901931348171013e-06,0.5720921735047383,0.00020550658748717446
10,human10_antalgic1/human10_antalgic1_SkeletonData5.csv,antalgic,antalgic,0.9037469514384766,3.237778916382001e-06,1.5980008838370366e-05,2.2752176288382318e-05,0.09413485034067379,0.002076228256806469
10,human10_antalgic1/human10_antalgic1_SkeletonData6.csv,antalgic,stiff_legged,0.0459191224440262,7.954392684138079e-05,1.5660269810827865e-09,1.9268182909477992e-08,0.9539987886201481,2.5241747745791292e-06
10,human10_antalgic11/human10_antalgic11_SkeletonData1.csv,antalgic,stiff_legged,0.37677580264940896,7.315250114477579e-06,0.0003659263697099721,1.1873690517577333e-05,0.6225909281225341,0.0002481539177148258
10,human10_antalgic11/human10_antalgic11_SkeletonData2.csv,antalgic,stiff_legged,0.05938722720260992,5.22787281369803e-05,2.2611870338122312e-06,4.4225120485208566e-07,0.9398531283026188,0.000704662328395621
10,human10_antalgic11/human10_antalgic11_SkeletonData3.csv,antalgic,stiff_legged,0.3365959305839557,3.7398900046483276e-05,0.0020785225812520736,1.2335687826299033e-05,0.658971982558933,0.002303829687986391
10,human10_antalgic11/human10_antalgic11_SkeletonData4.csv,antalgic,stiff_legged,0.04818171051945588,0.00010182104769521025,8.200635344216148e-07,6.026445287154837e-08,0.9514198060905485,0.000295782014313064
10,human10_antalgic11/human10_antalgic11_SkeletonData5.csv,antalgic,stiff_legged,0.2604380808227962,5.5524481459706954e-05,8.177555539820172e-06,6.689662948426921e-07,0.7371868186977918,0.002310729476117646
10,human10_antalgic11/human10_antalgic11_SkeletonData6.csv,antalgic,stiff_legged,0.10626515308136637,2.1611402899958988e-05,4.5599157388612185e-09,5.300421993580856e-10,0.8935871284679513,0.00012610195782437205
10,human10_antalgic12/human10_antalgic12_SkeletonData1.csv,antalgic,antalgic,0.6572465390190984,2.1665559510412117e-06,2.930321952807023e-05,9.658149239574388e-07,0.34262184836385845,9.917702664010812e-05
10,human10_antalgic12/human10_antalgic12_SkeletonData2.csv,antalgic,stiff_legged,0.029156884767880684,0.00010883415480226188,1.229133597781657e-07,2.3480438200652493e-08,0.9706147692707667,0.00011936541275230649
10,human10_antalgic12/human10_antalgic12_SkeletonData3.csv,antalgic,steppage,0.0024593576386760197,2.803799033551318e-07,3.90442419817076e-05,0.9890108065708803,0.008487976744398038,2.5344241604296496e-06
10,human10_antalgic12/human10_antalgic12_SkeletonData4.csv,antalgic,stiff_legged,0.18395943067819642,3.596114670994909e-05,1.3740085446416134e-06,1.5437662099487932e-07,0.8157535759348417,0.0002495038550863717
10,human10_antalgic12/human10_antalgic12_SkeletonData5.csv,antalgic,stiff_legged,0.3635969994639252,9.448449278900273e-06,3.2186936965567363e-06,7.288509078791713e-06,0.6323429854756786,0.004040059408341914
10,human10_antalgic12/human10_antalgic12_SkeletonData6.csv,antalgic,stiff_legged,0.1968106543681266,4.457319653287059e-06,2.949075714519181e-06,2.0552720087034445e-06,0.8031151019893175,6.478197517947518e-05
10,human10_antalgic15/human10_antalgic15_SkeletonData1.csv,antalgic,stiff_legged,0.24539276201380728,1.3123760481908004e-06,1.4670543306487722e-07,6.545494296947385e-08,0.7545393843567468,6.632909302150602e-05
10,human10_antalgic15/human10_antalgic15_SkeletonData3.csv,antalgic,antalgic,0.8952968140555804,1.8549988102274205e-07,9.551399765129799e-08,0.00015543370172688018,0.10447737277851088,7.009845030326541e-05
10,human10_antalgic15/human10_antalgic15_SkeletonData4.csv,antalgic,stiff_legged,0.3166687707131427,5.991939763958755e-06,6.398299030894337e-08,1.750961331737174e-08,0.6832739873242827,5.116853020697492e-05
10,human10_antalgic15/human10_antalgic15_SkeletonData5.csv,antalgic,antalgic,0.6771577674577334,2.206812486488724e-06,1.6190092993174267e-06,3.1247488180895047e-07,0.32271298398052317,0.00012511026507586585
10,human10_antalgic15/human10_antalgic15_SkeletonData6.csv,antalgic,stiff_legged,0.19976087226491357,5.189401767184769e-06,2.561206915689561e-09,1.2482890482481983e-09,0.8002141298736097,1.980465021350612e-05
10,human10_antalgic18/human10_antalgic18_SkeletonData1.csv,antalgic,stiff_legged,0.32171090459805896,6.47901238980608e-05,6.467875853518754e-06,3.285620608323782e-07,0.677976528403914,0.00024098043621482561
10,human10_antalgic18/human10_antalgic18_SkeletonData2.csv,antalgic,stiff_legged,0.17543890174266266,0.0001124413853719492,1.4357334914369338e-07,4.146962293864539e-08,0.8241985539474997,0.00024991788149353696
10,human10_antalgic18/human10_antalgic18_SkeletonData3.csv,antalgic,antalgic,0.5555671674233773,3.69200439109927e-05,6.357344585443827e-05,1.8838438326065594e-05,0.4437853178971138,0.0005281827514173983
10,human10_antalgic18/human10_antalgic18_SkeletonData4.csv,antalgic,stiff_legged,0.04667164898719963,6.15596461060281e-05,6.242279239938763e-08,1.3496610432944585e-08,0.9531938695601483,7.28458871432273e-05
10,human10_antalgic18/human10_antalgic18_SkeletonData5.csv,antalgic,antalgic,0.9433010262718009,6.732126924772019e-09,1.9588122750368456e-16,1.619339950884225e-14,0.05668724692573388,1.1720070322068857e-05
10,human10_antalgic18/human10_antalgic18_SkeletonData6.csv,antalgic,stiff_legged,0.12861836635066964,6.4827375985866e-08,2.4506054054625165e-16,2.426394154073199e-14,0.8713773134550655,4.2553668644120485e-06
10,human10_antalgic19/human10_antalgic19_SkeletonData1.csv,antalgic,stiff_legged,0.18590557990740295,9.569419725410397e-05,0.00011361350688726111,1.6631540250360648e-06,0.8099843421585554,0.0038991070758753184
10,human10_antalgic19/human10_antalgic19_SkeletonData2.csv,antalgic,stiff_legged,0.0256029637968649,0.000346913726973741,2.0471431149027006e-07,3.326147692208286e-08,0.9734668544274762,0.0005830300728969372
10,human10_antalgic19/human10_antalgic19_SkeletonData3.csv,antalgic,stiff_legged,0.2504059065865126,6.858625586418591e-05,8.470346516288413e-05,1.1128487521115017e-06,0.7489621228552071,0.00047756798850100753
10,human10_antalgic19/human10_antalgic19_SkeletonData4.csv,antalgic,stiff_legged,0.11111585187696178,0.00010179072569957597,3.519559425123514e-07,5.8670511220967036e-08,0.8885582326913295,0.00022371407955546066
10,human10_antalgic19/human10_antalgic19_SkeletonData5.csv,antalgic,stiff_legged,0.4619105149624083,6.911938904901612e-05,4.008661252886427e-06,3.3198181731894077e-06,0.5307914125456918,0.007221624623424779
10,human10_antalgic19/human10_antalgic19_SkeletonData6.csv,antalgic,stiff_legged,0.05283887313292427,5.69230867186373e-06,2.2038585621565192e-07,1.7343911075354467e-08,0.9471343069207085,2.0889907927952844e-05
10,human10_antalgic2/human10_antalgic2_SkeletonData1.csv,antalgic,antalgic,0.640983905744933,6.995557736435585e-06,1.278357092429115e-05,5.607985285807965e-07,0.3589492749321443,4.6479395733391416e-05
10,human10_antalgic2/human10_antalgic2_SkeletonData2.csv,antalgic,stiff_legged,0.13735684370489212,4.319419775871485e-05,5.641968188247727e-07,1.2292635805848759e-08,0.8624263806218946,0.0001730049860000937
10,human10_antalgic2/human10_antalgic2_SkeletonData3.csv,antalgic,stiff_legged,0.449326130798954,3.112211481709205e-06,5.244784970044444e-06,6.83863036030637e-07,0.5504948231651272,0.00017000517643099921
10,human10_antalgic2/human10_antalgic2_SkeletonData5.csv,antalgic,antalgic,0.516892350939571,1.5571057176571343e-06,3.305867721013977e-08,0.0004230814639842564,0.48247200495856724,0.00021097247348263577
10,human10_antalgic2/human10_antalgic2_SkeletonData6.csv,antalgic,stiff_legged,0.006201453636233847,0.00018648528284532386,3.364908451067473e-11,3.256157720204174e-10,0.9936051830317664,6.877689889628284e-06
10,human10_antalgic7/human10_antalgic7_SkeletonData1.csv,antalgic,stiff_legged,0.47141409480368174,5.463735333257501e-06,2.7063484944939153e-05,2.93615681557743e-07,0.5284799963716796,7.308798867890915e-05
10,human10_antalgic7/human10_antalgic7_SkeletonData2.csv,antalgic,antalgic,0.6926718527884214,4.779792774562503e-06,5.3554801501357e-06,7.442755792338751e-07,0.3071585792078048,0.0001586884552698871
10,human10_antalgic7/human10_antalgic7_SkeletonData3.csv,antalgic,antalgic,0.9056086888481935,1.6894871196199841e-06,6.937596142712101e-07,4.859653341284634e-07,0.09375238307690474,0.0006360588628339628
10,human10_antalgic7/human10_antalgic7_SkeletonData4.csv,antalgic,stiff_legged,0.16570334622056784,0.00010533230011058058,5.206131679096167e-07,1.0688179507480119e-07,0.8340749800249796,0.00011571395937911113
10,human10_antalgic7/human10_antalgic7_SkeletonData5.csv,antalgic,antalgic,0.7807193597341929,2.9747295722069226e-05,1.2478102580071688e-05,0.00023701235017821847,0.2182120569434596,0.000789345573867123
10,human10_antalgic7/human10_antalgic7_SkeletonData6.csv,antalgic,stiff_legged,0.2204639763272312,5.696925496639686e-05,3.4191449257634813e-09,7.977920872493335e-10,0.7793867887725187,9.22614283468136e-05
10,human10_lurch11/human10_lurch11_SkeletonData1.csv,lurch,lurch,1.4018457460146573e-17,0.9999999999055855,1.1242347985636289e-18,3.0844433010862117e-16,1.560174274808609e-11,7.881241094288667e-11
10,human10_lurch11/human10_lurch11_SkeletonData3.csv,lurch,lurch,4.386764188241755e-14,0.99999999306396,3.04199520960984e-16,1.235776218795133e-11,1.6068144864749012e-10,6.762956526083949e-09
10,human10_lurch11/human10_lurch11_SkeletonData4.csv,lurch,lurch,7.954939660625738e-17,0.9999999999814884,2.8932595063555357e-15,1.5430278716926483e-12,6.232669618796321e-12,1.0733216367140993e-11
10,human10_lurch11/human10_lurch11_SkeletonData5.csv,lurch,lurch,2.104840187265262e-13,0.9999999353543725,6.392053172525487e-17,1.4471463947519693e-12,1.0199506098375351e-08,5.4444463832974066e-08
10,human10_lurch11/human10_lurch11_SkeletonData6.csv,lurch,lurch,5.397690627597335e-12,0.9999999421957837,9.030790065866624e-14,1.0405199072908967e-10,1.0379368661830093e-08,4.731530732876719e-08
10,human10_lurch12/human10_lurch12_SkeletonData1.csv,lurch,lurch,7.075756395672419e-17,0.9999999999414091,3.187324276133401e-18,7.0451914744250144e-15,2.0870834773742455e-11,3.7712834200655185e-11
10,human10_lurch12/human10_lurch12_SkeletonData2.csv,lurch,lurch,1.1727594299585889e-14,0.9999999916036192,1.5536834573257435e-11,9.030137108864704e-10,1.6720073109529458e-12,7.47614648488203e-09
10,human10_lurch12/human10_lurch12_SkeletonData3.csv,lurch,lurch,3.1560098063182755e-15,0.9999999975753193,6.767792466520325e-17,7.894216638258334e-15,6.430052738044145e-10,1.7816642814382695e-09
10,human10_lurch12/human10_lurch12_SkeletonData4.csv,lurch,lurch,6.0649589723791925e-16,0.9999999994395705,2.6885776235515944e-14,1.6977615268080915e-11,1.6810319089221867e-11,5.266140608241003e-10
10,human10_lurch12/human10_lurch12_SkeletonData5.csv,lurch,lurch,8.398270572116028e-13,0.9999999393516633,2.73221133644133e-15,9.134412204590869e-11,1.1691728046672411e-08,4.886442212562397e-08
10,human10_lurch12/human10_lurch12_SkeletonData6.csv,lurch,lurch,3.0376139431483073e-15,0.9999999993114272,1.0662876419660488e-16,2.2600950797974457e-10,5.520682961752942e-11,4.0735344201276433e-10
10,human10_lurch13/human10_lurch13_SkeletonData1.csv,lurch,lurch,1.4948970033115615e-17,0.9999999999328708,1.455124794170836e-18,3.8723089814348737e-16,3.582543889215681e-11,3.1303332487272514e-11
10,human10_lurch13/human10_lurch13_SkeletonData2.csv,lurch,lurch,1.1680749811732099e-17,0.9999989510476593,1.1389126756101405e-10,1.0455766345639117e-06,1.2130512575824377e-16,3.261814708949981e-09
10,human10_lurch13/human10_lurch13_SkeletonData3.csv,lurch,lurch,2.5719145411267035e-16,0.9999999981545462,3.258555691673686e-18,1.1507855563330819e-16,1.8186698191124818e-09,2.6783448661636957e-11
10,human10_lurch13/human10_lurch13_SkeletonData4.csv,lurch,lurch,5.549779700724956e-15,0.999999999390276,1.4329559889675474e-16,4.06574787849037e-12,2.3906292375703013e-10,3.665894313723451e-10
10,human10_lurch13/human10_lurch13_SkeletonData5.csv,lurch,lurch,9.123219017092334e-13,0.999999946219718,1.2259592720386044e-16,6.049996571660997e-13,5.141263965083093e-08,2.3661247538231493e-09
10,human10_lurch13/human10_lurch13_SkeletonData6.csv,lurch,lurch,7.703249912998389e-14,0.9999999968403763,3.989185361020758e-17,7.703274726574704e-13,2.8937167106699198e-09,2.650596041034202e-10
10,human10_lurch16/human10_lurch16_SkeletonData1.csv,lurch,lurch,1.242787744684125e-14,0.9999999929637433,6.0328615999552405e-15,9.397284608989136e-12,3.2379502009302635e-09,3.788890688049863e-09
10,human10_lurch16/human10_lurch16_SkeletonData3.csv,lurch,lurch,6.5673525876884514e-15,0.9999999788804994,1.925137971637208e-17,2.2441513094491465e-15,2.102191997919686e-08,9.757165138680658e-11
10,human10_lurch16/human10_lurch16_SkeletonData4.csv,lurch,lurch,9.436695127447233e-14,0.9999999835434081,7.010513795559509e-15,7.1251729063502875e-12,1.6247537032823432e-08,2.0182813312225897e-10
10,human10_lurch16/human10_lurch16_SkeletonData5.csv,lurch,lurch,1.0830694677577795e-12,0.9999999613022813,1.2541310298270917e-16,4.68436242113751e-12,3.2734709281001875e-08,5.957241913171076e-09
10,human10_lurch16/human10_lurch16_SkeletonData6.csv,lurch,lurch,1.6613187703006194e-13,0.9999999964510906,3.039240858378769e-18,2.972417431547421e-13,3.3843652371018154e-09,1.6408071619536503e-10
10,human10_lurch18/human10_lurch18_SkeletonData2.csv,lurch,lurch,1.580190908456797e-16,0.9999999955955909,1.0124836611697972e-11,4.0609338109252137e-13,3.1401704076032887e-13,4.393564028226916e-09
10,human10_lurch18/human10_lurch18_SkeletonData3.csv,lurch,lurch,3.387630261729188e-18,0.9999999998551732,1.4014699692451828e-17,6.272506527847169e-16,3.758448331073598e-12,1.4106754665702933e-10
10,human10_lurch18/human10_lurch18_SkeletonData4.csv,lurch,lurch,3.439260286193758e-12,0.9997806805730894,0.00021462766492244182,3.571331647048386e-08,5.341517765096392e-09,4.6507037148238555e-06
10,human10_lurch18/human10_lurch18_SkeletonData5.csv,lurch,lurch,1.6358530151053067e-14,0.9999999955830088,2.939225989215942e-17,7.7839837913736e-13,5.475758092844447e-10,3.8686204238466504e-09
10,human10_lurch18/human10_lurch18_SkeletonData6.csv,lurch,lurch,1.5288585499399673e-15,0.9999999988905419,1.5582107730209696e-13,1.6834900392855872e-10,3.7972716549253696e-12,9.371543719909427e-10
10,human10_lurch19/human10_lurch19_SkeletonData1.csv,lurch,lurch,1.1589593330808403e-16,0.9999999990874429,4.621829542147103e-16,1.7979100888012273e-13,6.50516444559269e-11,8.473249532451085e-10
10,human10_lurch19/human10_lurch19_SkeletonData2.csv,lurch,lurch,4.319343464628929e-15,0.9999999975297773,5.46417980343778e-15,3.844009081328984e-10,7.891342225368765e-11,2.006898604072554e-09
10,human10_lurch19/human10_lurch19_SkeletonData3.csv,lurch,lurch,2.1983391348120403e-16,0.999999999364467,8.225559104548234e-18,1.3073347477234695e-15,5.573831606993249e-10,7.814814204342367e-11
10,human10_lurch19/human10_lurch19_SkeletonData5.csv,lurch,lurch,3.4595509623208196e-12,0.9999999378555061,7.521659612512747e-17,9.469558609461713e-12,5.774144369471653e-08,4.390121314986776e-09
10,human10_lurch19/human10_lurch19_SkeletonData6.csv,lurch,lurch,6.378920001342508e-13,0.9999999931675712,1.4596709990107449e-15,1.4352894761400476e-11,6.566990592831055e-09,2.504455621602641e-10
10,human10_lurch20/human10_lurch20_SkeletonData1.csv,lurch,lurch,2.7381041015318478e-14,0.9999999354132791,6.068520148529178e-16,2.497747482984997e-12,1.6604791444335915e-10,6.44181473676355e-08
10,human10_lurch20/human10_lurch20_SkeletonData2.csv,lurch,lurch,1.7226025532569522e-16,0.9999999980427348,3.3424444079555675e-15,1.3240335826995312e-12,3.84676069731085e-12,1.952090999284771e-09
10,human10_lurch20/human10_lurch20_SkeletonData3.csv,lurch,lurch,1.730981545081233e-12,0.9999998814432273,1.8512313186357157e-14,5.598985217290186e-10,3.753236214115432e-09,1.1424188865235497e-07
10,human10_lurch20/human10_lurch20_SkeletonData4.csv,lurch,lurch,1.0084545268768474e-13,0.9999999943284446,3.492122743142431e-15,2.7032344410265724e-11,3.6772692311960293e-09,1.9671495347550175e-09
10,human10_lurch20/human10_lurch20_SkeletonData5.csv,lurch,lurch,3.837706005135331e-12,0.9999997950099853,1.1747051717530185e-15,2.673124701333411e-12,5.565995538273546e-08,1.4932354739808785e-07
10,human10_lurch20/human10_lurch20_SkeletonData6.csv,lurch,lurch,1.920881597364857e-08,0.9999969198921468,1.9939196179382715e-10,2.919555899249658e-07,2.0130398935090183e-06,7.55704162050339e-07
10,human10_lurch7/human10_lurch7_SkeletonData1.csv,lurch,lurch,3.499949360473993e-14,0.9999998767533574,2.2678140021133206e-15,1.0461939969310752e-12,7.330963917664402e-10,1.2251246251813438e-07
10,human10_lurch7/human10_lurch7_SkeletonData2.csv,lurch,lurch,2.554113936354527e-11,0.9999995124675886,2.264508625627716e-12,1.1859566162300695e-07,1.1860087878288516e-08,3.570488565412849e-07
10,human10_lurch7/human10_lurch7_SkeletonData3.csv,lurch,lurch,2.752456236019559e-13,0.9999999792911811,1.9784558803792816e-14,8.463144149173037e-12,8.255646877644618e-09,1.2444413591050787e-08
10,human10_lurch7/human10_lurch7_SkeletonData4.csv,lurch,lurch,2.679350429300697e-13,0.9999994968319146,3.0759598082565416e-07,6.9459911620304316e-09,9.884374357172626e-12,1.886159609018611e-07
10,human10_lurch7/human10_lurch7_SkeletonData5.csv,lurch,lurch,6.8387289471548005e-12,0.9999985133871483,5.937669768273474e-14,1.9036750329698515e-08,5.951078740096283e-09,1.461618124494416e-06
10,human10_lurch7/human10_lurch7_SkeletonData6.csv,lurch,lurch,2.1851750006776102e-11,0.9999997885646895,2.6555196950827237e-12,8.706641219639472e-08,5.68047309234056e-09,1.1866391807566428e-07
10,human10_normal13/human10_normal13_SkeletonData1.csv,normal,antalgic,0.48209771982133326,1.1106051326511548e-05,0.4118112782627792,0.0024170478575934323,0.09189030871650519,0.01177253929046233
10,human10_normal13/human10_normal13_SkeletonData2.csv,normal,antalgic,0.7263804552600722,2.77705537963066e-06,0.24724708473382817,0.004683547907881477,0.011192869436234347,0.010493265606604199
10,human10_normal13/human10_normal13_SkeletonData3.csv,normal,normal,0.035015803653889135,5.855603828213353e-06,0.9357377250029125,0.009595904324845299,0.016036266644742662,0.003608444769782164
10,human10_normal13/human10_normal13_SkeletonData5.csv,normal,normal,0.2430656658106224,0.00014997179477023356,0.48613527016997676,0.028709211794859305,0.06809500604822033,0.17384487438155097
10,human10_normal13/human10_normal13_SkeletonData6.csv,normal,normal,0.16713290416487026,2.6371720776086797e-05,0.6690115975344229,0.05740773244318326,0.10142765340940746,0.00499374072733993
10,human10_normal14/human10_normal14_SkeletonData1.csv,normal,normal,0.28162432724431535,2.9019260523232347e-06,0.6610013469917765,0.035539804681936356,0.010738905502713066,0.011092713653206387
10,human10_normal14/human10_normal14_SkeletonData2.csv,normal,antalgic,0.7142693944149301,9.731700615760368e-06,0.21694585299396132,0.010648894304737037,0.01765203529130158,0.0404740912944542
10,human10_normal14/human10_normal14_SkeletonData3.csv,normal,normal,0.0784914009881981,0.0003533402502908521,0.8047400117646978,0.012303693990286451,0.03983700885425382,0.06427454415227295
10,human10_normal14/human10_normal14_SkeletonData4.csv,normal,normal,0.02826393542530462,8.862051228866037e-05,0.936356864937325,0.007829240224711381,0.014702492256357832,0.012758846644012502
10,human10_normal14/human10_normal14_SkeletonData5.csv,normal,normal,0.12707371940423806,4.690609701588643e-05,0.7404248491042661,0.008397389133115005,0.07644711208999636,0.047610024171368816
10,human10_normal14/human10_normal14_SkeletonData6.csv,normal,normal,0.06450099664377841,3.405092489538652e-05,0.8828851092251929,0.0022703920546313944,0.009005719142270259,0.04130373200923171
10,human10_normal15/human10_normal15_SkeletonData1.csv,normal,normal,0.020443922901996356,7.605757271325134e-05,0.9038551020655512,0.0006153471502086909,0.041935574370433326,0.03307399593909703
10,human10_normal15/human10_normal15_SkeletonData2.csv,normal,normal,0.1342118307256207,1.75671414706063e-05,0.8023735121499027,0.0015081757538573611,0.04647104358507892,0.015417870644069707
10,human10_normal15/human10_normal15_SkeletonData3.csv,normal,normal,0.20261788722836532,0.000426571512474925,0.6389954444322482,0.004648907750956218,0.09344792366199652,0.0598632654139587
10,human10_normal15/human10_normal15_SkeletonData4.csv,normal,normal,0.041020779948387175,8.441329765276632e-05,0.8983728312065763,0.0025474101345243933,0.008305410345587615,0.04966915506727157
10,human10_normal15/human10_normal15_SkeletonData5.csv,normal,normal,0.3408806247862306,1.2247394040850066e-05,0.5620288914940216,0.03274373762573243,0.035510293379839776,0.028824205320134865
10,human10_normal15/human10_normal15_SkeletonData6.csv,normal,normal,0.1260944397913859,2.0512209908159715e-05,0.8305597881989013,0.006425158965857697,0.023298784299309375,0.013601316534637404
10,human10_normal19/human10_normal19_SkeletonData1.csv,normal,normal,0.07600640753005371,5.76532925743773e-06,0.9046516720213474,0.0009775885774641945,0.008390495478955108,0.009968071062922272
10,human10_normal19/human10_normal19_SkeletonData2.csv,normal,normal,0.11775218097453533,3.289713497104818e-06,0.8553662438792906,0.0016071056908568459,0.006136700617827411,0.019134479123992694
10,human10_normal19/human10_normal19_SkeletonData3.csv,normal,normal,0.009383982006313952,1.7268250874226942e-05,0.9801891290685855,0.0014821714359323568,0.005862671597945951,0.0030647776403481494
10,human10_normal19/human10_normal19_SkeletonData4.csv,normal,normal,0.027091031182355976,0.00020493425755796818,0.8949391472373747,0.003949216154242345,0.009531440662297233,0.06428423050617167
10,human10_normal19/human10_normal19_SkeletonData5.csv,normal,trendelenburg,0.42864123038922003,8.456756070976456e-06,0.02638823883184322,0.013421907746712558,0.019510399045055027,0.5120297672310983
10,human10_normal19/human10_normal19_SkeletonData6.csv,normal,normal,0.11978636218473133,4.844334470097788e-06,0.8439275983421184,0.005089313242373635,0.02460449200257372,0.006587389893732804
10,human10_normal2/human10_normal2_SkeletonData1.csv,normal,antalgic,0.6264845035901456,2.49590879630764e-06,0.334239544290788,0.010583255526032575,0.02154449450145007,0.007145706182787291
10,human10_normal2/human10_normal2_SkeletonData3.csv,normal,normal,0.11697651680524211,0.0006111332150451175,0.5521212914848532,0.002392494024043727,0.2928559702750684,0.035042594195747526
10,human10_normal2/human10_normal2_SkeletonData4.csv,normal,antalgic,0.44720775403480195,0.00027975140620679385,0.19422179928623104,0.002122252254483088,0.2995241410171485,0.05664430200112866
10,human10_normal2/human10_normal2_SkeletonData5.csv,normal,normal,0.3004600112638408,8.477176184930237e-06,0.6282205609513671,0.012428703333673111,0.04082665608231748,0.018055591192616616
10,human10_normal2/human10_normal2_SkeletonData6.csv,normal,normal,0.1550583245137166,8.317284258383431e-05,0.6711548686882514,0.03619331388394761,0.07872739260534806,0.05878292746615244
10,human10_normal6/human10_normal6_SkeletonData1.csv,normal,normal,0.17828966473159027,6.995900617465244e-07,0.8005080368710222,0.0012296525576356938,0.016588182402134975,0.0033837638475551803
10,human10_normal6/human10_normal6_SkeletonData3.csv,normal,normal,0.055360224090958726,4.066483826566673e-06,0.9084015255758897,0.021237009088892523,0.005470357347668572,0.009526817412763861
10,human10_normal6/human10_normal6_SkeletonData4.csv,normal,normal,0.23681920536693143,1.5953849770873725e-05,0.698485300374267,0.00237570900687847,0.05125252210436314,0.011051309297788905
10,human10_normal6/human10_normal6_SkeletonData5.csv,normal,antalgic,0.4607465363788058,3.6821784909658593e-07,0.4311045557361879,0.08851060478881347,0.01331180542703027,0.0063261294513135835
10,human10_normal6/human10_normal6_SkeletonData6.csv,normal,normal,0.10972614782967564,8.582247918378467e-06,0.8500617927514769,0.014490053992684713,0.019636646811335777,0.006076776366908678
10,human10_normal7/human10_normal7_SkeletonData1.csv,normal,normal,0.07479155487761631,1.6315347731816894e-06,0.9002260602196548,0.0037503751321529065,0.019994828600211942,0.0012355496355907754
10,human10_normal7/human10_normal7_SkeletonData2.csv,normal,antalgic,0.48723945582552536,1.5773018852328433e-05,0.39846404869017105,0.015974714829399977,0.03426580982107386,0.06404019781497736
10,human10_normal7/human10_normal7_SkeletonData3.csv,normal,normal,0.02039035875045748,2.1986387075922996e-05,0.9583279840641861,0.005037547453169185,0.011976937411590815,0.004245185933520653
10,human10_normal7/human10_normal7_SkeletonData4.csv,normal,normal,0.15179830563374522,1.847254143336958e-05,0.7928064361563827,0.0023515017703798716,0.043556325212631516,0.009468958685427258
10,human10_normal7/human10_normal7_SkeletonData5.csv,normal,normal,0.076498618509248,0.0002102743994554761,0.6900130299057303,0.02469228856809774,0.13461022015702165,0.07397556846044685
10,human10_normal7/human10_normal7_SkeletonData6.csv,normal,normal,0.01783918249787337,9.434660455763606e-06,0.9613394335779786,0.009004809336723922,0.010128360814824195,0.0016787791121441833
10,human10_normal9/human10_normal9_SkeletonData1.csv,normal,normal,0.24998963497994478,5.467250134628202e-05,0.5605015872098656,0.01128710867016081,0.1661991841628199,0.011967812475862403
10,human10_normal9/human10_normal9_SkeletonData3.csv,normal,antalgic,0.4034821777660104,0.00017617179031533914,0.3347282889693801,0.03964209014860057,0.04781408777791594,0.17415718354777762
10,human10_normal9/human10_normal9_SkeletonData4.csv,normal,normal,0.054156281847387924,3.699096824796769e-05,0.8557594631774635,0.06730430888244404,0.008842180408780381,0.013900774715676136
10,human10_normal9/human10_normal9_SkeletonData5.csv,normal,normal,0.2306652756422203,1.0756602997811448e-05,0.690891683280813,0.00792864674207269,0.056030644683073116,0.014472993048823062
10,human10_normal9/human10_normal9_SkeletonData6.csv,normal,normal,0.08635817718508802,8.718802520574651e-06,0.8875126797357492,0.0019777810326860137,0.011558086134796256,0.012584557109159981
10,human10_steppage11/human10_steppage11_SkeletonData1.csv,steppage,steppage,0.007759438752103285,7.376437289385906e-08,0.027143888879808255,0.9647480935521017,9.996458977428427e-05,0.0002485404618397292
10,human10_steppage11/human10_steppage11_SkeletonData2.csv,steppage,steppage,4.897217697828214e-06,1.3211043246323056e-11,2.61278486479928e-05,0.9999689025712553,9.482466459035688e-09,6.286672169954875e-08
10,human10_steppage11/human10_steppage11_SkeletonData3.csv,steppage,steppage,0.0003429257290220599,8.768451872205208e-06,0.020778353649638454,0.977795205357104,0.0008649585829922109,0.0002097882293711555
10,human10_steppage11/human10_steppage11_SkeletonData4.csv,steppage,steppage,1.846921857366538e-05,2.6937834121342525e-08,0.0016869325519451646,0.9982869634735204,2.5403314587833564e-06,5.067486667815726e-06
10,human10_steppage11/human10_steppage11_SkeletonData5.csv,steppage,steppage,3.1954268399464174e-06,1.9937301415346974e-10,0.0011973961252869092,0.9987990609491297,1.0267984215003046e-07,2.4461952811627746e-07
10,human10_steppage11/human10_steppage11_SkeletonData6.csv,steppage,steppage,1.0480458622454667e-07,5.09157216906559e-11,0.0002915452536437824,0.9997082927889562,9.614815077693865e-10,5.614041647994908e-08
10,human10_steppage13/human10_steppage13_SkeletonData1.csv,steppage,steppage,3.443226533266746e-05,1.2836502952906251e-09,0.0005411857175539781,0.9994222992833863,1.6118211307342083e-06,4.696289459330442e-07
10,human10_steppage13/human10_steppage13_SkeletonData2.csv,steppage,steppage,4.6670602831658194e-08,7.780617526307105e-12,3.591374003530607e-05,0.9999640345403005,2.801692489334752e-10,4.761111483431227e-09
10,human10_steppage13/human10_steppage13_SkeletonData3.csv,steppage,steppage,1.4194013957911846e-05,1.8187921123997257e-07,0.0008211606172940688,0.9991332418689322,2.062883628613942e-06,2.9158736976072502e-05
10,human10_steppage13/human10_steppage13_SkeletonData4.csv,steppage,steppage,5.52980139767532e-05,3.7650918414535073e-07,0.004251542725535172,0.9956357467708475,1.4164504358759177e-05,4.287147609752644e-05
10,human10_steppage13/human10_steppage13_SkeletonData5.csv,steppage,steppage,2.2829412598298827e-06,2.065051651460161e-09,0.0026562015398823957,0.9973400088636705,1.0036975202149572e-07,1.404220383631532e-06
10,human10_steppage13/human10_steppage13_SkeletonData6.csv,steppage,steppage,2.3269737631678143e-06,4.0486459652877734e-09,0.0010994796647943977,0.9988885405421646,1.0900183344751272e-07,9.539768798400212e-06
10,human10_steppage14/human10_steppage14_SkeletonData1.csv,steppage,steppage,1.570232332335015e-07,3.493791677133144e-10,1.0658038487307527e-05,0.9999891122367617,4.984320817111962e-09,6.73678176470433e-08
10,human10_steppage14/human10_steppage14_SkeletonData2.csv,steppage,steppage,2.1049835780271366e-08,5.27752408488746e-10,9.550724554829923e-07,0.9999989281110281,2.0863209274950913e-10,9.503029644268104e-08
10,human10_steppage14/human10_steppage14_SkeletonData3.csv,steppage,steppage,5.708736339734385e-06,2.0553827246376733e-08,0.00324435853001013,0.9967396962281012,8.701708557460356e-07,9.345780866006307e-06
10,human10_steppage14/human10_steppage14_SkeletonData4.csv,steppage,steppage,5.374885384758968e-05,7.050734695407826e-07,0.018070522068294476,0.9817315431053866,1.1353684801538036e-05,0.0001321272142003872
10,human10_steppage14/human10_steppage14_SkeletonData5.csv,steppage,steppage,0.0005423476946084231,2.2857992196710577e-08,0.0605121299470454,0.9388834918394796,1.6368780759948345e-05,4.563888011451598e-05
10,human10_steppage14/human10_steppage14_SkeletonData6.csv,steppage,steppage,4.538489601488175e-06,7.0334275581471176e-09,0.033455769144591786,0.9665311826626578,1.5096623889895974e-07,8.351703482539208e-06
10,human10_steppage15/human10_steppage15_SkeletonData1.csv,steppage,steppage,4.338123527272612e-05,1.7202530858941363e-07,0.0010219595450435422,0.9989004809912437,6.39497645396561e-06,2.7611226677336285e-05
10,human10_steppage15/human10_steppage15_SkeletonData2.csv,steppage,steppage,2.4531245279631194e-08,3.0340076327917996e-12,1.0817962190633069e-05,0.9999891356649001,3.571951294666313e-11,2.1802910348727707e-08
10,human10_steppage15/human10_steppage15_SkeletonData3.csv,steppage,steppage,0.054051398670434014,2.2047207043207273e-05,0.14006877180524974,0.7740528816657118,0.018274362600387745,0.013530538051173541
10,human10_steppage15/human10_steppage15_SkeletonData4.csv,steppage,steppage,4.23102170124755e-05,6.208964586825277e-08,0.00684956849125654,0.9930852623645702,9.165723877389342e-06,1.3631113637614247e-05
10,human10_steppage15/human10_steppage15_SkeletonData5.csv,steppage,steppage,0.0026212082717955902,8.85663154431995e-09,0.02626944692922976,0.9710335191788554,5.665270784682798e-05,1.916405564098644e-05
10,human10_steppage15/human10_steppage15_SkeletonData6.csv,steppage,steppage,4.392014415195536e-08,1.590854011693604e-11,0.0015184069512458865,0.9984815273299389,6.624584177448669e-10,2.1120303952859113e-08
10,human10_steppage16/human10_steppage16_SkeletonData1.csv,steppage,steppage,0.012174936526532799,1.2992894870793782e-05,0.043842196436470235,0.9373374426273986,0.003044932190880207,0.003587499323847575
10,human10_steppage16/human10_steppage16_SkeletonData2.csv,steppage,steppage,4.966871318313506e-08,6.992223457261173e-11,4.615194451653239e-05,0.9999536424592698,4.978609080665251e-10,1.5535971733155828e-07
10,human10_steppage16/human10_steppage16_SkeletonData3.csv,steppage,steppage,0.030296089072587424,0.00011975171876432728,0.1094842655245356,0.7837612250058059,0.06130253208245233,0.015036136595854278
10,human10_steppage16/human10_steppage16_SkeletonData4.csv,steppage,steppage,6.693158014378276e-06,1.687018516585959e-08,0.0036807330748574634,0.9962893224089887,1.0421519056341122e-06,2.219233604867882e-05
10,human10_steppage16/human10_steppage16_SkeletonData5.csv,steppage,steppage,7.907995389295236e-05,3.830567328489159e-09,0.003813064449924689,0.9960953188403938,9.335290780589968e-06,3.1976344407061588e-06
10,human10_steppage16/human10_steppage16_SkeletonData6.csv,steppage,steppage,2.9945657234945202e-06,1.2471262824254503e-09,0.00047662443880578786,0.9995181607062328,1.2561767878697974e-07,2.093424432847752e-06
10,human10_steppage6/human10_steppage6_SkeletonData1.csv,steppage,steppage,5.9596176807279934e-05,1.6715574540114856e-08,0.024698630033175257,0.9752141481637917,1.4963877208403987e-06,2.6112522930267763e-05
10,human10_steppage6/human10_steppage6_SkeletonData2.csv,steppage,steppage,5.948025465571807e-07,4.2244967407064953e-10,0.0004109015106740274,0.9995882473003392,2.8176430156761845e-08,2.2778756025329355e-07
10,human10_steppage6/human10_steppage6_SkeletonData3.csv,steppage,steppage,0.00011447769490399339,3.5112415937020878e-06,0.12668872716480392,0.872528373392404,0.0004495538829331665,0.00021535662336136905
10,human10_steppage6/human10_steppage6_SkeletonData4.csv,steppage,steppage,1.9203538283548403e-05,8.381389460393682e-09,0.01201336715212297,0.9879579481809173,1.0461807580943602e-06,8.426566528578082e-06
10,human10_steppage6/human10_steppage6_SkeletonData5.csv,steppage,steppage,4.359454363059134e-07,1.463470139391371e-11,0.0003934934311596584,0.999605921253627,3.777758103699629e-10,1.489773664115967e-07
10,human10_steppage6/human10_steppage6_SkeletonData6.csv,steppage,steppage,4.940423379693183e-08,2.4683892513695047e-10,0.05199644013776022,0.9480033370240393,1.5893568283525415e-09,1.715977708360863e-07
10,human10_steppage7/human10_steppage7_SkeletonData1.csv,steppage,steppage,3.850810418586847e-06,4.2966738228986366e-11,0.0029284024251276628,0.9970674983149962,3.8963848539714725e-08,2.0944264235220618e-07
10,human10_steppage7/human10_steppage7_SkeletonData2.csv,steppage,steppage,2.0411364392455478e-07,1.0350575086940644e-10,6.6513054598217e-05,0.9999330628407286,3.28833484652871e-09,2.1659918853333058e-07
10,human10_steppage7/human10_steppage7_SkeletonData3.csv,steppage,steppage,9.366071139764016e-05,2.8575834713040265e-07,0.02477629404317181,0.975047172106488,4.978642034803232e-05,3.2800960247462726e-05
10,human10_steppage7/human10_steppage7_SkeletonData4.csv,steppage,steppage,0.002394696732404735,1.3325162284894977e-06,0.027023495913227107,0.9699821910631006,0.00018349959004973534,0.00041478418498944826
10,human10_steppage7/human10_steppage7_SkeletonData5.csv,steppage,steppage,1.7101634004346266e-10,2.1909373866014784e-12,0.0007238010282717895,0.9992761986820657,5.2285854387521824e-11,6.416954380977953e-11
10,human10_steppage7/human10_steppage7_SkeletonData6.csv,steppage,steppage,1.9002073045800493e-07,6.99401609760862e-12,0.0019787548497021837,0.9980210275090734,1.8525251376403497e-09,2.5760975006273795e-08
10,human10_steppage8/human10_steppage8_SkeletonData1.csv,steppage,steppage,4.0829711253691394e-07,7.92855763768041e-11,0.00036833504814654417,0.9996311134796888,2.944434521602192e-09,1.4015133201911725e-07
10,human10_steppage8/human10_steppage8_SkeletonData2.csv,steppage,steppage,1.1461529265421431e-08,4.337530732738994e-12,0.00013245853037399782,0.9998675231744822,4.022774861894906e-11,6.789049086296769e-09
10,human10_steppage8/human10_steppage8_SkeletonData3.csv,steppage,steppage,0.0005559201812761498,6.762508674361847e-07,0.06023123820510735,0.9386160736589658,0.00043075422817716097,0.0001653374756059483
10,human10_steppage8/human10_steppage8_SkeletonData4.csv,steppage,steppage,0.00019802370847456352,1.0423618948688698e-07,0.024946641677647322,0.974727909556433,5.022228727306891e-06,0.0001222985925283459
10,human10_steppage8/human10_steppage8_SkeletonData5.csv,steppage,steppage,5.220796493638236e-06,1.5597574018239066e-11,0.005199439351669557,0.9947952514588815,1.9974045015618548e-08,6.84033129470249e-08
10,human10_steppage8/human10_steppage8_SkeletonData6.csv,steppage,steppage,5.272480362180861e-07,7.195610592821874e-11,0.0021279308625315315,0.997871147649014,1.9652707923469126e-09,3.922031913032742e-07
10,human10_stiff_legged1/human10_stiff_legged1_SkeletonData1.csv,stiff_legged,stiff_legged,0.1200011863221158,0.00025055526193936415,0.0007629131549777551,3.160030166824853e-05,0.8607940807600495,0.018159664199249352
10,human10_stiff_legged1/human10_stiff_legged1_SkeletonData2.csv,stiff_legged,stiff_legged,0.028813648240433528,0.0011327160997179776,1.2011033623764081e-05,7.107005330825271e-08,0.9664251835847923,0.0036163699713790114
10,human10_stiff_legged1/human10_stiff_legged1_SkeletonData3.csv,stiff_legged,stiff_legged,0.07183382615801391,0.0036528341654454323,0.00047018604707268547,2.410082669737517e-06,0.8960284276224867,0.02801231592431145
10,human10_stiff_legged1/human10_stiff_legged1_SkeletonData4.csv,stiff_legged,stiff_legged,0.020163835685976926,0.00035236516733946763,6.104072911298203e-07,2.3884377562135833e-09,0.9793987628770802,8.442347387465306e-05
10,human10_stiff_legged1/human10_stiff_legged1_SkeletonData5.csv,stiff_legged,stiff_legged,0.24196354442479168,2.0953280670560274e-05,5.6074080948369846e-05,1.5143595531770045e-06,0.7563954573872363,0.001562456466800034
10,human10_stiff_legged1/human10_stiff_legged1_SkeletonData6.csv,stiff_legged,stiff_legged,0.012663778198815215,2.0633952126465405e-05,4.442967523062169e-07,3.236728662314188e-10,0.9873014089974934,1.3734231139666764e-05
10,human10_stiff_legged10/human10_stiff_legged10_SkeletonData1.csv,stiff_legged,stiff_legged,0.03986558981908585,6.626903332923488e-05,0.00019865414407323556,8.992761651000629e-08,0.959591871815999,0.00027752525989609654
10,human10_stiff_legged10/human10_stiff_legged10_SkeletonData2.csv,stiff_legged,stiff_legged,0.018426718598801017,2.1987858251304066e-05,3.7511111431712685e-07,3.429208007250255e-10,0.9815427193536501,8.198735262383777e-06
10,human10_stiff_legged10/human10_stiff_legged10_SkeletonData3.csv,stiff_legged,stiff_legged,0.10307113874340423,2.582290226272931e-05,0.18035277941116193,0.003703268114755029,0.7123624797763818,0.00048451105203431357
10,human10_stiff_legged10/human10_stiff_legged10_SkeletonData4.csv,stiff_legged,stiff_legged,0.00544242080690982,2.444678737380454e-05,4.1903247771368084e-07,7.521097826098648e-11,0.9945274753909548,5.2379070729644e-06
10,human10_stiff_legged10/human10_stiff_legged10_SkeletonData5.csv,stiff_legged,stiff_legged,0.061345799026101856,1.7127244452798586e-06,0.004597923228680433,9.150706824612787e-05,0.933934565360108,2.849259241832621e-05
10,human10_stiff_legged10/human10_stiff_legged10_SkeletonData6.csv,stiff_legged,stiff_legged,0.013921730325288564,1.5713017660717995e-05,5.914612566264383e-07,1.599298402280709e-10,0.9860521892509246,9.775784939505326e-06
10,human10_stiff_legged16/human10_stiff_legged16_SkeletonData1.csv,stiff_legged,stiff_legged,0.004871622667799457,0.00010076537828328516,3.200686431721392e-05,4.993722817066998e-10,0.9949547466032069,4.0857987020925216e-05
10,human10_stiff_legged16/human10_stiff_legged16_SkeletonData2.csv,stiff_legged,stiff_legged,0.0028484821574415093,0.00017722799428619354,1.1135555069493164e-07,2.582720152923717e-11,0.9969701488374462,4.029629448238614e-06
10,human10_stiff_legged16/human10_stiff_legged16_SkeletonData3.csv,stiff_legged,stiff_legged,0.027866810485177924,0.0002745914810535233,1.7551120212349876e-05,3.037634127658103e-07,0.9665331846941876,0.00530755845595592
10,human10_stiff_legged16/human10_stiff_legged16_SkeletonData4.csv,stiff_legged,stiff_legged,0.004083516250212562,0.0003384016183552572,1.0603370455268726e-06,9.992056759651604e-11,0.995554811098087,2.2210596379167153e-05
10,human10_stiff_legged16/human10_stiff_legged16_SkeletonData5.csv,stiff_legged,stiff_legged,0.07425152140325793,3.357272257511382e-06,0.0017811544555024095,3.672606751548732e-08,0.9239510533951558,1.2876747759017827e-05
10,human10_stiff_legged16/human10_stiff_legged16_SkeletonData6.csv,stiff_legged,stiff_legged,0.005286102877626026,0.00010859456667979117,4.855040735732964e-07,1.826105529262353e-11,0.9945979538941739,6.863139185646674e-06
10,human10_stiff_legged19/human10_stiff_legged19_SkeletonData1.csv,stiff_legged,stiff_legged,0.005779556099459221,1.8617423500312254e-05,0.00010747387298517924,1.4812726413008246e-09,0.9940731989201257,2.115220265707317e-05
10,human10_stiff_legged19/human10_stiff_legged19_SkeletonData2.csv,stiff_legged,stiff_legged,0.033685731337522715,3.009807733944752e-05,4.816828711656914e-06,1.2361628686356702e-10,0.9662696601761699,9.693456639990091e-06
10,human10_stiff_legged19/human10_stiff_legged19_SkeletonData3.csv,stiff_legged,stiff_legged,0.10364645976093352,8.517831647480294e-06,0.014695006600682852,0.0006229653518274606,0.8808984103025714,0.00012864015233717663
10,human10_stiff_legged19/human10_stiff_legged19_SkeletonData4.csv,stiff_legged,stiff_legged,0.003552755505806449,2.657695876656353e-05,5.576246248433179e-07,9.164591524380766e-12,0.9964190629562725,1.0469453651277144e-06
10,human10_stiff_legged19/human10_stiff_legged19_SkeletonData5.csv,stiff_legged,stiff_legged,0.10907915488768478,6.587611865941663e-06,0.008794822285645335,0.000855445497980648,0.8812493334236972,1.4656293126274286e-05
10,human10_stiff_legged19/human10_stiff_legged19_SkeletonData6.csv,stiff_legged,stiff_legged,0.008375805565828983,9.170858363287798e-06,5.372046416045056e-07,2.1050044889262415e-11,0.9916121151178905,2.371232225413498e-06
10,human10_stiff_legged20/human10_stiff_legged20_SkeletonData1.csv,stiff_legged,stiff_legged,0.003455716958255527,1.3748965295293162e-05,9.941268479390617e-06,1.456844996400116e-10,0.996509893601768,1.0699060517244504e-05
10,human10_stiff_legged20/human10_stiff_legged20_SkeletonData2.csv,stiff_legged,stiff_legged,0.015013701975780799,1.06633350810457e-05,2.992554245294687e-05,7.047601705666689e-11,0.9849262176980822,1.9491378126961722e-05
10,human10_stiff_legged20/human10_stiff_legged20_SkeletonData3.csv,stiff_legged,stiff_legged,0.07677908533709324,0.00014740682936904278,0.013453100351303161,8.864209628081334e-06,0.8927533010669081,0.016858242205698374
10,human10_stiff_legged20/human10_stiff_legged20_SkeletonData4.csv,stiff_legged,stiff_legged,0.02452435712852429,3.3883004503602326e-05,3.416369401771631e-05,9.242797954656428e-10,0.9753484583506133,5.913689806128625e-05
10,human10_stiff_legged20/human10_stiff_legged20_SkeletonData5.csv,stiff_legged,stiff_legged,0.09445307162923489,1.2501969988643746e-05,0.0005804128251747831,2.4331958399917585e-07,0.9042974745162913,0.000656295739726434
10,human10_stiff_legged20/human10_stiff_legged20_SkeletonData6.csv,stiff_legged,stiff_legged,0.0014636071351070083,0.00011041849830409428,2.146562153610288e-11,1.2588959975453e-11,0.9984255801577615,3.9417477274958344e-07
10,human10_stiff_legged3/human10_stiff_legged3_SkeletonData1.csv,stiff_legged,stiff_legged,0.030793436767040803,0.00021215918557730243,0.00013110970011352037,1.7493984413753212e-07,0.9685623990394606,0.00030072036796364066
10,human10_stiff_legged3/human10_stiff_legged3_SkeletonData2.csv,stiff_legged,stiff_legged,0.031572566682861174,0.00029073106806189636,2.8637916556864693e-06,1.100420404148265e-08,0.9680371962915674,9.66311616497802e-05
10,human10_stiff_legged3/human10_stiff_legged3_SkeletonData3.csv,stiff_legged,stiff_legged,0.06296953465491338,0.006032675303048305,0.0017920746505292358,3.798043473782954e-06,0.8886488429419688,0.040553074406066675
10,human10_stiff_legged3/human10_stiff_legged3_SkeletonData4.csv,stiff_legged,stiff_legged,0.005013271735709357,0.001778454216294396,3.2718029029298434e-07,3.353637697919482e-10,0.9931591767012403,4.876983110196878e-05
10,human10_stiff_legged3/human10_stiff_legged3_SkeletonData5.csv,stiff_legged,stiff_legged,0.08736139721216979,0.0001341224407434005,0.0003766150464145835,5.301797785119953e-05,0.9107399342956191,0.0013349130272019083
10,human10_stiff_legged3/human10_stiff_legged3_SkeletonData6.csv,stiff_legged,stiff_legged,0.014383472240895484,1.600240669363348e-05,1.4163570864957716e-07,2.1714822928273992e-10,0.9855989212611546,1.4622383995135476e-06
10,human10_stiff_legged7/human10_stiff_legged7_SkeletonData1.csv,stiff_legged,stiff_legged,0.03843446680855721,0.00016839522972828387,4.120969466019294e-05,3.314309417071155e-08,0.9611364215571535,0.00021947356680673886
10,human10_stiff_legged7/human10_stiff_legged7_SkeletonData2.csv,stiff_legged,stiff_legged,0.021133236632662304,0.00012106284971294312,4.624400910858605e-07,6.129318274653185e-10,0.9787102780076309,3.495945697100419e-05
10,human10_stiff_legged7/human10_stiff_legged7_SkeletonData3.csv,stiff_legged,stiff_legged,0.10683583579758768,0.00028520169687468937,0.004866698967505202,8.770837235919745e-06,0.8829969480684907,0.005006544632305817
10,human10_stiff_legged7/human10_stiff_legged7_SkeletonData4.csv,stiff_legged,stiff_legged,0.01937866972653975,2.8917848717928908e-05,1.3129444983850436e-06,6.472115777281655e-10,0.9805661085737706,2.4990259261898252e-05
10,human10_stiff_legged7/human10_stiff_legged7_SkeletonData5.csv,stiff_legged,stiff_legged,0.3804217073978868,4.941179282575275e-06,0.0003948042458299639,4.558373744928465e-06,0.6180229636757688,0.0011510251274868624
10,human10_stiff_legged7/human10_stiff_legged7_SkeletonData6.csv,stiff_legged,stiff_legged,0.04037363482153602,2.407128347256194e-06,1.7806159046342816e-05,4.285670691851413e-09,0.9596017642231487,4.383382250966672e-06
10,human10_stiff_legged8/human10_stiff_legged8_SkeletonData1.csv,stiff_legged,stiff_legged,0.004987805244925505,0.00011033097316885043,3.878614600004451e-05,8.169381162793509e-10,0.9948400542896476,2.3022529319898247e-05
10,human10_stiff_legged8/human10_stiff_legged8_SkeletonData2.csv,stiff_legged,stiff_legged,0.01663451578334312,7.309739724936584e-05,2.9593212334701508e-05,5.56214377069378e-09,0.9832117905981369,5.0997446792066526e-05
10,human10_stiff_legged8/human10_stiff_legged8_SkeletonData3.csv,stiff_legged,stiff_legged,0.09108076721668885,2.4091700271900983e-05,0.002111928609924451,5.680674217384615e-07,0.9048391598973142,0.0019434845083788062
10,human10_stiff_legged8/human10_stiff_legged8_SkeletonData4.csv,stiff_legged,stiff_legged,0.02413832385305362,9.774467816599535e-06,1.681755129767449e-05,1.9981385700625695e-10,0.9758252616851315,9.82224288671178e-06
10,human10_stiff_legged8/human10_stiff_legged8_SkeletonData5.csv,stiff_legged,stiff_legged,0.06291461857412965,4.773449922540968e-06,0.0007094433725405657,4.196401849429366e-08,0.9363196691592015,5.145348018727124e-05
10,human10_stiff_legged8/human10_stiff_legged8_SkeletonData6.csv,stiff_legged,stiff_legged,0.00035551466408519815,0.0017751875914434868,2.2418052347011496e-10,3.1439042679751856e-12,0.997867815459001,1.4820581458385267e-06
10,human10_trendelenburg11/human10_trendelenburg11_SkeletonData1.csv,trendelenburg,lurch,8.947953199381122e-09,0.9999921688950753,5.0636933216492875e-09,3.9134552347604665e-09,3.6525011703822884e-06,4.160678652643401e-06
10,human10_trendelenburg11/human10_trendelenburg11_SkeletonData2.csv,trendelenburg,lurch,1.4672936601753034e-12,0.9999995513229446,9.405813317799812e-15,8.634388461905612e-13,2.8693026954550897e-09,4.4580541264681387e-07
10,human10_trendelenburg11/human10_trendelenburg11_SkeletonData3.csv,trendelenburg,lurch,8.637495291274103e-08,0.9994223968114118,8.162075430309555e-08,1.9491249858142245e-07,9.892040729656706e-07,0.0005762510763092831
10,human10_trendelenburg11/human10_trendelenburg11_SkeletonData5.csv,trendelenburg,lurch,4.4519412950745966e-08,0.9997944482452942,7.0712103300465236e-09,7.918907208691236e-08,2.11633765335321e-06,0.00020330463735682508
10,human10_trendelenburg11/human10_trendelenburg11_SkeletonData6.csv,trendelenburg,lurch,6.1525001659344765e-09,0.9999677089979134,1.5799919469574817e-09,5.15853750218185e-07,4.4820280924644744e-07,3.131921303497133e-05
10,human10_trendelenburg15/human10_trendelenburg15_SkeletonData1.csv,trendelenburg,lurch,6.751351476494003e-07,0.9982898860437299,1.5937682073208294e-05,2.4014223844307257e-05,2.3871052380281043e-05,0.0016456158628244265
10,human10_trendelenburg15/human10_trendelenburg15_SkeletonData2.csv,trendelenburg,lurch,3.3082894376427565e-09,0.9999103317652391,3.6225792236236216e-10,9.940451892491084e-10,1.1337799353178351e-06,8.852979023298637e-05
10,human10_trendelenburg15/human10_trendelenburg15_SkeletonData3.csv,trendelenburg,lurch,2.2498944409604613e-08,0.9989409621339836,8.83167852294343e-07,1.1636681945981836e-05,2.082337945208275e-06,0.0010444131793282384
10,human10_trendelenburg15/human10_trendelenburg15_SkeletonData4.csv,trendelenburg,lurch,3.3693389360932625e-09,0.9997336785907018,2.3202923326733633e-08,5.75966864694187e-09,1.2752263511507042e-06,0.0002650138510160075
10,human10_trendelenburg15/human10_trendelenburg15_SkeletonData5.csv,trendelenburg,lurch,6.398072516381881e-08,0.9998091805994261,6.558924880030585e-08,3.531704439372142e-08,8.061176148723901e-06,0.000182593337406894
10,human10_trendelenburg15/human10_trendelenburg15_SkeletonData6.csv,trendelenburg,lurch,6.718705269144196e-11,0.9999323916088836,7.647548533066129e-10,1.6186037230206486e-10,1.0146306613058386e-08,6.759725100747808e-05
10,human10_trendelenburg17/human10_trendelenburg17_SkeletonData1.csv,trendelenburg,lurch,4.551793790406514e-06,0.9985274403406453,1.0458397017968403e-05,1.3819082418964323e-07,0.0009690709421734708,0.0004883403355486813
10,human10_trendelenburg17/human10_trendelenburg17_SkeletonData3.csv,trendelenburg,lurch,1.532968979716953e-07,0.999761290517353,1.1788988750591814e-06,2.920865036927606e-07,3.970466830780564e-05,0.00019738053206255578
10,human10_trendelenburg17/human10_trendelenburg17_SkeletonData4.csv,trendelenburg,lurch,3.7735259286783485e-08,0.9997982226795784,1.0075086970888916e-08,7.208861221522103e-08,3.98443847954757e-06,0.00019767298298369913
10,human10_trendelenburg17/human10_trendelenburg17_SkeletonData5.csv,trendelenburg,lurch,2.3899959776984543e-08,0.9999248579807877,2.675359002281405e-08,1.563669518738217e-08,1.0216197838330321e-05,6.485953112880043e-05
10,human10_trendelenburg17/human10_trendelenburg17_SkeletonData6.csv,trendelenburg,lurch,7.143374042909492e-11,0.9999917011616161,1.4303399977218565e-10,7.853452741432991e-08,4.837466963444245e-07,7.73634269233015e-06
10,human10_trendelenburg18/human10_trendelenburg18_SkeletonData1.csv,trendelenburg,lurch,4.523909968408047e-08,0.9996773574798928,4.283114545845644e-07,9.266156857509876e-08,6.822495773506624e-06,0.0003152538122109123
10,human10_trendelenburg18/human10_trendelenburg18_SkeletonData2.csv,trendelenburg,lurch,2.7678983467500205e-10,0.9999771342436198,1.2690863559864377e-11,1.1249715087550378e-09,5.3981604304325504e-08,2.281036032384306e-05
10,human10_trendelenburg18/human10_trendelenburg18_SkeletonData3.csv,trendelenburg,lurch,1.690537951479125e-09,0.9999811579159846,4.3135619815208264e-09,1.0365209095721727e-08,6.845850130128783e-07,1.8141129693253103e-05
10,human10_trendelenburg18/human10_trendelenburg18_SkeletonData4.csv,trendelenburg,lurch,1.2634806790794426e-10,0.9999947380237786,2.1794277788796721e-10,2.930858528049519e-09,7.531640354430647e-08,5.183384668410038e-06
10,human10_trendelenburg18/human10_trendelenburg18_SkeletonData5.csv,trendelenburg,lurch,6.234218325276441e-07,0.9995585363413281,5.470793468906654e-13,1.4529506679668827e-10,6.987579924162418e-05,0.0003709642917556555
10,human10_trendelenburg18/human10_trendelenburg18_SkeletonData6.csv,trendelenburg,lurch,5.801064792259647e-10,0.9999905779430046,1.7639748043563654e-11,3.237991882894387e-10,8.591356580962025e-07,8.561999791835633e-06
10,human10_trendelenburg19/human10_trendelenburg19_SkeletonData1.csv,trendelenburg,lurch,1.2535956927268555e-08,0.9998194035788643,3.246606901147242e-06,2.824866661917313e-07,2.7893615349278733e-06,0.000174265430076313
10,human10_trendelenburg19/human10_trendelenburg19_SkeletonData2.csv,trendelenburg,lurch,6.273745844974549e-11,0.9999884243959114,9.13570226208997e-11,4.327096338171189e-10,3.1912763564899716e-08,1.1543104520730039e-05
10,human10_trendelenburg19/human10_trendelenburg19_SkeletonData3.csv,trendelenburg,lurch,1.2153199272253211e-08,0.9999326543777857,2.0143392094557573e-07,1.99318096724308e-07,1.7359382760876125e-06,6.51967787212088e-05
10,human10_trendelenburg19/human10_trendelenburg19_SkeletonData4.csv,trendelenburg,lurch,2.869576282218023e-10,0.9999639490082927,1.0255877575962832e-09,9.658164231496656e-09,4.011721785158446e-08,3.5999903779955557e-05
10,human10_trendelenburg19/human10_trendelenburg19_SkeletonData5.csv,trendelenburg,lurch,4.0740587940155125e-06,0.9991240755335685,4.675707913302349e-07,3.977359793299057e-06,0.00019637137870434938,0.0006710340983484667
10,human10_trendelenburg19/human10_trendelenburg19_SkeletonData6.csv,trendelenburg,lurch,5.748052857965751e-08,0.9998674176954089,7.755759413843577e-09,1.1437459008388546e-07,5.3024377036641055e-06,0.0001271002560094285
10,human10_trendelenburg2/human10_trendelenburg2_SkeletonData1.csv,trendelenburg,lurch,1.3403046172251923e-05,0.9850783419056229,1.4166129917500041e-05,1.5729859841357036e-06,0.010683440591568153,0.00420907534073498
10,human10_trendelenburg2/human10_trendelenburg2_SkeletonData3.csv,trendelenburg,lurch,6.501414254331466e-07,0.9992009445614948,1.1090197973174259e-07,4.4129753096946955e-07,0.00046544604129317916,0.000332407056275934
10,human10_trendelenburg2/human10_trendelenburg2_SkeletonData4.csv,trendelenburg,lurch,1.0887595755072815e-07,0.9991289177218725,3.643089171838413e-07,3.448926458950307e-08,2.9902051405660273e-05,0.000840672552582499
10,human10_trendelenburg2/human10_trendelenburg2_SkeletonData5.csv,trendelenburg,lurch,7.5093432407589716e-06,0.9941852123681686,1.7234557777075936e-09,2.95956878091171e-07,0.005025455172069517,0.0007815254361870263
10,human10_trendelenburg2/human10_trendelenburg2_SkeletonData6.csv,trendelenburg,lurch,1.1623401235079862e-06,0.9960142987146934,1.674577607452209e-07,1.2499873382644357e-07,0.0005079240481252635,0.0034763224405632872
10,human10_trendelenburg20/human10_trendelenburg20_SkeletonData1.csv,trendelenburg,lurch,2.027122185776547e-06,0.9990783543474591,1.316242711771885e-06,5.907315526847615e-08,0.00037804644172090903,0.0005401967727671003
10,human10_trendelenburg20/human10_trendelenburg20_SkeletonData2.csv,trendelenburg,lurch,2.6412522799298134e-08,0.9995978591242657,9.723145417761686e-10,1.8238602687826637e-08,2.4324649073338643e-06,0.0003996627873869835
10,human10_trendelenburg20/human10_trendelenburg20_SkeletonData3.csv,trendelenburg,lurch,7.645505616573767e-07,0.9988742506957988,4.969062587256289e-06,2.5461710317431405e-06,4.982169363659191e-05,0.0010676478263839618
10,human10_trendelenburg20/human10_trendelenburg20_SkeletonData4.csv,trendelenburg,lurch,2.8148440977525516e-08,0.9999037435281408,2.2032134707250456e-09,4.536183794258391e-08,3.8014740639229084e-06,9.237928430266182e-05
10,human10_trendelenburg20/human10_trendelenburg20_SkeletonData5.csv,trendelenburg,lurch,1.057906271476052e-06,0.9964973739385633,1.239294492341422e-07,1.361791945673197e-07,3.625385813443435e-05,0.0034650541883872172
10,human10_trendelenburg20/human10_trendelenburg20_SkeletonData6.csv,trendelenburg,lurch,3.279873787495101e-07,0.9993657777927714,7.946349480346863e-08,4.0534401319956636e-07,1.623592126937567e-05,0.0006171734910725627
10,human10_trendelenburg4/human10_trendelenburg4_SkeletonData1.csv,trendelenburg,lurch,1.3155171643712677e-07,0.9977476259520839,1.079310767871324e-06,7.787537480182392e-08,4.557829438025933e-05,0.002205507015676678
10,human10_trendelenburg4/human10_trendelenburg4_SkeletonData2.csv,trendelenburg,lurch,1.2528545935451835e-11,0.9999889115805961,2.9418407513064854e-11,7.504981733076852e-12,1.2361517887008283e-07,1.0964754773017451e-05
10,human10_trendelenburg4/human10_trendelenburg4_SkeletonData3.csv,trendelenburg,lurch,6.458598990316863e-08,0.999781920819996,3.374533778894138e-07,4.164749515078919e-07,2.7070399368647924e-05,0.0001901902663161833
10,human10_trendelenburg4/human10_trendelenburg4_SkeletonData4.csv,trendelenburg,lurch,7.209294851231766e-10,0.9999765343249873,8.797169529848427e-09,1.3096998710303486e-09,3.203185246138988e-06,2.02516619678906e-05
10,human10_trendelenburg4/human10_trendelenburg4_SkeletonData5.csv,trendelenburg,lurch,1.7566926350318289e-06,0.9944837973301995,8.280568196270585e-07,2.580552892187821e-07,6.016874183072062e-05,0.005453191123225921
10,human10_trendelenburg4/human10_trendelenburg4_SkeletonData6.csv,trendelenburg,lurch,2.669931014317045e-07,0.9990722390185237,1.1495879392101725e-07,2.8623184521483987e-08,2.2273718034827504e-05,0.0009050766883616013
2,human2_antalgic11/human2_antalgic11_SkeletonData1.csv,antalgic,antalgic,0.9516289182643564,8.846620912406164e-07,0.02563166070855331,3.941259267370287e-05,0.02250795659262977,0.00019116717969549062
2,human2_antalgic11/human2_antalgic11_SkeletonData2.csv,antalgic,stiff_legged,0.34919545288585935,2.718118130183225e-06,4.549336595048171e-05,7.579222606190785e-08,0.6506792660890797,7.699374875424354e-05
2,human2_antalgic11/human2_antalgic11_SkeletonData3.csv,antalgic,antalgic,0.9414431496264503,2.066609362026334e-06,0.013749831910070167,0.00010795361243188782,0.044283263682040566,0.00041373455964517067
2,human2_antalgic11/human2_antalgic11_SkeletonData4.csv,antalgic,stiff_legged,0.07657213618704009,4.343485206741575e-06,6.660934338610187e-06,3.6815686115105012e-09,0.9234125853319085,4.270379937407009e-06
2,human2_antalgic11/human2_antalgic11_SkeletonData5.csv,antalgic,antalgic,0.7333508360933331,2.6693810843000506e-06,0.0024845872998661496,1.516418727712117e-05,0.2623453159450014,0.0018014270934380411
2,human2_antalgic11/human2_antalgic11_SkeletonData6.csv,antalgic,stiff_legged,0.407517268136781,5.951186754382966e-07,5.4572694134099475e-05,1.064404498878531e-08,0.5924232821882214,4.271218143124696e-06
2,human2_antalgic13/human2_antalgic13_SkeletonData1.csv,antalgic,antalgic,0.931896749227721,2.4755001057217243e-06,0.012101836381800225,3.435316155683016e-05,0.05466095104662619,0.0013036346821898648
2,human2_antalgic13/human2_antalgic13_SkeletonData2.csv,antalgic,antalgic,0.5281369354842588,1.6480538953669153e-06,7.642434985227834e-05,9.860076162790403e-08,0.4717434121875648,4.148132366694925e-05
2,human2_antalgic13/human2_antalgic13_SkeletonData3.csv,antalgic,antalgic,0.7617630188692459,8.407765057385401e-05,0.0043932463433351086,0.00015722619926514765,0.2290558988717816,0.004546532065798331
2,human2_antalgic13/human2_antalgic13_SkeletonData4.csv,antalgic,stiff_legged,0.3906763676636089,3.7238084734634634e-06,0.0002566416054031395,3.343696280822322e-07,0.609053179453817,9.753099069500387e-06
2,human2_antalgic13/human2_antalgic13_SkeletonData5.csv,antalgic,antalgic,0.8452825946195952,1.8318259267012888e-05,0.005340409609468414,2.7489307173147335e-05,0.14574558099211865,0.003585607212377463
2,human2_antalgic13/human2_antalgic13_SkeletonData6.csv,antalgic,stiff_legged,0.46416565017188904,1.857004474072221e-06,0.00021940654799988698,4.132488624507429e-08,0.5355980849386074,1.4960012143431394e-05
2,human2_antalgic15/human2_antalgic15_SkeletonData1.csv,antalgic,antalgic,0.880653354368942,2.7678763091920844e-05,0.01886675744963894,0.00026796205511296753,0.09595552968225415,0.004228717680960051
2,human2_antalgic15/human2_antalgic15_SkeletonData2.csv,antalgic,antalgic,0.5159718829936887,2.896548763071295e-06,0.00048156665027969484,8.05219913904417e-07,0.4835181930646318,2.4655522722930083e-05
2,human2_antalgic15/human2_antalgic15_SkeletonData3.csv,antalgic,stiff_legged,0.1336255062572814,0.0016637181516364723,0.01656107154135203,0.0001291379168070943,0.8256108000314111,0.02240976610151191
2,human2_antalgic15/human2_antalgic15_SkeletonData4.csv,antalgic,stiff_legged,0.14636743651309722,8.582281047189251e-05,3.3675005671055705e-05,4.731468027871992e-08,0.8534546924164109,5.83259396687137e-05
2,human2_antalgic15/human2_antalgic15_SkeletonData5.csv,antalgic,trendelenburg,0.21318808898103905,0.00040310457217273356,0.0008924390418692919,0.00036512942296247603,0.05428784138981786,0.7308633965921387
2,human2_antalgic15/human2_antalgic15_SkeletonData6.csv,antalgic,stiff_legged,0.14402083805998253,2.4888491960404193e-05,7.71078356223574e-05,2.9101766460461556e-08,0.8558350304088207,4.210610184769287e-05
2,human2_antalgic19/human2_antalgic19_SkeletonData1.csv,antalgic,antalgic,0.7315727931920237,3.0663467232366676e-05,0.0224651491873016,0.00015542449410345594,0.24285761795773292,0.002918351701606083
2,human2_antalgic19/human2_antalgic19_SkeletonData2.csv,antalgic,antalgic,0.7500615529982143,4.828559146997012e-07,0.001045804537192667,6.2062094700519865e-06,0.24886612076238993,1.983263681853719e-05
2,human2_antalgic19/human2_antalgic19_SkeletonData3.csv,antalgic,antalgic,0.6677803247127282,5.668636168144157e-05,0.004213131929365144,1.3095545773532498e-05,0.3247124648893404,0.0032242965611113438
2,human2_antalgic19/human2_antalgic19_SkeletonData4.csv,antalgic,stiff_legged,0.44433278511614244,4.295578144706312e-06,0.0004989386137755215,1.1785382283545352e-06,0.555135591632593,2.721052111605882e-05
2,human2_antalgic19/human2_antalgic19_SkeletonData5.csv,antalgic,antalgic,0.7613276389143591,1.5875705210782105e-06,0.0028453138167540077,2.5583156113877316e-06,0.23532506997444647,0.0004978314083080036
2,human2_antalgic19/human2_antalgic19_SkeletonData6.csv,antalgic,stiff_legged,0.10264671336008237,9.55987018993943e-05,5.8108783557484706e-06,4.433419083397254e-07,0.8967489734996904,0.0005024602180637334
2,human2_antalgic20/human2_antalgic20_SkeletonData1.csv,antalgic,antalgic,0.9613131923590736,6.806831641846261e-07,0.013009274271607455,3.892125108057626e-05,0.025466631912572577,0.00017129952250136222
2,human2_antalgic20/human2_antalgic20_SkeletonData2.csv,antalgic,stiff_legged,0.17011645232646325,7.362628034289834e-06,9.869173626691009e-05,8.06162071254264e-08,0.8297329851549767,4.4427538051606273e-05
2,human2_antalgic20/human2_antalgic20_SkeletonData3.csv,antalgic,antalgic,0.7584959009927461,2.3563333428898316e-06,0.0060738582941674045,7.182524392227773e-06,0.23515934729862717,0.0002613545567241143
2,human2_antalgic20/human2_antalgic20_SkeletonData4.csv,antalgic,stiff_legged,0.29278717815974614,2.920103426590876e-06,5.843620375838141e-05,8.470279089028498e-08,0.7071380035250956,1.3377305182292736e-05
2,human2_antalgic20/human2_antalgic20_SkeletonData5.csv,antalgic,antalgic,0.7738022338851043,5.406032553254999e-06,0.00112138097889741,1.3081500782736613e-05,0.2244396684121909,0.0006182291904714152
2,human2_antalgic20/human2_antalgic20_SkeletonData6.csv,antalgic,stiff_legged,0.07177836654090647,1.3512820902710186e-07,9.37665930502939e-10,2.731433461112396e-14,0.9282213974858344,9.990735679432425e-08
2,human2_antalgic4/human2_antalgic4_SkeletonData1.csv,antalgic,antalgic,0.8793914784515764,5.485930258423617e-06,0.02955002925337192,4.904579490528135e-05,0.09074694875674401,0.00025701181314398804
2,human2_antalgic4/human2_antalgic4_SkeletonData2.csv,antalgic,stiff_legged,0.4170278667840578,3.002547181533747e-05,1.9838316209478085e-05,6.836103524304656e-08,0.5823488966323511,0.0005733044345310058
2,human2_antalgic4/human2_antalgic4_SkeletonData3.csv,antalgic,antalgic,0.9398434543114146,4.827799750850982e-05,0.020661009177906395,0.0005868829795817899,0.02733318774781402,0.011527187785774686
2,human2_antalgic4/human2_antalgic4_SkeletonData4.csv,antalgic,stiff_legged,0.4871893934530261,4.340992722297881e-05,7.483067122005607e-05,6.163730594232988e-08,0.512613723851888,7.858045933692456e-05
2,human2_antalgic4/human2_antalgic4_SkeletonData5.csv,antalgic,antalgic,0.9277001862209624,2.206927885187765e-06,0.004174710784547247,3.354482165211876e-05,0.06751971436140974,0.0005696368835432655
2,human2_antalgic4/human2_antalgic4_SkeletonData6.csv,antalgic,stiff_legged,0.05437185538764364,6.489059393967533e-06,6.093754427559666e-09,1.276357597336455e-11,0.9456207468871645,9.025592797210799e-07
2,human2_antalgic5/human2_antalgic5_SkeletonData1.csv,antalgic,antalgic,0.8380498565533216,0.0001933193874644829,0.07947983243042811,0.0005520518838347488,0.06399781851835999,0.017727121226590887
2,human2_antalgic5/human2_antalgic5_SkeletonData2.csv,antalgic,antalgic,0.6967567383888452,6.0698883477859074e-05,0.00339802531332369,1.17016634742799e-05,0.29904275437173156,0.0007300813791475891
2,human2_antalgic5/human2_antalgic5_SkeletonData3.csv,antalgic,antalgic,0.7137876596770641,0.0006144801146099101,0.12780085808246208,0.011510718225683048,0.0612269264366876,0.08505935746349332
2,human2_antalgic5/human2_antalgic5_SkeletonData4.csv,antalgic,stiff_legged,0.2654264095159514,0.001070864105035976,0.0009110439016595499,1.0464092106341246e-05,0.7280488595181771,0.004532358867069638
2,human2_antalgic5/human2_antalgic5_SkeletonData5.csv,antalgic,antalgic,0.7551867655840907,4.367486154053751e-05,1.0022676035145883e-07,4.412718278432082e-09,0.13258150988687922,0.11218794502801091
2,human2_antalgic5/human2_antalgic5_SkeletonData6.csv,antalgic,antalgic,0.5133422776334923,1.0182897316491008e-05,0.004564783252645128,7.456201352231485e-07,0.48201895243337534,6.305816303551851e-05
2,human2_antalgic7/human2_antalgic7_SkeletonData2.csv,antalgic,antalgic,0.7877942195784398,0.00027390909799486615,0.000263293396484871,4.5649371715200956e-06,0.19388982219505743,0.017774190794851614
2,human2_antalgic7/human2_antalgic7_SkeletonData3.csv,antalgic,antalgic,0.8578984111941744,0.0008106837764980974,0.015406770139881463,4.3467295862312754e-05,0.09936856291249224,0.026472104681091194
2,human2_antalgic7/human2_antalgic7_SkeletonData4.csv,antalgic,stiff_legged,0.3494831243865725,0.00016427488711197308,0.0006657926651448574,2.7518082222296567e-07,0.6494597433046156,0.00022678957573286118
2,human2_antalgic7/human2_antalgic7_SkeletonData5.csv,antalgic,antalgic,0.8684338499640087,9.384101059175096e-05,0.009105344441181355,9.263827433306381e-05,0.08087585490255109,0.04139847140733388
2,human2_antalgic7/human2_antalgic7_SkeletonData6.csv,antalgic,antalgic,0.638676800202427,6.728451501280902e-07,9.72505708545298e-07,1.3464684386070493e-12,0.36131800554680804,3.5488985598622863e-06
2,human2_lurch15/human2_lurch15_SkeletonData1.csv,lurch,lurch,4.158307284144874e-06,0.9817483093530919,1.2777915544446596e-07,8.861554809406382e-08,1.0008316447491559e-05,0.01823730762847276
2,human2_lurch15/human2_lurch15_SkeletonData2.csv,lurch,lurch,6.443229278142342e-08,0.9992015298758586,2.5841143543136144e-09,2.259605826464476e-08,1.244922887764801e-07,0.0007982560193872328
2,human2_lurch15/human2_lurch15_SkeletonData3.csv,lurch,lurch,1.9210865098847468e-07,0.9948875228857491,1.0298476203797833e-08,1.089024515583056e-07,3.919601280620239e-07,0.005111773844544005
2,human2_lurch15/human2_lurch15_SkeletonData4.csv,lurch,lurch,2.1369810320491253e-09,0.9995869331824221,1.1486336480967974e-10,2.775794048184194e-09,8.803927170309143e-09,0.0004130529860122813
2,human2_lurch15/human2_lurch15_SkeletonData5.csv,lurch,lurch,1.985447070237765e-06,0.9881576470235326,7.618459888405846e-09,3.318245898065017e-08,6.116030845362037e-06,0.011834210697632977
2,human2_lurch15/human2_lurch15_SkeletonData6.csv,lurch,lurch,3.1336390321891464e-06,0.99799872156348,4.797665918661352e-08,1.7344348651812216e-07,2.3534534544069205e-07,0.001997688031996718
2,human2_lurch16/human2_lurch16_SkeletonData1.csv,lurch,lurch,1.7323411644538787e-07,0.9961353783494459,1.938337358962396e-08,4.58097609147946e-08,1.3224634349298744e-06,0.0038630607598681443
2,human2_lurch16/human2_lurch16_SkeletonData2.csv,lurch,lurch,1.3635098763097277e-07,0.9984300899807487,1.2022769662703206e-08,1.4872292146865299e-07,6.144128223954714e-08,0.0015695514812901162
2,human2_lurch16/human2_lurch16_SkeletonData3.csv,lurch,lurch,7.817668058276807e-06,0.9802554569628575,5.964112853736423e-08,9.99996718275378e-08,1.9676416219138063e-05,0.019716889312064518
2,human2_lurch16/human2_lurch16_SkeletonData4.csv,lurch,lurch,6.461511526310782e-08,0.9995178089721455,2.689629148762407e-10,4.241650165438143e-09,1.5675262658141777e-06,0.0004805543758598967
2,human2_lurch16/human2_lurch16_SkeletonData5.csv,lurch,lurch,2.5936150986883396e-06,0.995247684074059,1.1081836742137085e-08,8.512942552185536e-08,9.566054447604661e-06,0.004740060045132543
2,human2_lurch16/human2_lurch16_SkeletonData6.csv,lurch,lurch,2.8702844303384387e-06,0.9879637302801552,1.2055089637639209e-07,2.5240567579340184e-07,7.0393723184692e-08,0.012032956085119026
2,human2_lurch17/human2_lurch17_SkeletonData1.csv,lurch,lurch,1.2361930791891295e-05,0.9842919406357276,1.3443187600805065e-07,2.7658611507378557e-08,3.563227141545164e-05,0.015659903071577774
2,human2_lurch17/human2_lurch17_SkeletonData2.csv,lurch,lurch,6.385327096946811e-05,0.9570318474983893,3.517345732809038e-07,1.921628615011445e-07,2.3495266854244904e-06,0.042901405806520805
2,human2_lurch17/human2_lurch17_SkeletonData3.csv,lurch,lurch,5.572502627495528e-07,0.9989413366040804,2.5399456832805754e-09,1.542200103278475e-09,6.131233113137861e-06,0.0010519708303980272
2,human2_lurch17/human2_lurch17_SkeletonData4.csv,lurch,lurch,1.2568937704393353e-07,0.9999305327254938,2.796915730800032e-10,1.5681170666112755e-09,1.634559556807282e-07,6.917628136491282e-05
2,human2_lurch17/human2_lurch17_SkeletonData5.csv,lurch,lurch,1.0660244478996302e-05,0.9988884631283255,9.491445409856493e-11,1.901032273368618e-09,5.092928806166039e-05,0.001049945343187473
2,human2_lurch18/human2_lurch18_SkeletonData1.csv,lurch,lurch,3.018344812855167e-06,0.9886153956689505,1.3869327424733185e-08,9.349677212814651e-09,1.2720824909752573e-05,0.011368841942322227
2,human2_lurch18/human2_lurch18_SkeletonData2.csv,lurch,lurch,4.230020322488078e-05,0.9791426823027517,2.809307013804398e-07,9.19303611233823e-07,2.4400898311685394e-06,0.02081137716987959
2,human2_lurch18/human2_lurch18_SkeletonData3.csv,lurch,lurch,6.070180679605085e-06,0.996542821150573,3.153700437681867e-09,1.4973871171414667e-08,5.475270904785392e-05,0.0033963378321277358
2,human2_lurch18/human2_lurch18_SkeletonData4.csv,lurch,lurch,8.135786395730867e-08,0.9991022402355156,2.3719234131827722e-08,7.935703701373615e-08,1.887065952828558e-06,0.0008956882643965256
2,human2_lurch18/human2_lurch18_SkeletonData5.csv,lurch,lurch,1.8448407525614146e-05,0.9708688774623472,6.463129738629398e-09,2.4405180307805957e-08,7.140425532714792e-05,0.02904123900649007
2,human2_lurch18/human2_lurch18_SkeletonData6.csv,lurch,lurch,4.8619447833394686e-05,0.9919768361909973,1.6878915088170027e-06,8.831146619438649e-07,1.0545808867868547e-05,0.007961427546130743
2,human2_lurch3/human2_lurch3_SkeletonData1.csv,lurch,lurch,8.106437913012358e-07,0.9924763077146959,5.779147625836274e-10,1.2469081151328413e-08,2.982620096911724e-07,0.007522570332507153
2,human2_lurch3/human2_lurch3_SkeletonData2.csv,lurch,lurch,1.0930201178817393e-06,0.997902760393921,3.5284625487542587e-08,2.05430957337708e-07,2.406793902448915e-07,0.002095665190988267
2,human2_lurch3/human2_lurch3_SkeletonData3.csv,lurch,lurch,1.2064296529728165e-08,0.9994702213144456,1.6582360231146338e-12,3.0803065757313123e-11,2.6439433195683598e-08,0.0005297401493633684
2,human2_lurch3/human2_lurch3_SkeletonData4.csv,lurch,lurch,1.592666450534582e-09,0.9999685003486806,1.1745498964526646e-11,7.875649247899756e-11,1.7583712246677366e-09,3.1496209779712676e-05
2,human2_lurch3/human2_lurch3_SkeletonData5.csv,lurch,lurch,1.6397871889692967e-05,0.9946636227293126,1.361209012277428e-09,7.959492567955966e-09,1.1537849857493652e-05,0.005308432228238418
2,human2_lurch4/human2_lurch4_SkeletonData1.csv,lurch,lurch,2.9471287782095104e-09,0.9993045977459329,9.081853164000325e-11,4.6409678579839197e-10,3.548173459926115e-08,0.0006953632702882381
2,human2_lurch4/human2_lurch4_SkeletonData2.csv,lurch,lurch,7.060332750836997e-09,0.9997383796450927,2.6746474808674726e-11,7.609054526163219e-10,7.840030016189396e-10,0.00026161172291946016
2,human2_lurch4/human2_lurch4_SkeletonData3.csv,lurch,lurch,2.7583346222711697e-08,0.9962023776568386,2.909543772475795e-10,4.5385650688986505e-09,9.930069081929796e-08,0.0037974906296050315
2,human2_lurch4/human2_lurch4_SkeletonData4.csv,lurch,lurch,2.756263446613085e-09,0.9997503925775242,4.508136921355095e-14,3.0074069665443056e-12,2.7912131775988047e-09,0.00024960187194656997
2,human2_lurch4/human2_lurch4_SkeletonData5.csv,lurch,lurch,1.8639910391303262e-07,0.9956481522176757,4.939871061138931e-10,8.867480699355172e-09,4.3654747737093127e-07,0.0043512154742753805
2,human2_lurch4/human2_lurch4_SkeletonData6.csv,lurch,lurch,5.968836407817947e-09,0.9996448131029723,8.403919478478054e-10,1.5991298156627346e-09,1.272401420560188e-07,0.00035505124852743724
2,human2_lurch7/human2_lurch7_SkeletonData1.csv,lurch,lurch,1.2058705918655467e-10,0.9984798779488635,4.1332318762604265e-11,8.947816759968279e-10,3.3843557727606864e-09,0.0015201176100795243
2,human2_lurch7/human2_lurch7_SkeletonData2.csv,lurch,lurch,1.1012227176828051e-10,0.9998822602817051,4.9436516181897545e-11,7.780922786828716e-09,2.635775440586758e-10,0.00011773151423571701
2,human2_lurch7/human2_lurch7_SkeletonData3.csv,lurch,lurch,1.3346717241046087e-07,0.9900127421715673,3.270098020583831e-09,1.6616232179410528e-08,1.7368871392490824e-07,0.009986930786216005
2,human2_lurch7/human2_lurch7_SkeletonData4.csv,lurch,lurch,3.0042542111742915e-08,0.992232861478254,6.332431124024389e-10,1.5304172857144897e-08,4.718079185446464e-09,0.00776708782370899
2,human2_lurch7/human2_lurch7_SkeletonData5.csv,lurch,lurch,2.6232385464756187e-06,0.985701422840674,5.785884674993047e-08,3.4382443111557764e-07,3.9506956631136025e-06,0.014291601541838743
2,human2_lurch7/human2_lurch7_SkeletonData6.csv,lurch,lurch,1.7504737220131906e-06,0.9924408748054345,2.4397007829192307e-09,1.2910570651171607e-07,1.1155604352314456e-07,0.007557131619392681
2,human2_lurch8/human2_lurch8_SkeletonData1.csv,lurch,lurch,1.1535327504619851e-05,0.986886282532385,4.681722826587871e-07,5.600406173700593e-07,1.1376832865244928e-05,0.01308977709434508
2,human2_lurch8/human2_lurch8_SkeletonData2.csv,lurch,lurch,1.160932596219698e-05,0.9888421191318589,1.0380653931522814e-07,4.433585131817033e-07,6.052254727475161e-06,0.011139672122398936
2,human2_lurch8/human2_lurch8_SkeletonData3.csv,lurch,lurch,1.3519319912807931e-07,0.9970183644771986,4.5374109303430815e-10,1.2995906154504695e-09,4.545612839092675e-07,0.002981044014986834
2,human2_lurch8/human2_lurch8_SkeletonData5.csv,lurch,lurch,7.982131899199973e-06,0.9940142798572241,4.4525510446478985e-09,7.53680457257712e-09,5.893243504256947e-06,0.005971832778016693
2,human2_lurch8/human2_lurch8_SkeletonData6.csv,lurch,lurch,2.101699934529426e-06,0.9986223951679314,4.250131350354765e-10,4.3700159404809855e-09,3.7537806213520973e-07,0.0013751229590428932
2,human2_normal1/human2_normal1_SkeletonData1.csv,normal,normal,0.00363274043801404,0.0014676117425430296,0.8959636769976549,0.001712926109624133,0.03734260162794728,0.0598804430842165
2,human2_normal1/human2_normal1_SkeletonData2.csv,normal,normal,0.0027477212519045435,0.0007099517064706315,0.9233301769243418,0.06411301233669472,0.0005071833778923965,0.008591954402695895
2,human2_normal1/human2_normal1_SkeletonData3.csv,normal,trendelenburg,0.0011547116432021583,0.1280817593430321,0.150044940184123,0.003103002641931159,0.03103020929533693,0.6865853768923746
2,human2_normal1/human2_normal1_SkeletonData4.csv,normal,trendelenburg,0.0015244934827816174,0.28963277178562635,0.09107308891162329,0.017556270274904803,0.02124702142448691,0.578966354120577
2,human2_normal1/human2_normal1_SkeletonData5.csv,normal,trendelenburg,0.0031082979530263886,0.0507918078733466,0.39956661361778795,0.0003330786542183087,0.049016467553659286,0.4971837343479616
2,human2_normal10/human2_normal10_SkeletonData1.csv,normal,normal,0.0011959931544130596,5.2770034000114835e-05,0.9871648328972679,0.0013041816887236015,0.0058473951655800115,0.0044348270600154185
2,human2_normal10/human2_normal10_SkeletonData2.csv,normal,normal,0.005498517254211921,2.6221662812979552e-05,0.9627225464672653,0.02254265502484813,0.0005924684322924403,0.008617591158569242
2,human2_normal10/human2_normal10_SkeletonData3.csv,normal,normal,0.00021455870749383882,4.0097805349181595e-05,0.8710479906913177,0.12073405027695994,0.0001120572431280071,0.007851245275751432
2,human2_normal10/human2_normal10_SkeletonData4.csv,normal,normal,0.0008240252407539412,0.00022774259504725885,0.9821542779374224,0.014169805199013978,0.00032836845769517906,0.002295780570067393
2,human2_normal10/human2_normal10_SkeletonData5.csv,normal,normal,0.0017515109647423467,0.00012325780325594843,0.968497762276077,0.009395574671517212,0.0020656060079440814,0.01816628827646346
2,human2_normal10/human2_normal10_SkeletonData6.csv,normal,normal,0.0011504824758844638,0.000777470412692831,0.9893948413061961,0.00555429181591542,0.0009190302840740885,0.002203883705236883
2,human2_normal13/human2_normal13_SkeletonData1.csv,normal,normal,0.002465517147274066,0.0023593467628260987,0.968875324655562,0.005288097745447655,0.004825037303021164,0.016186676385868994
2,human2_normal13/human2_normal13_SkeletonData2.csv,normal,normal,0.008696159869753639,0.006313416152533577,0.8752571256949694,0.07590785418450231,0.011927019616272188,0.02189842448196905
2,human2_normal13/human2_normal13_SkeletonData3.csv,normal,normal,0.0007165386858915189,0.005915469499148761,0.9489571862325356,0.004817688898201183,0.007283076181626594,0.03231004050259649
2,human2_normal13/human2_normal13_SkeletonData4.csv,normal,normal,0.00028462078639954934,0.004537848950778604,0.934463039363571,0.05702572624462385,0.0008219388062719315,0.0028668258483550636
2,human2_normal13/human2_normal13_SkeletonData5.csv,normal,normal,0.0014037327095297763,5.507851823321239e-05,0.9792748056955876,0.008379455764765514,0.0006564132320725634,0.010230514079811414
2,human2_normal13/human2_normal13_SkeletonData6.csv,normal,normal,0.0010064820829441732,0.0014052936557086113,0.9872019229207574,0.006394590139947776,0.001670885611445415,0.0023208255891965335
2,human2_normal16/human2_normal16_SkeletonData1.csv,normal,normal,0.001464110594260694,3.363668629033537e-05,0.9938621058058433,0.0008131960615800638,0.0016186208015128258,0.0022083300505128006
2,human2_normal16/human2_normal16_SkeletonData2.csv,normal,normal,0.0073731711155139955,0.00023097493000503097,0.8500789107480949,0.0610058276926494,0.0008959100431805764,0.08041520547055604
2,human2_normal16/human2_normal16_SkeletonData3.csv,normal,normal,0.0013779133433705433,0.0008447845622559546,0.8063274705245279,0.023458543350193546,0.0013284409399090733,0.16666284727974312
2,human2_normal16/human2_normal16_SkeletonData5.csv,normal,trendelenburg,0.00031822455300150774,0.000278991066092877,0.048277867512290004,0.02907623088629808,0.00012027938426604215,0.9219284065980515
2,human2_normal16/human2_normal16_SkeletonData6.csv,normal,normal,0.0007463964602578476,0.00032927689725069256,0.9624041214937673,0.034152066485412996,0.00045720367003551947,0.0019109349932753276
2,human2_normal2/human2_normal2_SkeletonData1.csv,normal,normal,0.00662935079013367,0.0006359322077351231,0.9696298492633028,0.004364991351672544,0.011510009319825197,0.007229867067330657
2,human2_normal2/human2_normal2_SkeletonData2.csv,normal,normal,0.006963534450141048,0.0005583196876719242,0.9206941008145254,0.02742003535298868,0.008984235574579854,0.03537977412009306
2,human2_normal2/human2_normal2_SkeletonData3.csv,normal,normal,0.0008556675629860587,0.0005980622257224611,0.9466676397930418,0.032248243314622504,0.00283803832998874,0.016792348773638527
2,human2_normal2/human2_normal2_SkeletonData4.csv,normal,normal,0.0009193907565331993,0.0037298013455966065,0.8715125079777886,0.11043696029587055,0.0022150013198762477,0.011186338304334804
2,human2_normal2/human2_normal2_SkeletonData5.csv,normal,trendelenburg,0.00020495779775331485,0.015534353602370252,0.07684664878278984,0.0021978537181119194,0.001858396469832853,0.9033577896291418
2,human2_normal2/human2_normal2_SkeletonData6.csv,normal,normal,0.0016151215328379586,0.023994380044270743,0.9337642094098905,0.007146607443507555,0.003031745637377683,0.030447935932115516
2,human2_normal20/human2_normal20_SkeletonData1.csv,normal,normal,0.002021009510503217,0.0001480436790779976,0.978253231015863,0.002231764928544278,0.0021582918078978056,0.01518765905811365
2,human2_normal20/human2_normal20_SkeletonData2.csv,normal,normal,0.002026531326279791,4.6612824544694865e-05,0.9838973811122812,0.011800236708119194,0.0008553070823751753,0.0013739309463997556
2,human2_normal20/human2_normal20_SkeletonData3.csv,normal,normal,0.0010197019496506763,0.0008973974275367586,0.8839557834800804,0.013492591681183008,0.0013900083847210318,0.09924451707682819
2,human2_normal20/human2_normal20_SkeletonData4.csv,normal,normal,0.0012654506174428729,0.0013553170186454975,0.9822117062786881,0.010268809598941117,0.0005544847236532858,0.004344231762629223
2,human2_normal20/human2_normal20_SkeletonData5.csv,normal,normal,0.0018211859543551395,0.00020437154714341257,0.6695864114821486,0.036902002580524756,0.0009564780621769022,0.2905295503736512
2,human2_normal20/human2_normal20_SkeletonData6.csv,normal,normal,0.00023550195216437569,0.00020105984801048593,0.9951084735469748,0.0034283217295471035,0.00040756161432903,0.0006190813089738439
2,human2_normal5/human2_normal5_SkeletonData1.csv,normal,normal,0.006136280620971001,4.464617804311964e-07,0.9496035552468927,0.040812073773814544,0.00033424928289034906,0.0031133946136509966
2,human2_normal5/human2_normal5_SkeletonData2.csv,normal,normal,0.020615237705344316,9.691936964514694e-06,0.8924139510634441,0.07939998634032291,0.00035636372516832264,0.007204769228755696
2,human2_normal5/human2_normal5_SkeletonData3.csv,normal,normal,0.004641458577258739,0.0010241699064779887,0.8516569241648945,0.008962362734296285,0.004783721965193157,0.1289313626518793
2,human2_normal5/human2_normal5_SkeletonData4.csv,normal,normal,0.002883546974107233,0.001944394617323548,0.911387275197445,0.01762212557648419,0.0009832424697152407,0.06517941516492459
2,human2_normal5/human2_normal5_SkeletonData5.csv,normal,trendelenburg,0.002127537430006469,0.0007408143911722615,0.16950154069218884,0.014138578050764692,0.0005885698348726114,0.8129029596009951
2,human2_normal5/human2_normal5_SkeletonData6.csv,normal,normal,0.006635632672698072,0.0003917172170257642,0.9632110167421734,0.02287059059204822,0.002395837182021268,0.004495205594033263
2,human2_normal6/human2_normal6_SkeletonData1.csv,normal,normal,0.003080478640740456,0.0001681209852128744,0.9554419321012801,0.0010150461484844874,0.027170733244880806,0.01312368887940116
2,human2_normal6/human2_normal6_SkeletonData2.csv,normal,normal,0.010563608352229699,6.0308801325615e-05,0.905466229296672,0.07430292741915015,0.0013173446595120344,0.00828958147111037
2,human2_normal6/human2_normal6_SkeletonData3.csv,normal,normal,0.0008705085421973268,0.0005561184348121356,0.8262855418262148,0.05180994984112823,0.0004441566769215716,0.12003372467872588
2,human2_normal6/human2_normal6_SkeletonData5.csv,normal,normal,0.0018603285362315369,0.0003647449798654547,0.7636847188773968,0.06410995059793959,0.0008636313831345293,0.16911662562543223
2,human2_normal6/human2_normal6_SkeletonData6.csv,normal,normal,3.4265462261585535e-06,6.6852124361942e-07,0.9998983046228718,8.148958673394155e-05,4.516689325590809e-06,1.1594033599025771e-05
2,human2_steppage11/human2_steppage11_SkeletonData1.csv,steppage,steppage,0.01586986695227842,0.0008953450980021652,0.16297922910590532,0.805408437258927,0.007291749088744742,0.0075553724961423385
2,human2_steppage11/human2_steppage11_SkeletonData2.csv,steppage,steppage,0.00391954154216265,2.5484975340110567e-06,0.016469540476920803,0.9779614511592982,9.09374352504958e-06,0.0016378245805593137
2,human2_steppage11/human2_steppage11_SkeletonData3.csv,steppage,steppage,0.012866416681802021,2.8316064230799856e-05,0.3323454625925676,0.6486185363403142,0.0033979956260992697,0.0027432726949860823
2,human2_steppage11/human2_steppage11_SkeletonData4.csv,steppage,steppage,0.020132586055796643,5.2723683143104886e-05,0.03353761891993231,0.9370003672015782,0.00031917415167267044,0.008957529987876979
2,human2_steppage11/human2_steppage11_SkeletonData5.csv,steppage,steppage,0.059724277464113615,2.7281743274996508e-05,0.15112223639062367,0.7638576758045982,0.013222055514009496,0.012046473083380091
2,human2_steppage11/human2_steppage11_SkeletonData6.csv,steppage,steppage,0.08385185338932259,5.3618257788933286e-06,0.09849002328697329,0.8148868317486184,0.002150297961508619,0.0006156317877981417
2,human2_steppage12/human2_steppage12_SkeletonData1.csv,steppage,steppage,0.0010253343796878527,6.911884044421669e-05,0.051867786762137415,0.9400000116963569,0.0008294966941628618,0.00620825162721073
2,human2_steppage12/human2_steppage12_SkeletonData2.csv,steppage,steppage,0.0043593792096650145,9.439539012191733e-06,0.032779223098482434,0.9623165496882838,0.00017172604198782254,0.00036368242256863757
2,human2_steppage12/human2_steppage12_SkeletonData3.csv,steppage,steppage,0.00012574535892846054,8.07709568174147e-05,0.008038291685403128,0.9901671318599763,3.419235686673606e-05,0.0015538677820079946
2,human2_steppage12/human2_steppage12_SkeletonData4.csv,steppage,steppage,6.436168971303551e-05,1.7192471483538556e-05,0.0020404671108087214,0.9976531422464319,6.725730862353218e-07,0.00022416390847659285
2,human2_steppage12/human2_steppage12_SkeletonData5.csv,steppage,steppage,0.0006351453494387539,6.364035922706118e-05,0.0372893728994486,0.9539638028176127,0.0004285473491062823,0.00761949122516649
2,human2_steppage12/human2_steppage12_SkeletonData6.csv,steppage,steppage,0.055568705208622025,6.0922588327436685e-05,0.12575253683862256,0.8096591509131047,0.007548002063187716,0.001410682388135552
2,human2_steppage13/human2_steppage13_SkeletonData1.csv,steppage,steppage,5.040505017728159e-05,1.0927172467170648e-07,0.007631066434875526,0.9923011736171468,1.7055287261413082e-06,1.5540097349535243e-05
2,human2_steppage13/human2_steppage13_SkeletonData2.csv,steppage,steppage,0.0012735441861228302,3.977006677824626e-07,0.006530799002760161,0.9916965357855502,4.100350174116394e-06,0.0004946229747249188
2,human2_steppage13/human2_steppage13_SkeletonData3.csv,steppage,steppage,0.0005908873652913417,0.00022000439324505063,0.027331478796608417,0.9694865388360773,0.0007907853806716234,0.001580305228106212
2,human2_steppage13/human2_steppage13_SkeletonData4.csv,steppage,steppage,0.0001934032135066187,1.8801496273296023e-05,0.003797737910399136,0.9956793604267944,2.090194810478914e-06,0.00030860675821605527
2,human2_steppage13/human2_steppage13_SkeletonData5.csv,steppage,steppage,0.0010331038507303178,1.1351839498682855e-06,0.004790872426095891,0.9935506571367766,5.676365101010557e-05,0.0005674677514372185
2,human2_steppage13/human2_steppage13_SkeletonData6.csv,steppage,steppage,0.009379516146937902,1.644559528108351e-05,0.01558658859878956,0.974191181013591,0.00014759052621020314,0.0006786781191902504
2,human2_steppage14/human2_steppage14_SkeletonData1.csv,steppage,steppage,0.01601622554560278,0.001092849897082611,0.23239714417625817,0.7277052390077196,0.008297219820432217,0.014491321552904788
2,human2_steppage14/human2_steppage14_SkeletonData2.csv,steppage,steppage,0.0007948630172041468,2.964404863770616e-06,0.018568086645189462,0.9802815809358024,4.161094051676905e-06,0.0003483439028887408
2,human2_steppage14/human2_steppage14_SkeletonData3.csv,steppage,steppage,0.06937182670019676,0.0009095301633077315,0.19346776355543346,0.7109153060812464,0.010658630900049426,0.01467694259976615
2,human2_steppage14/human2_steppage14_SkeletonData4.csv,steppage,steppage,0.01568408549306239,0.0006024984316787578,0.07672249874641311,0.90036443936868,0.0020297267571452206,0.004596751203020593
2,human2_steppage14/human2_steppage14_SkeletonData5.csv,steppage,trendelenburg,0.006923156743163792,0.009612707216263935,0.004690892798330175,0.10374679542298476,0.009942500063790653,0.8650839477554666
2,human2_steppage14/human2_steppage14_SkeletonData6.csv,steppage,steppage,0.09431557200277697,0.0017873278126659211,0.2200580670895993,0.6601424147591719,0.018499598961264817,0.005197019374521113
2,human2_steppage15/human2_steppage15_SkeletonData1.csv,steppage,steppage,0.008299294587705069,0.000235831153807265,0.12635436351151458,0.8630998398057561,0.0009214576490134822,0.0010892132922033296
2,human2_steppage15/human2_steppage15_SkeletonData2.csv,steppage,steppage,0.002160636974490618,1.0520013883117006e-05,0.024518920505119206,0.9727650461711213,3.4317394374077384e-05,0.0005105589410117224
2,human2_steppage15/human2_steppage15_SkeletonData3.csv,steppage,steppage,0.0013119441790147505,0.00045508418549101206,0.2127073103797627,0.7678727959592943,0.0012707129547788853,0.016382152341658445
2,human2_steppage15/human2_steppage15_SkeletonData4.csv,steppage,steppage,0.0018521197803288648,8.627149142215144e-05,0.036300396266486006,0.9603208426689794,0.0001156274158603988,0.0013247423769230725
2,human2_steppage15/human2_steppage15_SkeletonData5.csv,steppage,steppage,0.0005797696033168566,4.648421592853703e-06,0.007896442915692813,0.9880905780310585,6.124791425520154e-05,0.0033673131140837666
2,human2_steppage15/human2_steppage15_SkeletonData6.csv,steppage,steppage,6.517653281763001e-06,3.056519036562431e-07,0.010142472074213165,0.98981351304907,4.5871887785868417e-07,3.67328526533448e-05
2,human2_steppage18/human2_steppage18_SkeletonData1.csv,steppage,normal,0.03223501255305997,0.0006324900434887584,0.46501707777169565,0.4526808366882555,0.013714812977873747,0.03571976996562625
2,human2_steppage18/human2_steppage18_SkeletonData2.csv,steppage,steppage,0.03107040161800439,1.82244368527005e-05,0.17921141357567458,0.7871948078547124,0.000556493217397289,0.0019486592973587823
2,human2_steppage18/human2_steppage18_SkeletonData3.csv,steppage,steppage,0.010100150953120602,0.00020756793468095514,0.16636399195838822,0.8104637784462575,0.0012385351199315107,0.011625975587621334
2,human2_steppage18/human2_steppage18_SkeletonData4.csv,steppage,steppage,0.026461922594871734,6.582762496186385e-05,0.012977684745759818,0.9583996268671082,0.0003565083995655158,0.0017384297677329945
2,human2_steppage18/human2_steppage18_SkeletonData5.csv,steppage,steppage,0.0051438916050872965,0.0017581480808462194,0.01205042093425898,0.6068797717312466,0.0028691112096394435,0.37129865643892146
2,human2_steppage18/human2_steppage18_SkeletonData6.csv,steppage,steppage,0.0612806633717836,3.694429306892165e-05,0.013508886378072429,0.9228262671480432,0.0013797743735224524,0.0009674644355095079
2,human2_steppage3/human2_steppage3_SkeletonData1.csv,steppage,steppage,0.0010321904291431695,2.961897997833097e-06,0.04758870295090501,0.9510255178161692,9.288059080311572e-05,0.00025774631498171676
2,human2_steppage3/human2_steppage3_SkeletonData2.csv,steppage,steppage,0.0014344984545365343,9.372818064464829e-06,0.0058147869036206945,0.9916081896218433,3.30097205242928e-05,0.0011001424814107562
2,human2_steppage3/human2_steppage3_SkeletonData3.csv,steppage,steppage,0.00042562637553906536,1.845781241767399e-05,0.042090078479595144,0.9570265888542193,9.308748459214079e-05,0.0003461609936365941
2,human2_steppage3/human2_steppage3_SkeletonData4.csv,steppage,steppage,0.000188353057498709,7.053883031703633e-05,0.015296285603773347,0.9838521279065022,1.3040754595822304e-05,0.0005796538473127458
2,human2_steppage3/human2_steppage3_SkeletonData5.csv,steppage,steppage,0.0008574904045872488,3.004133212917304e-05,0.02734784432762916,0.968490087938864,0.000393323493364734,0.0028812125034257917
2,human2_steppage3/human2_steppage3_SkeletonData6.csv,steppage,steppage,0.0006564696972375068,3.891111496607047e-06,0.15958850549413375,0.8396429280748062,2.520240724482167e-05,8.300321508095918e-05
2,human2_steppage4/human2_steppage4_SkeletonData1.csv,steppage,normal,0.01598240029607721,1.7001850283954674e-05,0.5890535042921983,0.39165092728863343,0.0016619701056625046,0.0016341961671446175
2,human2_steppage4/human2_steppage4_SkeletonData2.csv,steppage,steppage,9.005830905950067e-05,8.059405218774389e-08,0.0008401327701358743,0.9989793820975492,4.071703999919422e-07,8.993905880304165e-05
2,human2_steppage4/human2_steppage4_SkeletonData3.csv,steppage,steppage,2.4597748974951207e-05,1.4361643104605564e-06,0.028810572521788046,0.9707639123825681,3.709016183529089e-06,0.00039577216617491017
2,human2_steppage4/human2_steppage4_SkeletonData4.csv,steppage,steppage,0.00014942941913791114,3.027216641608274e-06,0.021803911718026713,0.977964285716435,5.520484152236373e-06,7.382544560665663e-05
2,human2_steppage4/human2_steppage4_SkeletonData5.csv,steppage,steppage,0.0007314648890069434,6.078428879502171e-06,0.014909947572506367,0.9681659004229922,0.0001394919475272855,0.016047116739087614
2,human2_steppage4/human2_steppage4_SkeletonData6.csv,steppage,steppage,0.0039732601401920664,1.3980417935321138e-06,0.15991988077333782,0.835815237222765,0.00019826973900553797,9.195408290613502e-05
2,human2_stiff_legged1/human2_stiff_legged1_SkeletonData1.csv,stiff_legged,stiff_legged,0.14167254775187454,0.014091503180853135,0.0032525651447417626,1.0080004430139233e-06,0.8205539142743254,0.02042846164776209
2,human2_stiff_legged1/human2_stiff_legged1_SkeletonData2.csv,stiff_legged,stiff_legged,0.056642601514827626,0.003892095311933917,8.236978455206925e-05,7.931148574425558e-08,0.9367778088443959,0.002605045232804809
2,human2_stiff_legged1/human2_stiff_legged1_SkeletonData3.csv,stiff_legged,stiff_legged,0.025467066081165148,0.1468543699149489,0.0025855559042507878,9.955983325383748e-05,0.7087090076058463,0.11628444066053499
2,human2_stiff_legged1/human2_stiff_legged1_SkeletonData4.csv,stiff_legged,stiff_legged,0.025138211464926986,0.009697277176097158,1.2748209788228961e-05,1.938567578975808e-08,0.9646887355773893,0.00046300818612252115
2,human2_stiff_legged1/human2_stiff_legged1_SkeletonData5.csv,stiff_legged,stiff_legged,0.17893640996939741,0.0057385698512274035,0.005796292588641787,0.00013586849638001872,0.7813947210867687,0.02799813800758478
2,human2_stiff_legged1/human2_stiff_legged1_SkeletonData6.csv,stiff_legged,stiff_legged,0.11640012014835478,0.0007270296959149282,7.004276929989118e-05,8.352963239796452e-08,0.8823965086016438,0.0004062152551542461
2,human2_stiff_legged12/human2_stiff_legged12_SkeletonData1.csv,stiff_legged,antalgic,0.39561561799761996,0.043944019394662366,0.009002257595452654,0.0001460639876270219,0.38663491772053127,0.16465712330410684
2,human2_stiff_legged12/human2_stiff_legged12_SkeletonData2.csv,stiff_legged,antalgic,0.6660809355354049,0.005367144291249173,9.248266414349264e-05,1.3082942863412408e-06,0.31941273748999854,0.009045391724917534
2,human2_stiff_legged12/human2_stiff_legged12_SkeletonData3.csv,stiff_legged,stiff_legged,0.10193824050175915,0.06279891420681562,0.0032837583086928273,2.9170366707070166e-05,0.5339890460532954,0.2979608705627299
2,human2_stiff_legged12/human2_stiff_legged12_SkeletonData4.csv,stiff_legged,stiff_legged,0.15115702554849741,0.011162410305578326,2.867657362065878e-05,7.906241206055351e-08,0.8364302437523303,0.0012215647575612935
2,human2_stiff_legged12/human2_stiff_legged12_SkeletonData5.csv,stiff_legged,trendelenburg,0.16209372819518494,0.014068105151445888,0.001513112470836572,0.00011713387630577789,0.34569048258662693,0.4765174377195998
2,human2_stiff_legged12/human2_stiff_legged12_SkeletonData6.csv,stiff_legged,stiff_legged,0.0918904377013504,0.001694889910213984,1.567778072124997e-05,2.4661819700276066e-08,0.9061478639603197,0.0002511059855750766
2,human2_stiff_legged17/human2_stiff_legged17_SkeletonData1.csv,stiff_legged,stiff_legged,0.39564885275109424,0.0020752972284490885,0.005437231927635156,8.16978212171852e-05,0.5766697677760273,0.020087152495577028
2,human2_stiff_legged17/human2_stiff_legged17_SkeletonData2.csv,stiff_legged,antalgic,0.6784337410980069,0.00014647636951547268,2.738825798293131e-05,2.0361588397594696e-07,0.3207153887828263,0.0006768018757844352
2,human2_stiff_legged17/human2_stiff_legged17_SkeletonData3.csv,stiff_legged,stiff_legged,0.1593776936473819,0.004395204493404091,0.001154841866417087,8.300449731450324e-06,0.8008669701342127,0.034196989408852775
2,human2_stiff_legged17/human2_stiff_legged17_SkeletonData4.csv,stiff_legged,stiff_legged,0.08186022708722178,0.0015310775507559051,1.7232432539699862e-05,3.426467739122438e-08,0.9164314322533411,0.0001599964114641882
2,human2_stiff_legged17/human2_stiff_legged17_SkeletonData5.csv,stiff_legged,stiff_legged,0.22956572164085828,0.006156585217802425,0.00030843796011926605,5.585498486331607e-06,0.6999205620338219,0.06404310764891172
2,human2_stiff_legged17/human2_stiff_legged17_SkeletonData6.csv,stiff_legged,stiff_legged,0.14328262139223133,0.0008413307285947358,6.965600541253566e-06,1.5294003289291377e-08,0.8556406044818816,0.00022846250274772227
2,human2_stiff_legged19/human2_stiff_legged19_SkeletonData1.csv,stiff_legged,stiff_legged,0.42098906080437426,0.0012222955109391564,0.007148715247194998,0.00011585220933351183,0.567448307109594,0.003075769118564068
2,human2_stiff_legged19/human2_stiff_legged19_SkeletonData2.csv,stiff_legged,stiff_legged,0.28022314442881663,0.00013841199121691442,2.2839177771565507e-05,7.522030585593835e-08,0.7193820833570385,0.00023344582485046624
2,human2_stiff_legged19/human2_stiff_legged19_SkeletonData3.csv,stiff_legged,stiff_legged,0.38315850340725793,0.002645427546287926,0.012990989416943243,0.0007704583720885215,0.5874206363850049,0.01301398487241743
2,human2_stiff_legged19/human2_stiff_legged19_SkeletonData5.csv,stiff_legged,antalgic,0.5115342066275221,0.005316076784590379,0.00012942980399957278,1.9505304360370574e-06,0.4071625362376243,0.07585580001582765
2,human2_stiff_legged19/human2_stiff_legged19_SkeletonData6.csv,stiff_legged,stiff_legged,0.1485094258204341,0.0042718319021557505,3.199695949776785e-05,7.109738189495373e-08,0.8466028490950568,0.0005838251254738382
2,human2_stiff_legged20/human2_stiff_legged20_SkeletonData1.csv,stiff_legged,stiff_legged,0.1089753478671558,0.007864393620601581,0.02268181117683988,9.33140195775475e-05,0.8491082277723339,0.01127690554349139
2,human2_stiff_legged20/human2_stiff_legged20_SkeletonData2.csv,stiff_legged,stiff_legged,0.21550955168211866,0.0035567175906781458,0.00012880098128254569,7.556789348116165e-07,0.7582045650685678,0.022599608998418078
2,human2_stiff_legged20/human2_stiff_legged20_SkeletonData3.csv,stiff_legged,lurch,0.03716177439894011,0.39982464124333955,0.004264566806807261,0.00011284829225708713,0.22969820370375213,0.328937965554904
2,human2_stiff_legged20/human2_stiff_legged20_SkeletonData4.csv,stiff_legged,stiff_legged,0.015871780968813174,0.13028504290747345,1.785504782685686e-05,6.675225361522204e-08,0.8524368663294327,0.0013883879942002586
2,human2_stiff_legged20/human2_stiff_legged20_SkeletonData5.csv,stiff_legged,stiff_legged,0.06874014401261101,0.06443862146375809,0.002168478052830124,0.0003503667694986296,0.7383253744429871,0.12597701525831514
2,human2_stiff_legged20/human2_stiff_legged20_SkeletonData6.csv,stiff_legged,stiff_legged,0.13457270543391456,0.019001929828453,4.365864752732662e-06,1.1955284121801888e-08,0.8431214865445229,0.003299500373072617
2,human2_stiff_legged4/human2_stiff_legged4_SkeletonData1.csv,stiff_legged,stiff_legged,0.06375022890841206,0.06857461342852428,0.005788239193053971,4.493240884309109e-05,0.6276971955840974,0.23414479047706915
2,human2_stiff_legged4/human2_stiff_legged4_SkeletonData2.csv,stiff_legged,antalgic,0.617745049770967,0.0008463016063863546,0.0007791817940138049,3.1658596392830715e-06,0.3779742573342116,0.0026520436347818345
2,human2_stiff_legged4/human2_stiff_legged4_SkeletonData3.csv,stiff_legged,stiff_legged,0.06145865420722221,0.2923679690827159,0.004301959372317719,0.000510720580579266,0.37475109902696907,0.2666095977301958
2,human2_stiff_legged4/human2_stiff_legged4_SkeletonData4.csv,stiff_legged,stiff_legged,0.0387877805559907,0.14871898005713802,5.712184048129204e-05,1.4384214470786286e-07,0.8086718330971431,0.0037641406071021425
2,human2_stiff_legged4/human2_stiff_legged4_SkeletonData5.csv,stiff_legged,stiff_legged,0.1686786669054632,0.0221809754974729,4.762940931345531e-05,4.714103949101891e-07,0.7655510572200376,0.04354119955731783
2,human2_stiff_legged4/human2_stiff_legged4_SkeletonData6.csv,stiff_legged,stiff_legged,1.8859671173994224e-05,0.000493918683241462,2.7076589138705086e-08,8.411078540338088e-11,0.9994861939370602,1.0005478243620243e-06
2,human2_stiff_legged6/human2_stiff_legged6_SkeletonData1.csv,stiff_legged,trendelenburg,0.2608138280295168,0.0879204132911757,0.04247222468827677,0.0005789099929986837,0.2858712127410161,0.32234341125701593
2,human2_stiff_legged6/human2_stiff_legged6_SkeletonData2.csv,stiff_legged,antalgic,0.5258058352222889,0.0006602418212391865,0.00012764746343704077,4.2839256022363645e-07,0.47285299305777173,0.0005528540427030403
2,human2_stiff_legged6/human2_stiff_legged6_SkeletonData3.csv,stiff_legged,trendelenburg,0.12890587810671583,0.16100078366633006,0.0326751598882099,0.0005854235363081836,0.2670557987459729,0.40977695605646314
2,human2_stiff_legged6/human2_stiff_legged6_SkeletonData4.csv,stiff_legged,stiff_legged,0.11916407958507398,0.034232887890786066,0.00011969319464654062,2.5450860332277173e-07,0.8416844574812397,0.004798627339650353
2,human2_stiff_legged6/human2_stiff_legged6_SkeletonData5.csv,stiff_legged,stiff_legged,0.34626549048464006,0.005865714653284599,0.00020171007599683664,1.496741885153003e-06,0.4638561004056896,0.18380948763850377
2,human2_stiff_legged6/human2_stiff_legged6_SkeletonData6.csv,stiff_legged,stiff_legged,0.08716189143404944,0.005607883721055429,3.0416676979244708e-05,8.916422337608704e-08,0.9052532123011688,0.001946506702523705
2,human2_stiff_legged7/human2_stiff_legged7_SkeletonData1.csv,stiff_legged,antalgic,0.4617681913211996,0.04735783456588862,0.014480493989368825,0.0002677017654681477,0.2823067842619997,0.19381899409607498
2,human2_stiff_legged7/human2_stiff_legged7_SkeletonData2.csv,stiff_legged,antalgic,0.6687674250722978,0.0005488419419164691,0.0003141756558190489,1.1002589158507686e-06,0.3286339353298728,0.00173452174117803
2,human2_stiff_legged7/human2_stiff_legged7_SkeletonData3.csv,stiff_legged,trendelenburg,0.09152964554126553,0.12992278502678695,0.0010658572069046708,5.4945463862437634e-05,0.1702916128797095,0.607135153881471
2,human2_stiff_legged7/human2_stiff_legged7_SkeletonData4.csv,stiff_legged,stiff_legged,0.21481253142491033,0.011309753914942992,3.908723687307509e-05,1.632199269291571e-07,0.7724908993097225,0.0013475648936241184
2,human2_stiff_legged7/human2_stiff_legged7_SkeletonData5.csv,stiff_legged,stiff_legged,0.3445098940665344,0.0064096367404446455,9.117771137039993e-06,4.932475247717291e-08,0.6023823587217096,0.04668894337542186
2,human2_stiff_legged7/human2_stiff_legged7_SkeletonData6.csv,stiff_legged,stiff_legged,0.05750980987214023,0.11622245881948028,5.29054347991398e-07,4.578156122667539e-09,0.8101475276788651,0.016119669997010224
2,human2_trendelenburg1/human2_trendelenburg1_SkeletonData1.csv,trendelenburg,trendelenburg,0.00153051727568733,0.022776631635402143,0.11534840023976435,0.00025820418325963994,0.0032293351970361754,0.8568569114688503
2,human2_trendelenburg1/human2_trendelenburg1_SkeletonData2.csv,trendelenburg,trendelenburg,0.03398039960400799,0.017434444471436637,0.09740517954828254,0.00519970062135342,0.0032928463368488707,0.8426874294180706
2,human2_trendelenburg1/human2_trendelenburg1_SkeletonData3.csv,trendelenburg,trendelenburg,0.00022387233917484927,0.1417711908229874,0.00728422639925579,1.9495756864405448e-05,0.003473150245241352,0.8472280644364762
2,human2_trendelenburg1/human2_trendelenburg1_SkeletonData4.csv,trendelenburg,trendelenburg,0.0007330243449355326,0.167644114677646,0.0008568442073617864,0.0005692169126141852,0.0005463808971536943,0.8296504189602888
2,human2_trendelenburg1/human2_trendelenburg1_SkeletonData5.csv,trendelenburg,trendelenburg,3.910243881255509e-05,0.030471633217625943,0.0005336669454492184,1.3621712188359295e-05,0.00019945101524559633,0.9687425246706782
2,human2_trendelenburg1/human2_trendelenburg1_SkeletonData6.csv,trendelenburg,lurch,0.0300624820687368,0.7679541362899185,0.00032034298458713615,0.0017336649481021838,0.011837631948912582,0.1880917417597428
2,human2_trendelenburg11/human2_trendelenburg11_SkeletonData1.csv,trendelenburg,trendelenburg,0.0009579143138587572,0.10993561269217543,0.038822495944433905,2.403541750862514e-05,0.02840429774544383,0.8218556438865795
2,human2_trendelenburg11/human2_trendelenburg11_SkeletonData2.csv,trendelenburg,trendelenburg,0.12862227905272913,0.0074895534395584325,0.35321857423634995,0.004233623073909651,0.0049885289821626905,0.5014474412152902
2,human2_trendelenburg11/human2_trendelenburg11_SkeletonData3.csv,trendelenburg,trendelenburg,0.0038943796961455365,0.030129449836234775,0.29344635881934034,0.00015395584529092127,0.0037489877210133606,0.6686268680819751
2,human2_trendelenburg11/human2_trendelenburg11_SkeletonData4.csv,trendelenburg,trendelenburg,0.042702991445604035,0.20819209278178907,0.31225544003792116,0.008376100123329145,0.028735517373042307,0.39973785823831415
2,human2_trendelenburg11/human2_trendelenburg11_SkeletonData5.csv,trendelenburg,normal,0.004971900842909761,0.021854334429122706,0.5966569859355625,3.057945835436892e-05,0.011126452234994857,0.36535974709905594
2,human2_trendelenburg11/human2_trendelenburg11_SkeletonData6.csv,trendelenburg,normal,0.0451151000794311,0.04706756824025789,0.4974031003951798,0.0031999556948564024,0.013029516602203712,0.3941847589880711
2,human2_trendelenburg12/human2_trendelenburg12_SkeletonData1.csv,trendelenburg,trendelenburg,0.0003239123020554381,0.05234237747635315,0.0033340494001751968,7.417763369707772e-06,0.0009226913002527576,0.9430695517577938
2,human2_trendelenburg12/human2_trendelenburg12_SkeletonData2.csv,trendelenburg,trendelenburg,0.13223163435301963,0.06545274649328753,0.22639192612276235,0.000849305731439174,0.011194567564802974,0.5638798197346883
2,human2_trendelenburg12/human2_trendelenburg12_SkeletonData3.csv,trendelenburg,trendelenburg,0.0016755276102641075,0.05581932379545876,0.3070233956177998,0.00016513438495701087,0.004996392525001355,0.6303202260665189
2,human2_trendelenburg12/human2_trendelenburg12_SkeletonData4.csv,trendelenburg,trendelenburg,0.0652734603306511,0.10296511307916824,0.28026601873126444,0.010751939852266117,0.012466721394764237,0.5282767466118858
2,human2_trendelenburg12/human2_trendelenburg12_SkeletonData5.csv,trendelenburg,trendelenburg,0.00073775810393062,0.0016674808528801537,0.006159470151622268,1.3491223166580744e-05,7.977123706624967e-05,0.991342028431334
2,human2_trendelenburg12/human2_trendelenburg12_SkeletonData6.csv,trendelenburg,trendelenburg,0.030635237828329227,0.08074008302708674,0.35311825491465304,0.00659808261965078,0.0159673535100194,0.5129409881002608
2,human2_trendelenburg16/human2_trendelenburg16_SkeletonData1.csv,trendelenburg,trendelenburg,0.0009296465336744107,0.028438554977733486,0.0019728157905989823,2.646965944338549e-06,0.0010988809926077154,0.967557454739441
2,human2_trendelenburg16/human2_trendelenburg16_SkeletonData2.csv,trendelenburg,trendelenburg,0.24909386962632882,0.016132972286524626,0.05091202780832597,0.0017245770928255371,0.008738665296832005,0.6733978878891631
2,human2_trendelenburg16/human2_trendelenburg16_SkeletonData3.csv,trendelenburg,trendelenburg,0.009839522187163665,0.3522482542157211,0.011302306555579426,4.963622989981708e-06,0.05429678038950815,0.5723081730290378
2,human2_trendelenburg16/human2_trendelenburg16_SkeletonData4.csv,trendelenburg,lurch,0.032328828073443935,0.5265593098687923,0.02537903763319543,0.0002602623133057906,0.017493648449253205,0.3979789136620093
2,human2_trendelenburg16/human2_trendelenburg16_SkeletonData5.csv,trendelenburg,normal,0.0459094297486913,0.024894201947430614,0.4775528786453041,4.6759153472306965e-06,0.08263827288141348,0.3690005408618132
2,human2_trendelenburg16/human2_trendelenburg16_SkeletonData6.csv,trendelenburg,trendelenburg,0.13381256419161566,0.2444855577159426,0.1340725950619827,0.00040069280488930524,0.03298782687533304,0.4542407633502368
2,human2_trendelenburg17/human2_trendelenburg17_SkeletonData2.csv,trendelenburg,trendelenburg,0.015085740460662352,0.02228087750932863,0.08971829328552577,0.01013832023736125,0.0001711932790995173,0.8626055752280225
2,human2_trendelenburg17/human2_trendelenburg17_SkeletonData3.csv,trendelenburg,trendelenburg,0.00037871910423486674,0.2040319758336932,0.08459500734368634,6.939234715482836e-05,0.0005028516623590059,0.7104220537088718
2,human2_trendelenburg17/human2_trendelenburg17_SkeletonData4.csv,trendelenburg,trendelenburg,0.0027824881397372084,0.04931446202039176,0.20946223992427285,0.002779447315068594,0.00018727382811365863,0.7354740887724159
2,human2_trendelenburg17/human2_trendelenburg17_SkeletonData5.csv,trendelenburg,trendelenburg,2.2026674907296783e-05,0.001290465241094712,4.163881395860721e-05,4.7046458346062445e-07,3.975861231325836e-06,0.9986414229442245
2,human2_trendelenburg17/human2_trendelenburg17_SkeletonData6.csv,trendelenburg,trendelenburg,0.09946809566267012,0.21815360890670285,0.22182187053124697,0.012342794367919688,0.010898565324169085,0.4373150652072913
2,human2_trendelenburg18/human2_trendelenburg18_SkeletonData1.csv,trendelenburg,trendelenburg,0.00031801998103786206,0.034584018760726296,0.0014857957582725114,7.981590068824479e-06,0.0004139953309405498,0.9631901885789539
2,human2_trendelenburg18/human2_trendelenburg18_SkeletonData3.csv,trendelenburg,trendelenburg,0.0006693364035862875,0.05042787103990303,0.05381504974820268,8.513020289392439e-05,0.0006317857418934691,0.8943708268635207
2,human2_trendelenburg18/human2_trendelenburg18_SkeletonData4.csv,trendelenburg,trendelenburg,0.003907153845585499,0.07683588445443448,0.013953572424141749,0.001469572066381563,0.0007446291181312424,0.9030891880913254
2,human2_trendelenburg18/human2_trendelenburg18_SkeletonData5.csv,trendelenburg,trendelenburg,0.0007658872556155672,0.03006252599692884,0.011017775371435203,2.2620297140919787e-05,0.000437196108546977,0.9576939949703325
2,human2_trendelenburg18/human2_trendelenburg18_SkeletonData6.csv,trendelenburg,trendelenburg,0.06450331846957938,0.08885577285844985,0.2524103642958897,0.002489825121705722,0.009022563311117013,0.5827181559432583
2,human2_trendelenburg19/human2_trendelenburg19_SkeletonData1.csv,trendelenburg,trendelenburg,0.002974667306532847,0.07081316516406243,0.06853123233115176,5.3542475888882923e-05,0.0072867271131500004,0.8503406656092142
2,human2_trendelenburg19/human2_trendelenburg19_SkeletonData2.csv,trendelenburg,trendelenburg,0.07924021206541149,0.008809754912158243,0.11273598638677751,0.004975773400271553,0.0013140588421657854,0.7929242143932154
2,human2_trendelenburg19/human2_trendelenburg19_SkeletonData3.csv,trendelenburg,trendelenburg,0.0004855538171251602,0.2203785818750289,0.008229128349542536,1.0417952995281392e-05,0.0012113357614182835,0.7696849822438899
2,human2_trendelenburg19/human2_trendelenburg19_SkeletonData4.csv,trendelenburg,trendelenburg,0.009411636549418474,0.4809027474736653,0.019081694885683245,0.0009148058932325142,0.0019056565794680698,0.4877834586185322
2,human2_trendelenburg19/human2_trendelenburg19_SkeletonData5.csv,trendelenburg,trendelenburg,4.983957869645069e-05,0.008904599085777794,0.0003012512352480461,1.3083683562729719e-06,1.0603201658266164e-05,0.9907323985302632
2,human2_trendelenburg19/human2_trendelenburg19_SkeletonData6.csv,trendelenburg,lurch,0.0353301335366707,0.6384645659683372,0.011692812979855116,0.0025312112885886363,0.004364747243138221,0.3076165289834101
2,human2_trendelenburg3/human2_trendelenburg3_SkeletonData1.csv,trendelenburg,trendelenburg,0.00024236209350720362,0.04291010483905497,0.00400885042541652,0.0002823931240421894,0.00041403834544351937,0.9521422511725355
2,human2_trendelenburg3/human2_trendelenburg3_SkeletonData3.csv,trendelenburg,trendelenburg,0.00016973512025922948,0.47073232971762086,0.005454005846522993,3.7207325939723384e-05,0.001058058477485237,0.5225486635121719
2,human2_trendelenburg3/human2_trendelenburg3_SkeletonData4.csv,trendelenburg,trendelenburg,0.0012329547641009163,0.15500918186823032,0.00322078785892644,0.0006686995812463901,0.0002330320878592145,0.8396353438396366
2,human2_trendelenburg3/human2_trendelenburg3_SkeletonData5.csv,trendelenburg,trendelenburg,0.0009162182172264801,0.04138850848950651,0.006535029220727951,4.431525666240285e-05,0.0012851185946988251,0.9498308102211779
2,human2_trendelenburg3/human2_trendelenburg3_SkeletonData6.csv,trendelenburg,trendelenburg,0.011883592371267411,0.35408593290161405,0.013395218954561715,0.0006836904311838179,0.0025010496955344278,0.6174505156458385
3,human3_antalgic12/human3_antalgic12_SkeletonData1.csv,antalgic,normal,0.02898991191249295,0.0016133480331030692,0.673261527304921,9.881576183625457e-06,0.06651899719456915,0.22960633397873031
3,human3_antalgic12/human3_antalgic12_SkeletonData2.csv,antalgic,trendelenburg,0.2261677947235874,0.014665328282059617,0.026366106150888878,1.7668524530505145e-06,0.3438647583727677,0.38893424561824336
3,human3_antalgic12/human3_antalgic12_SkeletonData3.csv,antalgic,normal,0.023120403288011026,0.004399434950933639,0.7892202309625622,7.701432271071898e-06,0.06898731844364257,0.11426491092257948
3,human3_antalgic12/human3_antalgic12_SkeletonData4.csv,antalgic,antalgic,0.49351548153945896,0.005390910241181146,0.021807787854077977,2.0813971521373866e-06,0.4289694037455457,0.0503143352225841
3,human3_antalgic12/human3_antalgic12_SkeletonData5.csv,antalgic,stiff_legged,0.21305295034736588,0.0018831602879781275,0.22889087995704122,5.6136893405021586e-05,0.33734144968165164,0.2187754228325581
3,human3_antalgic12/human3_antalgic12_SkeletonData6.csv,antalgic,antalgic,0.5153629147104344,0.0009344854229593202,0.025286181694913375,1.16613636748146e-06,0.4146528830694424,0.04376236896588302
3,human3_antalgic13/human3_antalgic13_SkeletonData1.csv,antalgic,trendelenburg,0.01399630091586993,0.0017244103711045857,0.19668084751693388,2.172080242093616e-06,0.038675618668859886,0.7489206504469895
3,human3_antalgic13/human3_antalgic13_SkeletonData2.csv,antalgic,antalgic,0.46415669672612725,0.006062149177246166,0.0054830322523040315,5.926079888709839e-07,0.4498846504499322,0.0744128787864014
3,human3_antalgic13/human3_antalgic13_SkeletonData3.csv,antalgic,normal,0.006919479214746644,0.004291320013959913,0.8660744890857217,2.0661618147485537e-05,0.030097602702762353,0.09259644736466181
3,human3_antalgic13/human3_antalgic13_SkeletonData4.csv,antalgic,normal,5.9162472302079716e-05,1.8125640405499976e-06,0.9996802058668223,6.611532863469925e-08,0.00022640854074274888,3.23444407635577e-05
3,human3_antalgic13/human3_antalgic13_SkeletonData5.csv,antalgic,normal,0.02127560040945578,0.0007046220566804247,0.9442803021050179,0.00015049814423438805,0.018499624935908423,0.015089352348702971
3,human3_antalgic13/human3_antalgic13_SkeletonData6.csv,antalgic,stiff_legged,0.2788968485414676,0.0220062603490843,0.0175086875348649,5.796510295309563e-06,0.40080519157424144,0.2807772154900466
3,human3_antalgic14/human3_antalgic14_SkeletonData1.csv,antalgic,antalgic,0.35500083338226507,0.00035032750548480787,0.2244672269367963,3.6925040127955005e-05,0.3525238493546817,0.06762083778064418
3,human3_antalgic14/human3_antalgic14_SkeletonData2.csv,antalgic,antalgic,0.5871921563136384,0.00046747038915154437,0.0004897553141989842,5.049520128365685e-07,0.4051974044414397,0.006652708589558631
3,human3_antalgic14/human3_antalgic14_SkeletonData3.csv,antalgic,stiff_legged,0.24280225995542684,0.0012087773938207085,0.05365395639167538,3.988132151616265e-05,0.6831520131299385,0.01914311180762247
3,human3_antalgic14/human3_antalgic14_SkeletonData5.csv,antalgic,trendelenburg,0.04204574488529872,0.006102076481530016,0.07058468482098722,2.835644194551954e-05,0.13385355319517206,0.7473855841750664
3,human3_antalgic14/human3_antalgic14_SkeletonData6.csv,antalgic,stiff_legged,0.33757976623103725,0.002187385429541219,0.005780261193268046,9.807427210202552e-07,0.6410960332067801,0.013355573196652345
3,human3_antalgic17/human3_antalgic17_SkeletonData1.csv,antalgic,normal,0.0893041555343204,0.00047706163780592817,0.5194381420775258,2.421037524560079e-05,0.3776412775302769,0.013115152844825402
3,human3_antalgic17/human3_antalgic17_SkeletonData2.csv,antalgic,stiff_legged,0.3563840595313662,0.006711528798593038,0.0015750987631077088,4.807151488761437e-07,0.47738963677086066,0.15793919542092344
3,human3_antalgic17/human3_antalgic17_SkeletonData3.csv,antalgic,stiff_legged,0.037142197447830136,0.0091927786781779,0.38940694531660586,2.1920211489649144e-05,0.49432969363731977,0.0699064647085768
3,human3_antalgic17/human3_antalgic17_SkeletonData4.csv,antalgic,stiff_legged,0.166677839714682,0.005317849943290252,0.009712753513172408,3.907961911966341e-07,0.7957337275824282,0.022557438450235976
3,human3_antalgic17/human3_antalgic17_SkeletonData5.csv,antalgic,normal,0.1258738183474485,0.00292421529903338,0.5155702618821228,0.0011671592184314204,0.11186163132695043,0.24260291392601346
3,human3_antalgic17/human3_antalgic17_SkeletonData6.csv,antalgic,stiff_legged,0.24566013446502757,0.0034829513150326547,9.704553722469919e-08,1.390816765454305e-10,0.7487468666397167,0.00210995039560433
3,human3_antalgic19/human3_antalgic19_SkeletonData1.csv,antalgic,trendelenburg,0.0772101076893751,0.012425145907385976,0.10351293603532165,2.6719295359588827e-05,0.32168146371622564,0.48514362735633204
3,human3_antalgic19/human3_antalgic19_SkeletonData2.csv,antalgic,antalgic,0.505147432528995,0.0037071774508673507,0.005030375573126568,9.053114607527323e-07,0.33416882817032845,0.15194528096522195
3,human3_antalgic19/human3_antalgic19_SkeletonData3.csv,antalgic,normal,0.02186388160469154,0.01379664328504672,0.5763030993459841,0.00010832788976921071,0.06466186445712759,0.32326618341738084
3,human3_antalgic19/human3_antalgic19_SkeletonData4.csv,antalgic,normal,0.003976599442578088,0.0015859376067616359,0.9203447336047708,3.4393168854053833e-07,0.06009210715407788,0.014000278260123013
3,human3_antalgic19/human3_antalgic19_SkeletonData5.csv,antalgic,normal,0.1098671087222684,0.003946044181166778,0.4446715730296162,0.00019290023222644375,0.315459680280433,0.12586269355428917
3,human3_antalgic19/human3_antalgic19_SkeletonData6.csv,antalgic,stiff_legged,0.25262124283553494,0.0026183431266774784,0.0017390570799431346,1.5106634610426994e-07,0.7385890033994946,0.004432202492003547
3,human3_antalgic3/human3_antalgic3_SkeletonData2.csv,antalgic,antalgic,0.5452469483275003,0.0002179308456726781,7.702914486830378e-05,1.5697458878870028e-07,0.45176814098722096,0.002689793720149039
3,human3_antalgic3/human3_antalgic3_SkeletonData3.csv,antalgic,stiff_legged,0.41498158760203885,0.0018420700978789776,0.0006906678735937395,5.1810790309927105e-06,0.5212985977968737,0.06118189555058363
3,human3_antalgic3/human3_antalgic3_SkeletonData4.csv,antalgic,antalgic,0.5553048778515703,0.0005519437763644704,0.004496907528698707,2.7692806075183426e-07,0.43733714942173746,0.002308844493568215
3,human3_antalgic3/human3_antalgic3_SkeletonData5.csv,antalgic,trendelenburg,0.2830986721433336,0.0018602888875936128,0.09701830863500613,0.000633608297409164,0.05001208847025729,0.5673770335664002
3,human3_antalgic3/human3_antalgic3_SkeletonData6.csv,antalgic,stiff_legged,0.4549046123710088,0.008976183997178274,0.01705779992035745,1.7759541062018347e-05,0.5083522698831131,0.01069137428728035
3,human3_antalgic6/human3_antalgic6_SkeletonData1.csv,antalgic,stiff_legged,0.26811346064099645,0.0006746838983496083,0.219685722518375,3.145797061151774e-05,0.4162369942108918,0.09525768076077552
3,human3_antalgic6/human3_antalgic6_SkeletonData2.csv,antalgic,stiff_legged,0.4048475813263389,0.0010601126788561163,0.0019316830988068462,3.5497880728406825e-07,0.5582597997937746,0.0339004681234161
3,human3_antalgic6/human3_antalgic6_SkeletonData3.csv,antalgic,normal,0.09860501432639494,0.0024174287926146598,0.3832776525795131,8.454218002424992e-05,0.22241690576779474,0.2931984563536583
3,human3_antalgic6/human3_antalgic6_SkeletonData4.csv,antalgic,stiff_legged,0.21117189465898667,0.010334121713355569,0.009688791972388417,5.265978138879746e-07,0.7011683260972219,0.06763633896023342
3,human3_antalgic6/human3_antalgic6_SkeletonData5.csv,antalgic,trendelenburg,0.017181393329255445,0.005502305367242548,0.20245107409305446,2.1374991978412846e-05,0.03837096674875494,0.7364728854697142
3,human3_antalgic6/human3_antalgic6_SkeletonData6.csv,antalgic,stiff_legged,0.27280412811715393,0.012390246227600026,0.05861050276177916,1.1248658212056734e-06,0.5110653697823794,0.14512862824526637
3,human3_antalgic8/human3_antalgic8_SkeletonData1.csv,antalgic,trendelenburg,0.06805601099412655,0.002039017766626331,0.08041751909887729,6.10790849117919e-06,0.4195755837036003,0.42990576052827834
3,human3_antalgic8/human3_antalgic8_SkeletonData2.csv,antalgic,stiff_legged,0.20573470386131232,0.000898630871415203,0.0013100557931405939,1.5691472562914355e-07,0.7319257610593614,0.06013069150004485
3,human3_antalgic8/human3_antalgic8_SkeletonData3.csv,antalgic,trendelenburg,0.04412691671086542,0.0014865305603358294,0.31570176056334986,2.748400163308337e-05,0.09779772763440121,0.5408595805294145
3,human3_antalgic8/human3_antalgic8_SkeletonData4.csv,antalgic,stiff_legged,0.10428613073690238,0.009056902816641992,0.11705241673658252,2.1732927900273498e-06,0.6585944821222315,0.11100789429485157
3,human3_antalgic8/human3_antalgic8_SkeletonData5.csv,antalgic,trendelenburg,0.011734899551713699,0.007328079202247111,0.013944239335834862,6.092224683391228e-06,0.042310351182513445,0.9246763385030076
3,human3_antalgic8/human3_antalgic8_SkeletonData6.csv,antalgic,stiff_legged,0.07222307649413422,0.04333343102122174,0.008176806979892409,2.0964504212712066e-07,0.7919882128799383,0.08427826297977135
3,human3_lurch13/human3_lurch13_SkeletonData1.csv,lurch,trendelenburg,0.0024103445509743625,0.26792830625718145,0.0010756752427358957,0.0005156034684263654,0.018802452766036308,0.7092676177146456
3,human3_lurch13/human3_lurch13_SkeletonData2.csv,lurch,lurch,0.002843327809009432,0.9556380952040712,9.891316245401323e-07,1.1496449346384828e-05,0.012827697724864312,0.02867839368108418
3,human3_lurch13/human3_lurch13_SkeletonData3.csv,lurch,lurch,2.7835341771816965e-06,0.9779249904156594,4.226613122124507e-06,0.004431933189642789,1.257500066742359e-05,0.017623491246731054
3,human3_lurch13/human3_lurch13_SkeletonData4.csv,lurch,lurch,1.5921767155128416e-07,0.9219994975609284,2.8108220969166343e-08,6.196911558990032e-08,2.0213522258564087e-05,0.07798003962180493
3,human3_lurch13/human3_lurch13_SkeletonData5.csv,lurch,lurch,7.347468478762917e-07,0.6513596456353236,2.818008055184551e-06,8.945364148942711e-05,7.399794526969639e-06,0.34853994817375705
3,human3_lurch13/human3_lurch13_SkeletonData6.csv,lurch,lurch,2.98598013868798e-07,0.9358895467677796,2.9544072124453505e-07,2.257298110790124e-06,1.7065178859864525e-06,0.06410589537748863
3,human3_lurch14/human3_lurch14_SkeletonData1.csv,lurch,lurch,1.5237837803597852e-06,0.9694517586823397,6.192020441164588e-05,4.438790718966473e-06,0.00017565126593175942,0.030304707272817467
3,human3_lurch14/human3_lurch14_SkeletonData2.csv,lurch,lurch,7.019580389655455e-07,0.9936984778166725,9.298180102976002e-07,3.2671917842482087e-06,1.4975903341733101e-05,0.006281647312152443
3,human3_lurch14/human3_lurch14_SkeletonData3.csv,lurch,lurch,1.6712370853278895e-11,0.9994150503690837,7.166643890538014e-11,4.0860796699254976e-10,6.749698292011197e-07,0.000584274164100163
3,human3_lurch14/human3_lurch14_SkeletonData4.csv,lurch,lurch,6.571694180026739e-12,0.9985894206643865,2.0218622288224034e-09,1.3780808500724461e-08,6.155611479982032e-09,0.001410557370759842
3,human3_lurch14/human3_lurch14_SkeletonData5.csv,lurch,lurch,2.5010081241753534e-07,0.5098714004247461,1.7223621175353817e-07,2.775774572651403e-06,9.425776787806215e-06,0.4901159756868693
3,human3_lurch14/human3_lurch14_SkeletonData6.csv,lurch,lurch,2.7087661375070062e-08,0.9350343539827974,6.345634118903638e-05,1.5430122608611675e-05,1.4979250535602261e-06,0.06488523454069013
3,human3_lurch15/human3_lurch15_SkeletonData1.csv,lurch,lurch,9.010703703893256e-05,0.6826090557870111,0.0005078335757596811,0.00015374276176114562,0.0015453964105836707,0.3150938644278454
3,human3_lurch15/human3_lurch15_SkeletonData2.csv,lurch,lurch,3.2195170003633184e-06,0.9741605980694359,6.370236967033199e-08,2.3457330310586298e-07,2.935284846881596e-05,0.025806531289422067
3,human3_lurch15/human3_lurch15_SkeletonData3.csv,lurch,lurch,3.2277105531953455e-10,0.9995707482443963,9.629692750179093e-10,1.054438654164671e-09,2.971787862630132e-06,0.0004262776275620311
3,human3_lurch15/human3_lurch15_SkeletonData5.csv,lurch,lurch,7.052044549026537e-08,0.9693563294848588,5.337664079382722e-07,1.339889310338091e-05,2.3472245466945844e-06,0.030627320110637946
3,human3_lurch15/human3_lurch15_SkeletonData6.csv,lurch,lurch,3.3727042027514628e-12,0.9949579201474074,1.2514060953233844e-09,1.2417350129231544e-10,1.3296403105666434e-09,0.00504207714400024
3,human3_lurch17/human3_lurch17_SkeletonData1.csv,lurch,lurch,2.2767154175674944e-06,0.8419064284015976,7.05477517461388e-05,9.161728150925189e-05,0.0001006626542576291,0.15782846719547167
3,human3_lurch17/human3_lurch17_SkeletonData2.csv,lurch,lurch,1.487650900308895e-06,0.9947042746726229,5.528585242322799e-09,8.219212462276863e-07,3.4972441311901326e-05,0.005258437785333479
3,human3_lurch17/human3_lurch17_SkeletonData3.csv,lurch,lurch,1.7262374292209834e-09,0.9980136865707021,3.26355815435525e-08,1.472829367543192e-07,5.5717960939947325e-06,0.0019805599884482727
3,human3_lurch17/human3_lurch17_SkeletonData4.csv,lurch,lurch,3.036174547589361e-12,0.9994027961272062,2.4127630908755623e-08,1.2437828555193642e-09,1.5009231372946376e-08,0.0005971634891126996
3,human3_lurch17/human3_lurch17_SkeletonData5.csv,lurch,lurch,7.097939461120116e-06,0.7105371672558782,2.724910742245266e-06,0.0009054033942824868,1.8424612451298357e-05,0.28852918188718457
3,human3_lurch17/human3_lurch17_SkeletonData6.csv,lurch,lurch,8.729475981034475e-07,0.9641023755892686,4.353382544954634e-06,2.2433796179726803e-05,1.8534765064772652e-06,0.03586811080790214
3,human3_lurch2/human3_lurch2_SkeletonData1.csv,lurch,trendelenburg,2.2826701113444802e-05,0.09556134504630473,0.42375832983137074,0.0052710796672170435,7.888375878172536e-05,0.4753075349952122
3,human3_lurch2/human3_lurch2_SkeletonData2.csv,lurch,lurch,4.773289148989097e-07,0.8980093741643097,8.435958115850893e-05,4.148535047285415e-06,1.326084484655582e-05,0.10188837954572307
3,human3_lurch2/human3_lurch2_SkeletonData3.csv,lurch,lurch,2.5087894617507676e-07,0.8865536411068652,2.2681598332891284e-06,3.454570495008517e-08,0.0003804931118674791,0.113063312196783
3,human3_lurch2/human3_lurch2_SkeletonData4.csv,lurch,lurch,1.6969655421663627e-06,0.8555317643231332,5.2973531810338716e-05,2.0215454411580103e-05,4.3374429479536694e-05,0.14434997529562316
3,human3_lurch2/human3_lurch2_SkeletonData5.csv,lurch,lurch,0.002671388753769927,0.7394678618776327,0.00354679009039649,0.023456369945152707,0.0039500361985551555,0.22690755313449307
3,human3_lurch2/human3_lurch2_SkeletonData6.csv,lurch,lurch,2.104237974618387e-09,0.9322767526724169,1.5157952175994027e-06,2.1242544967092956e-08,1.542712562431939e-06,0.06772016547301997
3,human3_lurch20/human3_lurch20_SkeletonData1.csv,lurch,trendelenburg,0.0005891905209565385,0.21130713080312621,7.241009201113521e-05,5.88189551874989e-05,0.002134990796570089,0.7858374588321486
3,human3_lurch20/human3_lurch20_SkeletonData2.csv,lurch,lurch,0.004993981849180798,0.9021029458145771,9.038503390712309e-06,2.8936874749181915e-05,0.007382127978547785,0.08548296897955453
3,human3_lurch20/human3_lurch20_SkeletonData3.csv,lurch,lurch,7.552835351094143e-08,0.9925583607364613,8.697713564713473e-08,7.152010893410224e-07,3.445968761954485e-06,0.007437315588198413
3,human3_lurch20/human3_lurch20_SkeletonData4.csv,lurch,lurch,9.481459671121492e-11,0.9510544663058247,2.2272558730306462e-08,1.4967776070049968e-10,1.2112312427917582e-08,0.04894549906481168
3,human3_lurch20/human3_lurch20_SkeletonData5.csv,lurch,lurch,1.3039988277957582e-07,0.9951062516229147,3.4640615580952798e-09,3.384309450696737e-06,2.62806279231487e-06,0.004887602140897815
3,human3_lurch20/human3_lurch20_SkeletonData6.csv,lurch,lurch,3.239049748815881e-07,0.9967495990755225,9.163643683134294e-08,1.2365245776634359e-08,4.229396576517978e-06,0.00324574362124316
3,human3_lurch4/human3_lurch4_SkeletonData1.csv,lurch,lurch,1.9579008143868936e-07,0.9207456870294484,0.0002846440961099084,0.00028399235649274396,1.8011441402428975e-06,0.07868367958372709
3,human3_lurch4/human3_lurch4_SkeletonData2.csv,lurch,lurch,2.0532500648476881e-10,0.8807031808179661,4.868691169630426e-07,9.410648015989097e-08,4.724101831903593e-09,0.11929623327700999
3,human3_lurch4/human3_lurch4_SkeletonData3.csv,lurch,lurch,7.852789117015179e-13,0.986986874860519,2.940781647554845e-11,4.028378484916859e-11,1.3016841246304963e-08,0.013013112052163133
3,human3_lurch4/human3_lurch4_SkeletonData5.csv,lurch,lurch,6.651149617826292e-07,0.8611681006744333,2.9886678986156944e-06,0.0002336549281825973,2.5428244024058794e-06,0.1385920477901211
3,human3_lurch4/human3_lurch4_SkeletonData6.csv,lurch,lurch,1.2730663928810346e-13,0.8879353706188328,5.966709736012683e-08,4.598287811610359e-11,2.562428983657952e-10,0.11206456941171639
3,human3_lurch6/human3_lurch6_SkeletonData2.csv,lurch,lurch,7.457572708044384e-10,0.9953708197351283,5.26470927743416e-10,2.0114761137081767e-10,2.2786455956277327e-08,0.004629156005040105
3,human3_lurch6/human3_lurch6_SkeletonData3.csv,lurch,lurch,3.1289163850336637e-09,0.9875623916794923,2.655722965481064e-09,4.250847997875126e-10,1.1050328014982417e-05,0.012426551782768516
3,human3_lurch6/human3_lurch6_SkeletonData4.csv,lurch,lurch,9.903575719142035e-10,0.989213952134636,6.743871228907311e-08,9.89506543490743e-10,1.2983211114200726e-06,0.010784680125676138
3,human3_lurch6/human3_lurch6_SkeletonData5.csv,lurch,lurch,2.3195272281436768e-06,0.9971637555348932,1.2262613521578619e-07,0.0001307897326116578,0.00013703282804126502,0.0025659797510902663
3,human3_lurch6/human3_lurch6_SkeletonData6.csv,lurch,lurch,4.3869266412963724e-10,0.9988793188170251,5.7002904698404533e-11,2.1600595581139194e-10,3.760332984902537e-08,0.0011206428679434997
3,human3_normal1/human3_normal1_SkeletonData1.csv,normal,normal,0.0004200605152454308,0.0006867494032007802,0.9826303173979606,0.008030226980532318,0.0020341491388537426,0.006198496564206854
3,human3_normal1/human3_normal1_SkeletonData2.csv,normal,normal,0.0002583910341259273,0.0002059294367346671,0.9816454786587208,0.009443024404436017,0.00031190014573688935,0.008135276320245794
3,human3_normal1/human3_normal1_SkeletonData3.csv,normal,normal,0.002074051903036178,0.003077902710895694,0.5368500339938025,0.37628738990077915,0.0029531543937970006,0.07875746709768941
3,human3_normal1/human3_normal1_SkeletonData4.csv,normal,normal,3.14390293425553e-06,0.0006002976051247289,0.9424745085837485,0.003041182433245004,7.790736589344938e-06,0.05387307673835811
3,human3_normal1/human3_normal1_SkeletonData5.csv,normal,normal,1.6820309173180257e-05,0.001349174173758314,0.8027877799219527,0.00118430759731922,0.00020165836118698742,0.19446025963660968
3,human3_normal1/human3_normal1_SkeletonData6.csv,normal,normal,2.1508888175775614e-05,0.00011215048792165255,0.9964620545200459,0.0027983841131382545,2.691834438701545e-05,0.0005789836463315405
3,human3_normal12/human3_normal12_SkeletonData2.csv,normal,normal,0.0003480021646907254,3.3555323092293554e-05,0.989231181231547,0.009246726204249349,0.0002639948826302075,0.000876540193790557
3,human3_normal12/human3_normal12_SkeletonData3.csv,normal,normal,0.006755706424337555,0.007694865410708671,0.866699220658756,0.02578976623620953,0.015504897685610714,0.07755554358437759
3,human3_normal12/human3_normal12_SkeletonData5.csv,normal,normal,0.00012071733130889934,2.5839304592531137e-05,0.8058179301603414,0.18601863094295884,5.161268547217711e-05,0.007965269575326107
3,human3_normal12/human3_normal12_SkeletonData6.csv,normal,normal,6.275818079910743e-05,0.00019519140536717187,0.9969890238282256,0.001739152072887077,0.00013283638802550216,0.0008810381246954815
3,human3_normal14/human3_normal14_SkeletonData1.csv,normal,normal,0.0006132920026195353,0.0033892896217806914,0.8891246224905724,0.05524523676802981,0.004274409879678117,0.047353149237319585
3,human3_normal14/human3_normal14_SkeletonData2.csv,normal,normal,2.4355700488853276e-05,6.75979386319095e-06,0.9858191721772788,0.01394188098329636,6.221502483433737e-06,0.000201609842589531
3,human3_normal14/human3_normal14_SkeletonData3.csv,normal,normal,4.384540476193529e-05,4.385507517244314e-05,0.8808942118048254,0.11832930521344821,4.885243958982519e-05,0.0006399300622022408
3,human3_normal14/human3_normal14_SkeletonData4.csv,normal,normal,1.2480106375523911e-05,0.00012525516214336485,0.9833633226572592,0.014201318855534276,2.1467078761435843e-05,0.0022761561399262816
3,human3_normal14/human3_normal14_SkeletonData5.csv,normal,normal,1.6770746250063853e-05,7.634202344980933e-06,0.9905804761496004,0.006323523497353028,1.4125224695246915e-05,0.0030574701797561727
3,human3_normal14/human3_normal14_SkeletonData6.csv,normal,normal,3.1048194049085163e-07,1.4470374120863548e-05,0.9992859924217252,0.0005771693563119491,5.089796618777928e-07,0.00012154838623974941
3,human3_normal19/human3_normal19_SkeletonData1.csv,normal,normal,0.0003814507083200429,4.201122376939326e-05,0.886312721388697,0.10259844308051504,0.00012625963341682362,0.010539113965281623
3,human3_normal19/human3_normal19_SkeletonData2.csv,normal,normal,2.6295393939520722e-05,8.38300672687025e-05,0.9831446503828271,0.013845017609714272,1.996310917678064e-05,0.0028802434370736435
3,human3_normal19/human3_normal19_SkeletonData3.csv,normal,steppage,0.001105920926354375,9.636114645213968e-05,0.4467534758650657,0.5433164770070243,0.0005532812071588558,0.00817448384794461
3,human3_normal19/human3_normal19_SkeletonData4.csv,normal,normal,0.0011660658359017087,0.0007630106678847289,0.9568904537402518,0.001227817145211546,0.002340131873179274,0.03761252073757098
3,human3_normal19/human3_normal19_SkeletonData5.csv,normal,normal,0.0005319306954879335,0.008227548456802859,0.7374881673081959,0.02092914450301621,0.0036691256529383666,0.22915408338355853
3,human3_normal19/human3_normal19_SkeletonData6.csv,normal,normal,1.9297121247066333e-06,1.912037112305686e-05,0.999466784523118,0.00034243638714437304,4.432043691964048e-06,0.0001652969627977654
3,human3_normal20/human3_normal20_SkeletonData1.csv,normal,normal,0.0180488975969583,0.0099051550909519,0.7257183399921567,0.15216051338277994,0.03818630735860791,0.055980786578545175
3,human3_normal20/human3_normal20_SkeletonData2.csv,normal,normal,0.0004266067282881761,0.001099361725042407,0.9541279389765835,0.019698946725386846,0.000920043442203612,0.023727102402495388
3,human3_normal20/human3_normal20_SkeletonData3.csv,normal,normal,0.0022214003729751144,3.597619903037142e-05,0.8149998367239043,0.1792784275062663,0.0011782359613472973,0.002286123236476524
3,human3_normal20/human3_normal20_SkeletonData4.csv,normal,normal,3.1302888023310926e-06,2.4808724320226143e-06,0.9980992263669263,0.0018186000896923307,8.841588721753568e-06,6.772079342526854e-05
3,human3_normal20/human3_normal20_SkeletonData5.csv,normal,normal,0.0006017042529427758,0.0018480416438978868,0.6384379297080673,0.0180140189085872,0.0023937881457478777,0.33870451734075685
3,human3_normal20/human3_normal20_SkeletonData6.csv,normal,normal,1.3056936553583025e-05,3.4554129604124716e-05,0.9990632942422127,0.0006086899087020726,3.641612303401174e-05,0.00024398865989332731
3,human3_normal4/human3_normal4_SkeletonData1.csv,normal,normal,2.148720030969586e-05,1.296141063400626e-05,0.9732952937071891,0.02629382335622542,2.9261731367216528e-05,0.00034717259427454036
3,human3_normal4/human3_normal4_SkeletonData2.csv,normal,normal,2.248255202843253e-05,3.0334738155138625e-06,0.9954564444440119,0.004028508477152355,3.981810668105071e-06,0.0004855492423237955
3,human3_normal4/human3_normal4_SkeletonData3.csv,normal,normal,5.9038325389429166e-05,0.0005682038782916224,0.9830213484238772,0.006777036118552604,0.0004939008295763042,0.009080472424312864
3,human3_normal4/human3_normal4_SkeletonData4.csv,normal,normal,5.27049456936598e-07,7.412692293608964e-05,0.9956809021711064,0.0037330411332422565,1.6641005971279177e-06,0.0005097386226610183
3,human3_normal4/human3_normal4_SkeletonData5.csv,normal,normal,0.00015948473807275617,0.002437631130378129,0.7925512536818112,0.017833451997849446,0.0012005998023670297,0.18581757864952125
3,human3_normal4/human3_normal4_SkeletonData6.csv,normal,normal,8.205951877829825e-07,1.6166787054321392e-05,0.9995354604042933,0.0004105043324093544,3.426649784513301e-06,3.362123127047956e-05
3,human3_normal5/human3_normal5_SkeletonData1.csv,normal,normal,1.2254699665238514e-06,7.924717993868704e-08,0.8992675382107602,0.10070698849893353,1.5306135435507204e-07,2.4015511805500127e-05
3,human3_normal5/human3_normal5_SkeletonData2.csv,normal,normal,8.255339496464022e-06,8.428607495967422e-06,0.9898028383402067,0.00983268912966464,5.945578374398262e-06,0.0003418430047616479
3,human3_normal5/human3_normal5_SkeletonData3.csv,normal,normal,1.9623624037063975e-05,1.9121174797780547e-06,0.8740200667870545,0.12563114729983102,9.184604312172618e-06,0.0003180655672855719
3,human3_normal5/human3_normal5_SkeletonData4.csv,normal,normal,1.959288210671738e-06,8.398892624471581e-06,0.9963953786379479,0.0034478814887618204,1.945328861028089e-06,0.000144436363593857
3,human3_normal5/human3_normal5_SkeletonData5.csv,normal,normal,0.0001662870501892577,0.007100059145029514,0.5436910947544243,0.03268271357128192,0.002097534912027654,0.4142623105670473
3,human3_normal5/human3_normal5_SkeletonData6.csv,normal,normal,1.2168179999444087e-05,2.6852714156512284e-05,0.9939022350193589,0.005808130298894697,1.4493588640969405e-05,0.00023612019894959284
3,human3_normal9/human3_normal9_SkeletonData1.csv,normal,trendelenburg,0.0003040989722230652,0.10291331429840281,0.00014619056372515305,0.027307014890282824,0.011046895029242951,0.8582824862461231
3,human3_normal9/human3_normal9_SkeletonData2.csv,normal,normal,0.0001101584606645055,7.974096036939541e-05,0.9896416800229172,0.0035960063635847904,9.245593402125698e-05,0.006479958258442925
3,human3_normal9/human3_normal9_SkeletonData3.csv,normal,normal,0.00045218182444640856,0.011510025407746188,0.8381267726923138,0.00782544524116799,0.014699584703852938,0.12738599013047244
3,human3_normal9/human3_normal9_SkeletonData5.csv,normal,normal,0.0015455582877770863,6.269350547654002e-05,0.9220537020619093,0.060950159346436245,0.0010216809352961284,0.01436620586310478
3,human3_normal9/human3_normal9_SkeletonData6.csv,normal,normal,0.0003147164062127593,3.324540447674442e-05,0.99126520704149,0.0072573509401365425,0.00021879697396989854,0.0009106832337139284
3,human3_steppage10/human3_steppage10_SkeletonData1.csv,steppage,steppage,1.568531131326216e-05,1.333883026829842e-07,0.05951252248856046,0.9404134895773781,6.243970851301333e-07,5.7544837360241174e-05
3,human3_steppage10/human3_steppage10_SkeletonData2.csv,steppage,steppage,7.321379818040762e-07,9.495087041271728e-10,0.010078066654931037,0.9899124190559889,1.8541157608160732e-09,8.779347473783098e-06
3,human3_steppage10/human3_steppage10_SkeletonData3.csv,steppage,steppage,9.493627794260562e-06,4.267163963975647e-11,0.0009734288683762685,0.9990073053716335,3.419676597380239e-09,9.768669847629515e-06
3,human3_steppage10/human3_steppage10_SkeletonData5.csv,steppage,steppage,9.429117208922803e-07,1.6035097996451266e-12,0.00035799715593993147,0.9996392602650533,1.3098423354827863e-10,1.7995346980658674e-06
3,human3_steppage10/human3_steppage10_SkeletonData6.csv,steppage,steppage,8.871878362660096e-08,2.4718707831104975e-14,0.00013430043088711165,0.9998656031712055,2.3371199267397987e-12,7.676761879630223e-09
3,human3_steppage11/human3_steppage11_SkeletonData1.csv,steppage,steppage,8.810231448574814e-05,2.811609524671556e-07,0.04054409862437489,0.9591772325634259,2.050900029003708e-06,0.00018823443673192
3,human3_steppage11/human3_steppage11_SkeletonData2.csv,steppage,steppage,2.339839300142772e-06,1.2146278907866377e-07,0.02651191074517668,0.9734481482592108,2.6843576162233325e-08,3.7452849947264317e-05
3,human3_steppage11/human3_steppage11_SkeletonData3.csv,steppage,steppage,2.9691244083945014e-07,1.6238771360687723e-11,0.000181029854961891,0.9998148026629715,6.463773060999489e-10,3.869907009660712e-06
3,human3_steppage11/human3_steppage11_SkeletonData4.csv,steppage,steppage,6.055017870652953e-07,8.748658592196737e-12,0.04542033110258272,0.9545751205974418,4.772486897966356e-10,3.9423121912392896e-06
3,human3_steppage11/human3_steppage11_SkeletonData5.csv,steppage,steppage,0.008528968884447327,9.39131968932401e-07,0.003012104330416234,0.9203065257506042,7.849523019263142e-05,0.06807296667237057
3,human3_steppage11/human3_steppage11_SkeletonData6.csv,steppage,steppage,1.1630588088695257e-06,3.222025839735767e-12,0.0019029052076440106,0.9980958780247854,3.032013210042459e-10,5.3402338470370345e-08
3,human3_steppage16/human3_steppage16_SkeletonData1.csv,steppage,steppage,0.000319717058674382,3.649071361157603e-08,0.12205628005260892,0.876822992733843,1.4693506449192308e-06,0.0007995043135149936
3,human3_steppage16/human3_steppage16_SkeletonData2.csv,steppage,steppage,0.00018285614332185394,4.1427149556785876e-07,0.08663647622379875,0.9125561386553175,2.3462036104854967e-06,0.0006217685024558626
3,human3_steppage16/human3_steppage16_SkeletonData3.csv,steppage,steppage,2.0294266634114252e-05,1.1117268164104778e-09,0.03169091209330834,0.9682809584046007,3.5369488295454436e-07,7.48042884688755e-06
3,human3_steppage16/human3_steppage16_SkeletonData4.csv,steppage,normal,1.5416852144530565e-07,8.25233790830452e-11,0.9913621246204462,0.00859835374906893,1.0110885476708768e-08,3.935726855469217e-05
3,human3_steppage16/human3_steppage16_SkeletonData5.csv,steppage,steppage,0.0010020298739077634,4.264726234072194e-09,0.015227914405775199,0.983251775774139,3.6630238701932217e-06,0.0005146126575814961
3,human3_steppage16/human3_steppage16_SkeletonData6.csv,steppage,steppage,0.00019612216145989362,2.299386666806702e-11,0.0032201613891447104,0.9965819977366609,1.946518394374414e-08,1.6992245568254536e-06
3,human3_steppage18/human3_steppage18_SkeletonData1.csv,steppage,steppage,6.921845004241463e-05,3.290132214340999e-09,0.0011692879734081958,0.9987550179919389,1.5880574547535685e-07,6.313488732853053e-06
3,human3_steppage18/human3_steppage18_SkeletonData2.csv,steppage,steppage,8.077641354318807e-05,3.791608977348285e-09,0.00417641971791342,0.9956897134576801,1.2204667999756095e-07,5.296457257423115e-05
3,human3_steppage18/human3_steppage18_SkeletonData3.csv,steppage,steppage,5.2514890180999936e-05,8.948754359480408e-09,0.009735500592356687,0.9901896556008186,6.69907695578709e-07,2.1650060193556236e-05
3,human3_steppage18/human3_steppage18_SkeletonData5.csv,steppage,steppage,0.0004526255986232964,1.585235063672101e-09,0.0010380574133674186,0.9983884574528129,5.28078805616366e-07,0.00012032987115568723
3,human3_steppage18/human3_steppage18_SkeletonData6.csv,steppage,steppage,5.089505346601823e-06,1.0164092642867196e-09,0.15202903623862762,0.8479609454492667,2.796892048012596e-08,4.899821429290914e-06
3,human3_steppage2/human3_steppage2_SkeletonData1.csv,steppage,steppage,0.004104627364227764,0.0014767163971047832,0.21266486568492846,0.75612200093202,0.002087273959897154,0.02354451566182185
3,human3_steppage2/human3_steppage2_SkeletonData2.csv,steppage,steppage,1.4113738173352398e-05,4.665588332865508e-06,0.022904973563296946,0.9766370851696642,3.7673708084909167e-06,0.0004353945697243149
3,human3_steppage2/human3_steppage2_SkeletonData3.csv,steppage,normal,0.00011956584499623044,4.960085420937321e-06,0.5715654955571551,0.4264863668742581,1.4640411058775977e-05,0.001808971227110886
3,human3_steppage2/human3_steppage2_SkeletonData5.csv,steppage,normal,8.861673311268176e-05,9.158270114176893e-07,0.9869180575143377,0.009424031896349756,1.4034046420270652e-05,0.003554343982768042
3,human3_steppage2/human3_steppage2_SkeletonData6.csv,steppage,normal,0.0001533585713059538,9.045851419409796e-07,0.8161342604957369,0.17701688973879112,1.1283658186265263e-06,0.006693458243205534
3,human3_steppage6/human3_steppage6_SkeletonData1.csv,steppage,steppage,7.895850142544073e-05,3.8831282058999765e-07,0.15640809468613304,0.8402940918057663,1.7101372565681792e-07,0.0032182956801290238
3,human3_steppage6/human3_steppage6_SkeletonData2.csv,steppage,steppage,2.237912064516619e-07,6.471148217616102e-10,0.16992887139913457,0.829957946490789,1.5500323225286008e-10,0.00011295751675192879
3,human3_steppage6/human3_steppage6_SkeletonData3.csv,steppage,steppage,8.758298496864121e-05,3.339682098092406e-08,0.035193889747687335,0.961897892055685,6.502444721965406e-08,0.002820536790390722
3,human3_steppage6/human3_steppage6_SkeletonData5.csv,steppage,steppage,4.80598598270866e-07,4.7173973916912e-12,0.0014970291107892768,0.9984997160458519,6.02900516705836e-11,2.7741797533450086e-06
3,human3_steppage6/human3_steppage6_SkeletonData6.csv,steppage,steppage,1.5885285562666104e-08,3.842158282599379e-11,0.03657542360752525,0.9633470420582476,3.2471984685927422e-12,7.751840727286543e-05
3,human3_steppage7/human3_steppage7_SkeletonData1.csv,steppage,steppage,1.2318965534062051e-06,6.221330076652592e-10,0.018772477441264552,0.9811910095096608,1.1881378491934155e-09,3.527934225056726e-05
3,human3_steppage7/human3_steppage7_SkeletonData2.csv,steppage,steppage,7.419734039822237e-07,4.241274430358681e-09,0.0013904237804433478,0.9982526019833129,9.467985820970312e-10,0.00035622707476671287
3,human3_steppage7/human3_steppage7_SkeletonData3.csv,steppage,steppage,3.4127633044712472e-06,8.967619230269856e-10,0.009685202655759279,0.9901945996132883,2.9884365451958043e-09,0.00011678108244961501
3,human3_steppage7/human3_steppage7_SkeletonData4.csv,steppage,steppage,3.137147744943668e-08,8.32908436733501e-12,0.0003215938260024321,0.9996770314838662,7.171707178768334e-12,1.343303153207359e-06
3,human3_steppage7/human3_steppage7_SkeletonData5.csv,steppage,steppage,7.928249222168269e-05,1.7220279127005378e-09,0.046859157576226024,0.9494027086498275,5.23429641269965e-08,0.003658797216732861
3,human3_steppage7/human3_steppage7_SkeletonData6.csv,steppage,normal,1.528325727722955e-07,6.335979275731245e-11,0.9659005191357982,0.034008308010429894,4.4352346032839483e-10,9.101951431586498e-05
3,human3_steppage8/human3_steppage8_SkeletonData1.csv,steppage,steppage,1.4356464025524176e-05,5.3957145020619875e-09,0.19498049925618557,0.8045052693199224,3.3949338400364254e-08,0.0004998356148136482
3,human3_steppage8/human3_steppage8_SkeletonData2.csv,steppage,normal,3.282919454804937e-07,1.7016938791737336e-07,0.9777233071077369,0.016048895667776862,6.942953385588741e-08,0.006227229333618882
3,human3_steppage8/human3_steppage8_SkeletonData3.csv,steppage,normal,2.1777160085266195e-05,3.081785724708183e-07,0.5080106088644595,0.4881446134276162,3.1421775477421535e-07,0.003822378151511824
3,human3_steppage8/human3_steppage8_SkeletonData5.csv,steppage,steppage,2.0687161375075256e-05,1.404209325403575e-10,0.09683945704121381,0.9030625622212678,1.7928997262635724e-08,7.727550672523804e-05
3,human3_steppage8/human3_steppage8_SkeletonData6.csv,steppage,steppage,3.553743134202395e-05,3.269409329855093e-10,0.43342097935441815,0.566444811684542,1.090847298675593e-08,9.866029428394596e-05
3,human3_stiff_legged11/human3_stiff_legged11_SkeletonData1.csv,stiff_legged,stiff_legged,0.04329421919236296,0.0011359751577690157,0.0010288987583489972,1.2769473855773926e-06,0.9509575254827619,0.0035821044613714844
3,human3_stiff_legged11/human3_stiff_legged11_SkeletonData2.csv,stiff_legged,stiff_legged,0.4496033643387523,6.565298474450229e-05,2.6313068116487508e-05,5.361351274443512e-07,0.5500237498325425,0.00028038364071664466
3,human3_stiff_legged11/human3_stiff_legged11_SkeletonData3.csv,stiff_legged,stiff_legged,0.080096820868584,0.01434329265945915,0.025234065894112895,0.00409733779367135,0.8343173601770332,0.04191112260713938
3,human3_stiff_legged11/human3_stiff_legged11_SkeletonData5.csv,stiff_legged,stiff_legged,0.3324180542253139,0.0009328807036913811,0.0006537760977521556,2.956281131028296e-05,0.6617686288102715,0.004197097351660782
3,human3_stiff_legged11/human3_stiff_legged11_SkeletonData6.csv,stiff_legged,stiff_legged,0.08316842745222723,0.003914703051551688,1.065604746311843e-06,6.269051898321266e-08,0.9117218048997736,0.0011939363011821715
3,human3_stiff_legged13/human3_stiff_legged13_SkeletonData1.csv,stiff_legged,stiff_legged,0.14648815044290606,0.00031995496071168865,0.0001670972548699609,1.633553742472392e-06,0.850387332580916,0.0026358312068537454
3,human3_stiff_legged13/human3_stiff_legged13_SkeletonData2.csv,stiff_legged,stiff_legged,0.17830325984628076,0.00025795598391594685,5.207008754745481e-06,1.1769814634911265e-07,0.8205306637668665,0.0009027956960358227
3,human3_stiff_legged13/human3_stiff_legged13_SkeletonData3.csv,stiff_legged,stiff_legged,0.0213768185227269,0.03931115426786462,0.006478594273938177,3.708124862555779e-05,0.5020993445289986,0.4306970071578461
3,human3_stiff_legged13/human3_stiff_legged13_SkeletonData4.csv,stiff_legged,stiff_legged,0.014227622630341965,0.0063300477286923566,0.0003859649738133993,2.915589750387548e-07,0.9632264385511364,0.015829634557040975
3,human3_stiff_legged13/human3_stiff_legged13_SkeletonData5.csv,stiff_legged,stiff_legged,0.08873985076714028,0.003004452101770293,0.08922109677056039,9.339258925735667e-05,0.7994444594678941,0.019496748303377602
3,human3_stiff_legged13/human3_stiff_legged13_SkeletonData6.csv,stiff_legged,stiff_legged,0.010772329619659148,0.1072869440715975,0.0002968031095457345,5.008856010638353e-07,0.6419675492666811,0.2396758730469155
3,human3_stiff_legged17/human3_stiff_legged17_SkeletonData1.csv,stiff_legged,stiff_legged,0.051105799310734716,0.0261079040392198,0.11228460787697525,9.486236002272606e-05,0.5689930771368384,0.2414137492762091
3,human3_stiff_legged17/human3_stiff_legged17_SkeletonData2.csv,stiff_legged,stiff_legged,0.13515715873746456,0.0035292668865187734,0.000117871190295674,3.1353955752169825e-07,0.8480415883153163,0.013153801330847145
3,human3_stiff_legged17/human3_stiff_legged17_SkeletonData3.csv,stiff_legged,stiff_legged,0.07283786125209818,0.018195602535511404,0.05606585736126408,0.011153665431970343,0.6653629081058816,0.17638410531327442
3,human3_stiff_legged17/human3_stiff_legged17_SkeletonData4.csv,stiff_legged,stiff_legged,0.024723102915119408,0.0014428695324280624,8.16015296525609e-05,4.404073193903465e-08,0.9677519963571689,0.006000385624899189
3,human3_stiff_legged17/human3_stiff_legged17_SkeletonData5.csv,stiff_legged,stiff_legged,0.19431870704721785,3.839780206389452e-05,0.0001310981545529789,1.776472136924198e-06,0.8047059251877101,0.0008040953363183606
3,human3_stiff_legged17/human3_stiff_legged17_SkeletonData6.csv,stiff_legged,stiff_legged,0.049229234740466664,0.00029606466690676036,9.99091485318075e-07,1.9789616063219714e-08,0.9500193705560454,0.0004543111554796745
3,human3_stiff_legged5/human3_stiff_legged5_SkeletonData1.csv,stiff_legged,stiff_legged,0.028519939013471787,0.28029862901479613,0.10363348606185162,0.0002723634024853011,0.4264216195790073,0.16085396292838797
3,human3_stiff_legged5/human3_stiff_legged5_SkeletonData2.csv,stiff_legged,stiff_legged,0.05003909458672729,0.18693739691643665,0.0009926461853402054,7.115224721707378e-06,0.7042002539513296,0.05782349313544452
3,human3_stiff_legged5/human3_stiff_legged5_SkeletonData3.csv,stiff_legged,normal,0.010606398777021108,0.05699630143261307,0.7731076577547668,0.038134430095235504,0.08053269899276191,0.040622512947601726
3,human3_stiff_legged5/human3_stiff_legged5_SkeletonData5.csv,stiff_legged,steppage,0.00025725339388204063,0.0022780004977752144,0.27565741464782634,0.7186641342092627,0.00047243085066135736,0.0026707664005924487
3,human3_stiff_legged5/human3_stiff_legged5_SkeletonData6.csv,stiff_legged,stiff_legged,0.011101732406925868,0.34596636767628774,0.002346390183077888,6.409620612512862e-07,0.4167217130031599,0.22386315576848742
3,human3_stiff_legged6/human3_stiff_legged6_SkeletonData1.csv,stiff_legged,normal,0.04359842139383405,0.005255707787542128,0.5840674438409286,8.395418027118602e-05,0.2485979295281929,0.11839654326923113
3,human3_stiff_legged6/human3_stiff_legged6_SkeletonData2.csv,stiff_legged,stiff_legged,0.12838845298152393,0.007210494776224482,0.0001152837357223588,4.1541834816822597e-07,0.8281457782387212,0.03613957484945988
3,human3_stiff_legged6/human3_stiff_legged6_SkeletonData3.csv,stiff_legged,trendelenburg,0.036232968785856974,0.06789793339056949,0.12862532296841184,0.2537377320519412,0.06206246239467688,0.4514435804085435
3,human3_stiff_legged6/human3_stiff_legged6_SkeletonData5.csv,stiff_legged,stiff_legged,0.02814501619826006,0.01840289349055218,0.008234531873394103,3.946171747395063e-05,0.6137035348936242,0.3314745618266955
3,human3_stiff_legged6/human3_stiff_legged6_SkeletonData6.csv,stiff_legged,stiff_legged,0.01861691304186874,0.017898228563531602,0.00034732644079013076,2.426140640065542e-07,0.9520252604549722,0.01111202888477337
3,human3_stiff_legged7/human3_stiff_legged7_SkeletonData1.csv,stiff_legged,trendelenburg,0.0013938101149387728,0.013989455757187163,0.0033823096451459857,2.750371832605913e-06,0.020655509141106976,0.9605761649697884
3,human3_stiff_legged7/human3_stiff_legged7_SkeletonData2.csv,stiff_legged,stiff_legged,0.05992014536349032,0.010989273129851984,2.948897424907492e-05,5.690031527805563e-07,0.7835941423421526,0.14546638118710326
3,human3_stiff_legged7/human3_stiff_legged7_SkeletonData3.csv,stiff_legged,stiff_legged,0.06274243434846005,0.07748624319594279,0.09980595938373645,0.004913010238107389,0.5783123982642635,0.17673995456948968
3,human3_stiff_legged7/human3_stiff_legged7_SkeletonData5.csv,stiff_legged,stiff_legged,0.31573611308227595,0.0027349477223633134,0.02979203899963949,9.736700476081333e-05,0.5979048519705038,0.05373468122045667
3,human3_stiff_legged7/human3_stiff_legged7_SkeletonData6.csv,stiff_legged,stiff_legged,0.03283873836615769,0.05005299781282945,0.00014091104458341925,1.0131872112601218e-07,0.869518746762994,0.04744850469471439
3,human3_stiff_legged8/human3_stiff_legged8_SkeletonData1.csv,stiff_legged,stiff_legged,0.10753656650416606,0.0032814601852173995,0.0021432139168883176,1.1551467331027492e-05,0.8767675429580415,0.010259664968355803
3,human3_stiff_legged8/human3_stiff_legged8_SkeletonData2.csv,stiff_legged,stiff_legged,0.06646998003587337,0.004302339020022071,8.204926373507433e-06,2.1745084800481875e-07,0.8980508965591179,0.031168362007765245
3,human3_stiff_legged8/human3_stiff_legged8_SkeletonData3.csv,stiff_legged,steppage,0.006668576619128641,0.002151243481366856,0.03152179308655535,0.9388963985389296,0.013842965189931068,0.006919023084088441
3,human3_stiff_legged8/human3_stiff_legged8_SkeletonData4.csv,stiff_legged,stiff_legged,0.008040352137595142,0.07992304571728194,0.006078481880485191,3.895566272172133e-06,0.8690253408850135,0.03692888381335195
3,human3_stiff_legged8/human3_stiff_legged8_SkeletonData5.csv,stiff_legged,stiff_legged,0.17302580762375216,0.005570751502294429,0.00014042064785898525,5.89927120710646e-06,0.7959417474683813,0.02531537348650612
3,human3_stiff_legged8/human3_stiff_legged8_SkeletonData6.csv,stiff_legged,stiff_legged,0.049561230865040176,0.035863521770952436,4.894254071821588e-06,2.488646422383187e-07,0.9044213018223904,0.01014880242290281
3,human3_stiff_legged9/human3_stiff_legged9_SkeletonData1.csv,stiff_legged,stiff_legged,0.12244176994429726,0.01937186701952673,0.01553930462247966,0.001364169200729133,0.8078388257482012,0.03344406346476602
3,human3_stiff_legged9/human3_stiff_legged9_SkeletonData2.csv,stiff_legged,stiff_legged,0.04795324022373356,0.010502916231015612,7.049939760612801e-05,4.966992389412668e-07,0.9189457801410877,0.022527067307318047
3,human3_stiff_legged9/human3_stiff_legged9_SkeletonData3.csv,stiff_legged,stiff_legged,0.06637562450579193,0.019640555557763534,0.003021385495860563,2.1825221868511073e-05,0.7886945258268616,0.12224608339185379
3,human3_stiff_legged9/human3_stiff_legged9_SkeletonData4.csv,stiff_legged,stiff_legged,0.012740773558769543,0.007477120861579566,0.00011218068060607974,2.1458921009943946e-07,0.9776473112424179,0.0020223990674167074
3,human3_stiff_legged9/human3_stiff_legged9_SkeletonData5.csv,stiff_legged,antalgic,0.46399678733100497,0.005823770648291364,0.020776352961750982,0.16854464773169736,0.291719673023062,0.04913876830419329
3,human3_stiff_legged9/human3_stiff_legged9_SkeletonData6.csv,stiff_legged,stiff_legged,0.07291129882460559,0.0025257124592043714,6.3278266403897765e-06,2.0261914487717905e-07,0.9238060782817673,0.0007503799886373923
3,human3_trendelenburg15/human3_trendelenburg15_SkeletonData1.csv,trendelenburg,normal,0.00014144045945489863,2.2932233628346942e-07,0.7819899738351772,0.009840291749348761,8.109017392451978e-07,0.20802725373194356
3,human3_trendelenburg15/human3_trendelenburg15_SkeletonData2.csv,trendelenburg,trendelenburg,0.0001463801036761706,2.2774629926338994e-06,0.15867726078419242,0.020018050392037003,2.257652588024973e-06,0.8211537736045138
3,human3_trendelenburg15/human3_trendelenburg15_SkeletonData3.csv,trendelenburg,trendelenburg,0.05032875679482308,0.00013999873481185108,0.22728233725132935,0.129868907284405,0.0024309410226692803,0.5899490589119614
3,human3_trendelenburg15/human3_trendelenburg15_SkeletonData5.csv,trendelenburg,trendelenburg,0.014450961813136114,3.366802995013194e-05,0.054840552047003395,0.006295640318101863,0.00035660700280724076,0.9240225707890012
3,human3_trendelenburg15/human3_trendelenburg15_SkeletonData6.csv,trendelenburg,trendelenburg,0.0012771954238460195,2.7652059897178575e-05,0.071980031691751,0.0036476808730942414,2.5677852829924937e-05,0.9230417620985816
3,human3_trendelenburg18/human3_trendelenburg18_SkeletonData1.csv,trendelenburg,trendelenburg,0.02844465735616594,0.004788692483284741,0.0010160996939622897,6.382231639064656e-06,0.04149109393874595,0.924253074296202
3,human3_trendelenburg18/human3_trendelenburg18_SkeletonData2.csv,trendelenburg,trendelenburg,0.0026248595861789598,0.0003175487381480999,0.4499453733400744,0.028039932357917376,7.19647586803451e-05,0.5190003212190009
3,human3_trendelenburg18/human3_trendelenburg18_SkeletonData4.csv,trendelenburg,trendelenburg,0.0025699062537544322,0.00019892105673111708,0.06393899024291094,0.40542501192999025,2.29526642761324e-05,0.5278442178523371
3,human3_trendelenburg18/human3_trendelenburg18_SkeletonData5.csv,trendelenburg,normal,0.0038294669052571914,3.781519807202675e-05,0.6503116248488483,0.06335482603210378,0.0003452792677491681,0.28212098774796945
3,human3_trendelenburg19/human3_trendelenburg19_SkeletonData1.csv,trendelenburg,trendelenburg,0.06967439855890306,0.002057691052013633,0.016385877868445517,0.0028717507466149692,0.030004862238719916,0.879005419535303
3,human3_trendelenburg19/human3_trendelenburg19_SkeletonData2.csv,trendelenburg,steppage,0.020115831001789132,6.7730675762852186e-06,0.06870718022349552,0.7009564404957924,1.1630832715258371e-05,0.2102021443786314
3,human3_trendelenburg19/human3_trendelenburg19_SkeletonData3.csv,trendelenburg,normal,0.00020069555906542888,1.0322821695055077e-05,0.9202208347336854,0.009655397080872326,4.296208681385901e-05,0.06986978771786787
3,human3_trendelenburg19/human3_trendelenburg19_SkeletonData4.csv,trendelenburg,trendelenburg,0.012631808586584676,2.285906785879241e-05,0.18653732983877447,0.30021067172498017,2.552021080971104e-05,0.5005718105709921
3,human3_trendelenburg19/human3_trendelenburg19_SkeletonData5.csv,trendelenburg,normal,0.0033472096657713645,1.661453463638142e-06,0.7040468780701383,0.1311207066228773,5.08056488017327e-05,0.16143273853894763
3,human3_trendelenburg19/human3_trendelenburg19_SkeletonData6.csv,trendelenburg,normal,0.0009953404266104728,2.09524711824842e-08,0.978192002319168,0.01632281184396157,1.6509231341505737e-06,0.004488173534654483
3,human3_trendelenburg3/human3_trendelenburg3_SkeletonData2.csv,trendelenburg,trendelenburg,0.001690820056882719,0.002194033324450246,0.0015189689839095841,0.0038032691074326966,0.0003762345988438135,0.9904166739284809
3,human3_trendelenburg3/human3_trendelenburg3_SkeletonData3.csv,trendelenburg,trendelenburg,0.021712402547699117,0.006391502637750525,0.07777247824169634,0.08448770115874554,0.02290498743650084,0.7867309279776077
3,human3_trendelenburg3/human3_trendelenburg3_SkeletonData4.csv,trendelenburg,steppage,0.028799064142214094,0.0031292926444937796,0.03867796322089224,0.49593933558443587,0.004310215065948267,0.42914412934201573
3,human3_trendelenburg3/human3_trendelenburg3_SkeletonData5.csv,trendelenburg,trendelenburg,0.05785821333184131,8.832864704999946e-05,0.30174964281521466,0.26702719225340876,0.0021875133106958274,0.3710891096417895
3,human3_trendelenburg3/human3_trendelenburg3_SkeletonData6.csv,trendelenburg,trendelenburg,0.022295117807995656,0.0006960309784592203,0.29093213277315383,0.21788105209147413,0.0009010604412875577,0.4672946059076298
3,human3_trendelenburg6/human3_trendelenburg6_SkeletonData2.csv,trendelenburg,trendelenburg,0.018654124055058605,0.00022934005213823809,0.08169330127304089,0.11763094072602327,0.00033486935114923746,0.7814574245425898
3,human3_trendelenburg6/human3_trendelenburg6_SkeletonData3.csv,trendelenburg,trendelenburg,0.0007020359488739416,0.001380166678210038,0.0020155794020583657,0.004332894155067453,0.0008413189193019989,0.9907280048964882
3,human3_trendelenburg6/human3_trendelenburg6_SkeletonData4.csv,trendelenburg,normal,0.0067996539315547345,2.4063118705695e-06,0.8563976077067978,0.08784581366648297,6.285405661674453e-05,0.04889166432667733
3,human3_trendelenburg6/human3_trendelenburg6_SkeletonData5.csv,trendelenburg,normal,0.03322496754957571,1.4660136317480107e-07,0.6763598350606815,0.23927714276054657,7.262227587814505e-05,0.05106528575195482
3,human3_trendelenburg6/human3_trendelenburg6_SkeletonData6.csv,trendelenburg,normal,0.09286855729052063,1.1654420665787747e-06,0.41350845899346544,0.29835417575821704,0.00011412765469891005,0.19515351486103139
3,human3_trendelenburg7/human3_trendelenburg7_SkeletonData1.csv,trendelenburg,trendelenburg,0.0056614926751348315,0.0010083378696049698,0.055418691637226423,0.004521489295613655,0.00451668729454528,0.9288733012278748
3,human3_trendelenburg7/human3_trendelenburg7_SkeletonData2.csv,trendelenburg,trendelenburg,0.14232814182859008,0.00047561647081428355,0.16190794475412867,0.1852523172381359,0.003557887043639823,0.5064780926646912
3,human3_trendelenburg7/human3_trendelenburg7_SkeletonData3.csv,trendelenburg,trendelenburg,0.005996749711066658,0.0002096386992604568,0.33476159266254407,0.013330594957813956,0.002754936707735291,0.6429464872615797
3,human3_trendelenburg7/human3_trendelenburg7_SkeletonData5.csv,trendelenburg,normal,0.18629737379570827,5.933577573092636e-05,0.3801424627248082,0.10255053033625212,0.008503768371924974,0.32244652899557547
3,human3_trendelenburg7/human3_trendelenburg7_SkeletonData6.csv,trendelenburg,antalgic,0.47425075716246146,0.00012509901212393187,0.04520485444948463,0.130765630890208,0.007127088170496362,0.3425265703152256
3,human3_trendelenburg8/human3_trendelenburg8_SkeletonData1.csv,trendelenburg,trendelenburg,0.02614249893380597,5.255091002700998e-05,0.11031905569390302,0.06847719770724892,0.00048731469996337776,0.7945213820550517
3,human3_trendelenburg8/human3_trendelenburg8_SkeletonData2.csv,trendelenburg,trendelenburg,0.04294297183660038,0.0006402631486620359,0.03642126549080001,0.005072834577676415,0.0020120315696871924,0.9129106333765739
3,human3_trendelenburg8/human3_trendelenburg8_SkeletonData3.csv,trendelenburg,trendelenburg,0.003283809916694145,0.0005252427432278348,0.43383692782398114,0.028986037662907117,0.00040850799277334434,0.5329594738604163
3,human3_trendelenburg8/human3_trendelenburg8_SkeletonData5.csv,trendelenburg,normal,0.0299018460367074,3.272286284321954e-06,0.5467346978053261,0.12901624640272152,0.00013539144475329713,0.2942085460242074
3,human3_trendelenburg8/human3_trendelenburg8_SkeletonData6.csv,trendelenburg,steppage,0.12764932673786414,2.4258193238647262e-05,0.11989336857351708,0.549131515101241,0.0005293093686642378,0.20277222202547487
3,human3_trendelenburg9/human3_trendelenburg9_SkeletonData1.csv,trendelenburg,trendelenburg,0.01507065898330942,0.0017657377167404995,0.012291297528077262,0.014374014535234838,0.0045243719400915716,0.9519739192965464
3,human3_trendelenburg9/human3_trendelenburg9_SkeletonData2.csv,trendelenburg,antalgic,0.5585281272969113,0.00010580937185454553,0.06850336190419276,0.06879575143853002,0.007503769307474747,0.2965631806810367
3,human3_trendelenburg9/human3_trendelenburg9_SkeletonData3.csv,trendelenburg,trendelenburg,0.01589377524515513,0.0013356388512244495,0.43736281430083007,0.011526884727858781,0.004542235080357329,0.5293386517945742
3,human3_trendelenburg9/human3_trendelenburg9_SkeletonData4.csv,trendelenburg,normal,0.07000201034074463,1.702124496405647e-05,0.7327736401447196,0.03010992138508537,0.00043624429158136015,0.16666116259290492
3,human3_trendelenburg9/human3_trendelenburg9_SkeletonData5.csv,trendelenburg,trendelenburg,0.03855378959114082,1.2183322732476518e-05,0.06579950437888561,0.033552467491098914,0.0003987300502104304,0.8616833251659318
3,human3_trendelenburg9/human3_trendelenburg9_SkeletonData6.csv,trendelenburg,trendelenburg,0.20538618132405653,0.00013901457309538977,0.093615602827754,0.11022720141244,0.0009590043662008201,0.5896729954964532
4,human4_antalgic10/human4_antalgic10_SkeletonData1.csv,antalgic,stiff_legged,0.01016776518331133,0.0003240798005170587,0.005044872289650563,2.5999982223461795e-05,0.8838838453827733,0.10055343736152418
4,human4_antalgic10/human4_antalgic10_SkeletonData2.csv,antalgic,antalgic,0.8071166706996692,4.209567699207771e-06,0.0001177920454410339,6.600229640198102e-08,0.18892934905851694,0.003831912626377102
4,human4_antalgic10/human4_antalgic10_SkeletonData3.csv,antalgic,stiff_legged,0.04404615188119676,0.0005173253729279394,0.2698003762404182,0.00313124722025541,0.4597898144406701,0.22271508484453173
4,human4_antalgic10/human4_antalgic10_SkeletonData4.csv,antalgic,stiff_legged,0.04175020443420102,0.00034547088318016416,3.898608770850495e-05,1.8307591743622152e-08,0.9544493847568711,0.003415935530447292
4,human4_antalgic10/human4_antalgic10_SkeletonData5.csv,antalgic,stiff_legged,0.2880985919793039,0.00016914787195474517,0.041901550060024294,0.0001741971942719024,0.5657157056511822,0.10394080724326293
4,human4_antalgic10/human4_antalgic10_SkeletonData6.csv,antalgic,stiff_legged,0.3988567670326533,0.00010754348792690452,0.00033253341761920146,1.1130101012433192e-07,0.5960534473735171,0.004649597387273365
4,human4_antalgic12/human4_antalgic12_SkeletonData1.csv,antalgic,stiff_legged,0.1167840662315113,9.508773395722432e-05,0.0028231026309812387,0.00014872402803236916,0.652731267284474,0.22741775209104398
4,human4_antalgic12/human4_antalgic12_SkeletonData2.csv,antalgic,stiff_legged,0.36624313752392196,4.3835068103251984e-05,0.0002940533685376672,6.985709723096503e-07,0.6270533864038225,0.006364889064642492
4,human4_antalgic12/human4_antalgic12_SkeletonData3.csv,antalgic,trendelenburg,0.03362709275152378,0.0013157244992329099,0.04118011617112049,0.001382888545927845,0.41082255926181727,0.5116716187703777
4,human4_antalgic12/human4_antalgic12_SkeletonData4.csv,antalgic,stiff_legged,0.0399556359695272,0.0010813544415321482,7.776702406876035e-05,7.576011245768658e-08,0.9513558289833005,0.007529337821458808
4,human4_antalgic12/human4_antalgic12_SkeletonData5.csv,antalgic,stiff_legged,0.24768695256993808,0.0005017310470283182,0.05420973721985312,0.000612036645231731,0.5247038784809424,0.17228566403700638
4,human4_antalgic12/human4_antalgic12_SkeletonData6.csv,antalgic,stiff_legged,0.3584112342273262,0.00030213888798185854,0.0010644636875312837,9.52322342703082e-07,0.6156399742451307,0.024581236629687222
4,human4_antalgic2/human4_antalgic2_SkeletonData1.csv,antalgic,stiff_legged,0.0793398302878909,0.00014397571585795957,0.038615771151767245,0.0003200291271904194,0.8172691907374485,0.06431120297984508
4,human4_antalgic2/human4_antalgic2_SkeletonData2.csv,antalgic,antalgic,0.6602439769492123,8.057970373408077e-06,5.115059919354145e-05,9.432170029116867e-08,0.33825087630070344,0.0014458438588168742
4,human4_antalgic2/human4_antalgic2_SkeletonData3.csv,antalgic,stiff_legged,0.013326010523795699,0.0003419024110806238,0.025978190383071934,1.6139118551757687e-05,0.9064052384108907,0.05393251915260932
4,human4_antalgic2/human4_antalgic2_SkeletonData4.csv,antalgic,stiff_legged,0.271974915704957,0.00018652909959814595,0.0002337692707887473,4.619766510259609e-08,0.7221293827909127,0.00547535693607836
4,human4_antalgic2/human4_antalgic2_SkeletonData5.csv,antalgic,antalgic,0.49004852352741635,0.00019702058076718454,0.11480259514593491,0.008398182123012623,0.30002098488321455,0.08653269373965441
4,human4_antalgic2/human4_antalgic2_SkeletonData6.csv,antalgic,stiff_legged,0.2565315640324561,5.052290516270298e-05,5.729821450908496e-05,3.885457515864993e-08,0.7426026834782308,0.0007578925150661972
4,human4_antalgic4/human4_antalgic4_SkeletonData1.csv,antalgic,trendelenburg,0.1897656264971305,0.00016799934147478538,0.057248990076001954,0.003530833834070309,0.3332253567191414,0.416061193532181
4,human4_antalgic4/human4_antalgic4_SkeletonData2.csv,antalgic,stiff_legged,0.28823761000533177,6.976061122987712e-05,0.0008083371458698824,1.0260784603454391e-06,0.70114903305121,0.009734233107897972
4,human4_antalgic4/human4_antalgic4_SkeletonData3.csv,antalgic,stiff_legged,0.029131389285265798,0.0006234971753824707,0.28548740754979385,0.0020852957612969166,0.5577169440056405,0.12495546622262045
4,human4_antalgic4/human4_antalgic4_SkeletonData4.csv,antalgic,stiff_legged,0.05189678175293579,0.00021322078416312104,0.00021160335721595515,2.3038777753251942e-07,0.945285367752986,0.0023927959649216284
4,human4_antalgic4/human4_antalgic4_SkeletonData5.csv,antalgic,normal,0.19655412019283655,0.00011704061622748305,0.3793154947769121,0.001142938960368035,0.3159216080971459,0.10694879735650986
4,human4_antalgic4/human4_antalgic4_SkeletonData6.csv,antalgic,stiff_legged,0.24620543229563369,0.00014532591969520988,0.0019484861256605117,1.1325457402232352e-06,0.7387986534121088,0.012900969701161422
4,human4_antalgic5/human4_antalgic5_SkeletonData1.csv,antalgic,stiff_legged,0.04372102234778441,0.00018841460669893325,0.2678181083400663,0.0036976812717808734,0.544616188419163,0.13995858501450653
4,human4_antalgic5/human4_antalgic5_SkeletonData3.csv,antalgic,stiff_legged,0.07934289870870909,0.00035227866807244413,0.0885487105300614,0.0006776968154752461,0.7452938115569847,0.08578460372069717
4,human4_antalgic5/human4_antalgic5_SkeletonData4.csv,antalgic,stiff_legged,0.16271710384979227,5.9659154987700814e-05,4.1058062569187636e-05,1.7002075603499057e-08,0.8356456534471954,0.0015365084833798561
4,human4_antalgic5/human4_antalgic5_SkeletonData5.csv,antalgic,stiff_legged,0.2888138837399243,0.000204478041966355,0.001486652563160021,1.2524188891809055e-05,0.5440145224547214,0.16546793901133625
4,human4_antalgic5/human4_antalgic5_SkeletonData6.csv,antalgic,antalgic,0.7998133444837284,1.7642790899550815e-05,0.00037253745100743934,1.2567992989079992e-08,0.19653200465210277,0.00326445805426879
4,human4_antalgic6/human4_antalgic6_SkeletonData1.csv,antalgic,trendelenburg,0.08463507318409348,0.0002215914136829973,0.01504822416652095,0.0004898998667169077,0.35529959472000777,0.5443056166489779
4,human4_antalgic6/human4_antalgic6_SkeletonData2.csv,antalgic,antalgic,0.6147579906888575,3.1221132268766704e-05,0.0010514288886246685,1.2250706184769431e-06,0.3767161483251045,0.007441985894526073
4,human4_antalgic6/human4_antalgic6_SkeletonData3.csv,antalgic,normal,0.014043753094620198,0.0015591562011239251,0.5079296873982146,0.0032484446841365834,0.30724967378692014,0.16596928483498455
4,human4_antalgic6/human4_antalgic6_SkeletonData4.csv,antalgic,stiff_legged,0.06522924051991368,0.0013280557064422756,0.0014147454773095491,1.3583187647973907e-06,0.9172562288303765,0.01477037114719334
4,human4_antalgic6/human4_antalgic6_SkeletonData5.csv,antalgic,stiff_legged,0.11699153404556986,0.0008576222521810991,0.12601315910848532,0.0002986440697296066,0.5346971832565779,0.22114185726745633
4,human4_antalgic6/human4_antalgic6_SkeletonData6.csv,antalgic,stiff_legged,0.2702368709217085,0.000874899884811543,0.01273466943429586,2.362898391929292e-06,0.6856911228943557,0.03046007396643629
4,human4_antalgic7/human4_antalgic7_SkeletonData1.csv,antalgic,trendelenburg,0.06529909050323685,0.0006313554587348949,0.013830007273428016,0.0016781672358649209,0.3739616991308866,0.5445996803978488
4,human4_antalgic7/human4_antalgic7_SkeletonData2.csv,antalgic,stiff_legged,0.1510065159851869,0.00011149330311270636,0.0003378678070581766,5.567835750030651e-07,0.841271388124958,0.007272177996109315
4,human4_antalgic7/human4_antalgic7_SkeletonData3.csv,antalgic,stiff_legged,0.021948742988446686,0.0019069521221440435,0.14356026267147678,0.006303070892256122,0.6097065289852507,0.2165744423404257
4,human4_antalgic7/human4_antalgic7_SkeletonData4.csv,antalgic,stiff_legged,0.06776504938280588,0.0008990246244724454,0.0003049635528726479,4.337274033625444e-07,0.9240148623457076,0.007015666366738049
4,human4_antalgic7/human4_antalgic7_SkeletonData5.csv,antalgic,stiff_legged,0.22592524755835086,0.0001151427583113253,0.23777272569628602,0.0006157266344238963,0.47252690538916237,0.06304425196346551
4,human4_antalgic7/human4_antalgic7_SkeletonData6.csv,antalgic,stiff_legged,0.4839338123363331,0.00020307343946015944,0.0010121432651233793,5.585043548539077e-06,0.5066988535878425,0.008146532327692357
4,human4_antalgic8/human4_antalgic8_SkeletonData1.csv,antalgic,stiff_legged,0.029144677871014782,0.00030329676092798234,0.008408626454566078,1.0482649019289123e-05,0.8658008062251953,0.09633211003927679
4,human4_antalgic8/human4_antalgic8_SkeletonData2.csv,antalgic,antalgic,0.613927944228349,3.161741349130507e-05,0.00023032265747232773,1.1307066473338012e-07,0.378006112598043,0.007803890031979657
4,human4_antalgic8/human4_antalgic8_SkeletonData3.csv,antalgic,stiff_legged,0.004225979685627736,0.0024697698844531137,0.04869124304437235,6.855972756431852e-05,0.9159909603606186,0.028553487297363768
4,human4_antalgic8/human4_antalgic8_SkeletonData4.csv,antalgic,stiff_legged,0.06457516013216497,0.0013803914514813,0.000170526485991439,5.8455385342925573e-08,0.922781772399095,0.011092091075882157
4,human4_antalgic8/human4_antalgic8_SkeletonData5.csv,antalgic,antalgic,0.47497421566056325,7.671220825479971e-05,0.15420146815827615,0.000405710942301456,0.3327020538636303,0.03763983916697412
4,human4_antalgic8/human4_antalgic8_SkeletonData6.csv,antalgic,antalgic,0.5492185957551158,5.653159771503901e-05,0.0004982395474829521,9.549905874735654e-08,0.4465702311317897,0.003656306468837692
4,human4_lurch1/human4_lurch1_SkeletonData1.csv,lurch,trendelenburg,0.0008624072953444165,0.4031993865857713,0.0001570596726440168,6.556122639645724e-05,0.0013043480193544526,0.5944112372004893
4,human4_lurch1/human4_lurch1_SkeletonData2.csv,lurch,lurch,0.00019510427767233343,0.7181607425488418,1.430273092826061e-06,8.830888796499422e-09,1.0139017039922452e-05,0.28163257505246436
4,human4_lurch1/human4_lurch1_SkeletonData3.csv,lurch,lurch,1.4675402871203302e-06,0.9644702505625751,2.0679851778616955e-07,6.45446280834649e-08,2.408454965427191e-05,0.03550392600433796
4,human4_lurch1/human4_lurch1_SkeletonData4.csv,lurch,lurch,4.992013145093615e-07,0.9885444553841262,2.6255111373498017e-07,5.820373557194059e-10,1.99656300253746e-07,0.011454582625107805
4,human4_lurch1/human4_lurch1_SkeletonData5.csv,lurch,lurch,3.4864075043685854e-06,0.9762114361572014,4.669426078790356e-09,2.224180013351127e-09,6.674789936750472e-06,0.023778395751751315
4,human4_lurch1/human4_lurch1_SkeletonData6.csv,lurch,lurch,0.00020153004363349724,0.9542516450380499,0.00017040579049544495,3.424203643648517e-10,2.1236582845679568e-05,0.04535518220255517
4,human4_lurch10/human4_lurch10_SkeletonData1.csv,lurch,lurch,1.2840167151923388e-05,0.9214065399446432,2.7087747390972838e-05,5.239211435416482e-06,0.0011959081203893754,0.07735238480898908
4,human4_lurch10/human4_lurch10_SkeletonData2.csv,lurch,trendelenburg,4.059404563048683e-05,0.07685119804101566,0.00016931218160685485,9.278082030221891e-10,2.2125787359457536e-06,0.9229366822252029
4,human4_lurch10/human4_lurch10_SkeletonData3.csv,lurch,lurch,3.164260507664354e-05,0.9946934311142452,8.134456213507246e-11,2.9571380352861164e-10,0.0014143343922116813,0.00386059151140829
4,human4_lurch10/human4_lurch10_SkeletonData4.csv,lurch,lurch,0.00013515202455634368,0.9746994369537978,3.405335314744276e-08,6.26122254992207e-10,1.9818367680465534e-05,0.025145557974489776
4,human4_lurch10/human4_lurch10_SkeletonData5.csv,lurch,lurch,0.0026993737426189543,0.8460285407887389,1.8235359006367528e-06,5.07251547050361e-07,0.00035935381944346927,0.15091040086175095
4,human4_lurch10/human4_lurch10_SkeletonData6.csv,lurch,lurch,0.02963851833130291,0.6103859531214694,0.0003629350738050451,2.3093266338635414e-08,0.00010311853712740283,0.3595094518430288
4,human4_lurch16/human4_lurch16_SkeletonData1.csv,lurch,lurch,2.846916648247968e-05,0.880466608017417,8.258542087359044e-05,0.00013003794888449325,0.00014127424916031317,0.11915102519718203
4,human4_lurch16/human4_lurch16_SkeletonData2.csv,lurch,trendelenburg,0.0002650588362806343,0.31873774665447907,4.2584809529668944e-05,1.1888982281629347e-08,1.0105082540981895e-05,0.6809444927281875
4,human4_lurch16/human4_lurch16_SkeletonData3.csv,lurch,lurch,3.6941039444718527e-06,0.9408290368255885,3.094952241970381e-06,3.93610186560676e-07,0.0001499001550374442,0.059013880353001195
4,human4_lurch16/human4_lurch16_SkeletonData4.csv,lurch,lurch,3.724502967938055e-05,0.9311280312343977,5.9103330344073324e-05,2.754807353377055e-07,7.151943381869879e-06,0.06876819298146171
4,human4_lurch16/human4_lurch16_SkeletonData5.csv,lurch,trendelenburg,0.02015933832662237,0.30932866399741865,0.0002889900950247941,3.502103384012981e-05,0.008185223337241549,0.6620027632098525
4,human4_lurch16/human4_lurch16_SkeletonData6.csv,lurch,trendelenburg,0.0655517806714174,0.4271666510219359,0.0002059029039580411,8.971482747035221e-08,0.0018272496420035113,0.5052483260458577
4,human4_lurch19/human4_lurch19_SkeletonData1.csv,lurch,lurch,7.394525599430895e-05,0.8058839766896907,0.00010052150001815912,4.564072455987124e-06,0.0025998014881993938,0.1913371909936414
4,human4_lurch19/human4_lurch19_SkeletonData2.csv,lurch,lurch,0.0017007872686108662,0.7400362271738276,6.689502676821409e-07,2.397629454619331e-08,0.0005220939640820004,0.2577401986669172
4,human4_lurch19/human4_lurch19_SkeletonData3.csv,lurch,lurch,1.8561776928414098e-05,0.6228761409234381,1.5915202579174612e-05,1.987508352742703e-06,0.0020506321016861818,0.37503676248701523
4,human4_lurch19/human4_lurch19_SkeletonData4.csv,lurch,lurch,0.00023426818322748902,0.9219801209763917,3.802324532329489e-06,4.5555671769052936e-08,0.0001641521607466814,0.07761761079943014
4,human4_lurch19/human4_lurch19_SkeletonData5.csv,lurch,trendelenburg,0.0037116455641679836,0.3987564196383392,4.49675635298982e-05,7.624020073838895e-07,0.004045404978422885,0.5934407998535326
4,human4_lurch19/human4_lurch19_SkeletonData6.csv,lurch,lurch,0.04690178847428207,0.5130909182264975,7.82153917244692e-05,2.378225018925928e-08,0.0011235910832550723,0.43880546304199064
4,human4_lurch2/human4_lurch2_SkeletonData1.csv,lurch,lurch,8.341780159216602e-07,0.9381672770816198,1.6343658267224375e-09,3.62385362623906e-10,9.46009704049725e-06,0.06182242664657254
4,human4_lurch2/human4_lurch2_SkeletonData2.csv,lurch,lurch,9.330029312414524e-08,0.9962814623059817,5.71282610190202e-06,3.02343031011137e-09,9.250022557599864e-08,0.003712636043967507
4,human4_lurch2/human4_lurch2_SkeletonData3.csv,lurch,lurch,1.939158905563047e-09,0.9796225835070361,1.2199891478906191e-09,1.9409931946129645e-09,1.323438149790952e-07,0.020377279049007532
4,human4_lurch2/human4_lurch2_SkeletonData4.csv,lurch,lurch,4.221400635818899e-08,0.9940495406938487,1.1207332244293322e-08,9.770038986687587e-10,1.0973939359833193e-08,0.005950393933869311
4,human4_lurch2/human4_lurch2_SkeletonData5.csv,lurch,lurch,8.407155384768272e-08,0.8773531013601586,1.4773643241038985e-10,3.3931468988542225e-10,1.1231851690539585e-07,0.12264670176271956
4,human4_lurch2/human4_lurch2_SkeletonData6.csv,lurch,lurch,3.7685006901428365e-05,0.9717537940827423,1.1737282509138863e-05,2.1153306527214447e-09,1.4150959209867197e-06,0.028195366416595594
4,human4_lurch6/human4_lurch6_SkeletonData1.csv,lurch,lurch,8.578676138268436e-07,0.9617779827491244,2.8621557792534906e-07,2.0937076231086018e-07,1.2029390017354119e-05,0.03820863440690395
4,human4_lurch6/human4_lurch6_SkeletonData2.csv,lurch,trendelenburg,9.885561657880353e-08,0.05359293583095715,0.0005920613708582401,2.0179808954907878e-08,9.240312299313498e-10,0.9458148828387279
4,human4_lurch6/human4_lurch6_SkeletonData3.csv,lurch,lurch,6.300932689431898e-10,0.9978782574525756,1.001418547044983e-09,1.644814242546828e-09,9.112344828601245e-08,0.0021216481476502205
4,human4_lurch6/human4_lurch6_SkeletonData4.csv,lurch,lurch,8.208390916122738e-09,0.883888098744054,0.04672933668824383,0.0007974317151919638,2.9853084737663884e-10,0.06858512434558822
4,human4_lurch6/human4_lurch6_SkeletonData5.csv,lurch,lurch,2.394315157377778e-05,0.856754060473721,6.828534724832099e-07,4.184646664837701e-06,6.6099860132702385e-06,0.14321051888855432
4,human4_lurch6/human4_lurch6_SkeletonData6.csv,lurch,lurch,0.00022041407481716624,0.9530795341086945,3.068217595383009e-06,1.6676622101666437e-07,5.2377317791526786e-06,0.04669157910089259
4,human4_lurch7/human4_lurch7_SkeletonData1.csv,lurch,lurch,7.485238352646533e-05,0.7972154903954386,8.498616133483404e-06,5.986885015303656e-07,0.0005511260095744036,0.20214943390682552
4,human4_lurch7/human4_lurch7_SkeletonData2.csv,lurch,lurch,0.00010426501320583068,0.9507265066586522,6.387419144262077e-08,2.3751185485998972e-08,2.1741647621883748e-06,0.04916696653800278
4,human4_lurch7/human4_lurch7_SkeletonData3.csv,lurch,lurch,2.516778397288871e-06,0.8832915599145915,7.556336464253259e-08,1.4750573994075583e-08,3.286203346762722e-05,0.1166729709596048
4,human4_lurch7/human4_lurch7_SkeletonData4.csv,lurch,lurch,0.00010377189528042185,0.9121232118539169,2.2878474720948885e-07,5.731090544481294e-10,3.531907715906066e-06,0.08776925498523047
4,human4_lurch7/human4_lurch7_SkeletonData5.csv,lurch,lurch,5.358545740443897e-07,0.9810754892297513,7.088104828945592e-08,1.0888178511100319e-07,2.0537228188194513e-06,0.018921741430022513
4,human4_lurch7/human4_lurch7_SkeletonData6.csv,lurch,lurch,4.047774818212446e-07,0.9853889114659589,5.4378626059453474e-08,2.6897624729480784e-09,7.102856836666053e-08,0.014610555659602037
4,human4_lurch8/human4_lurch8_SkeletonData1.csv,lurch,lurch,2.2797088087290867e-06,0.83287271854531,8.604304599234133e-08,3.445695436873166e-08,2.7212690340336263e-05,0.16709766855554045
4,human4_lurch8/human4_lurch8_SkeletonData2.csv,lurch,lurch,6.98578708611509e-05,0.896113434587711,1.907514257809696e-07,1.2133584839704618e-08,3.0809372634390576e-06,0.10381342371915386
4,human4_lurch8/human4_lurch8_SkeletonData3.csv,lurch,lurch,1.0910014515187862e-07,0.9532599869093334,1.466050504759292e-08,1.1358053473719318e-08,2.6048094865660623e-06,0.04673727316247634
4,human4_lurch8/human4_lurch8_SkeletonData4.csv,lurch,lurch,3.2672178970945616e-05,0.8592219595049366,1.2838619586971811e-06,1.0436218157090997e-08,1.344353811052029e-06,0.1407427296641049
4,human4_lurch8/human4_lurch8_SkeletonData5.csv,lurch,lurch,1.208803511133066e-05,0.9628742191444212,4.2964039196690935e-07,6.318627968727086e-07,3.024202276718584e-05,0.037082389294511166
4,human4_lurch8/human4_lurch8_SkeletonData6.csv,lurch,lurch,8.065311070551925e-07,0.9764979335507242,0.007735361750177138,2.6722911096459186e-06,1.5818909451454423e-06,0.01576164398593671
4,human4_normal10/human4_normal10_SkeletonData1.csv,normal,normal,0.0033140660861633916,3.513024720942788e-05,0.6822358923016402,0.2429133470113429,0.006227745500006319,0.0652738188536378
4,human4_normal10/human4_normal10_SkeletonData2.csv,normal,normal,0.004799369689884119,0.00036933580759209025,0.9621389923795636,0.003421053632100602,0.003988219547860139,0.025283028942999577
4,human4_normal10/human4_normal10_SkeletonData3.csv,normal,normal,1.5343908916238472e-05,9.79698924200323e-06,0.8555180200670995,0.13261827854776392,0.0004107271709921955,0.011427833315986156
4,human4_normal10/human4_normal10_SkeletonData4.csv,normal,normal,0.0054948685846520845,0.0008577183612607877,0.9431458076327593,0.02414204262204821,0.004606106199099365,0.021753456600180264
4,human4_normal10/human4_normal10_SkeletonData5.csv,normal,normal,0.0007302658589541147,6.004064067939653e-06,0.9486833328143985,0.032271059312382,0.0013085077655069616,0.017000830184690428
4,human4_normal10/human4_normal10_SkeletonData6.csv,normal,normal,0.00013739711544396652,7.197958877189103e-05,0.99793990169124,7.86165428976895e-05,0.0004671117926566284,0.0013049932689898774
4,human4_normal11/human4_normal11_SkeletonData1.csv,normal,normal,0.00019934264447504167,1.3079909798776746e-05,0.9550666660284004,0.03566138225087402,0.0032956251393090144,0.005763904027142942
4,human4_normal11/human4_normal11_SkeletonData2.csv,normal,normal,5.652632151473267e-05,2.7486834683121923e-05,0.9987781821533078,8.085755204731807e-05,0.0001660675885579582,0.0008908795498892302
4,human4_normal11/human4_normal11_SkeletonData3.csv,normal,normal,7.402972565206e-05,6.907308666123789e-05,0.798855690150963,0.1749543242303974,0.0015287769042614415,0.024518105902064727
4,human4_normal11/human4_normal11_SkeletonData4.csv,normal,normal,0.0006179710741331173,0.005092905246022312,0.9574428004123974,0.009672166338027904,0.014181332330149352,0.012992824599269967
4,human4_normal11/human4_normal11_SkeletonData5.csv,normal,normal,0.0003881910402377283,1.7702052665181354e-06,0.9602043121797923,0.03345152253128914,0.0011452712486588216,0.004808932794755455
4,human4_normal11/human4_normal11_SkeletonData6.csv,normal,normal,0.0006514655685200202,4.005257815818004e-05,0.9960943141341,0.00044465337407490244,0.0012456946445200587,0.0015238197006270883
4,human4_normal12/human4_normal12_SkeletonData1.csv,normal,steppage,0.011113679172279838,8.743040304706999e-07,0.11744597552676983,0.868238000616316,0.00011106672758294695,0.0030904036530208477
4,human4_normal12/human4_normal12_SkeletonData2.csv,normal,normal,0.0011854131056276056,0.0007764706358315398,0.9769550258812877,0.0025596688618307064,0.004980917440965109,0.013542504074457576
4,human4_normal12/human4_normal12_SkeletonData3.csv,normal,normal,2.7801019672566704e-05,0.0006896732853198423,0.9115449863583328,0.01264728695243291,0.016408442576694608,0.05868180980754736
4,human4_normal12/human4_normal12_SkeletonData4.csv,normal,normal,0.0008124032375269346,0.0026511177405881404,0.9628367189723486,0.01994891818226081,0.007048781718567501,0.006702060148707809
4,human4_normal12/human4_normal12_SkeletonData5.csv,normal,normal,0.0010282811455108935,9.248562590552214e-07,0.9925289110846858,0.0034675542798242244,0.0019668596996186664,0.0010074689341014113
4,human4_normal12/human4_normal12_SkeletonData6.csv,normal,normal,0.0002699202891917879,5.53575492948338e-05,0.9945709714845481,0.0002674000654392755,0.0003976978404992859,0.004438652771026977
4,human4_normal16/human4_normal16_SkeletonData1.csv,normal,steppage,0.0007846908201629964,7.262596747754289e-07,0.4511398235516404,0.5462692331708309,0.00018237929260210174,0.0016231469050889949
4,human4_normal16/human4_normal16_SkeletonData2.csv,normal,normal,0.005341283404750151,0.0036342245564347044,0.8873062229690241,0.014566148153002664,0.07982981012310554,0.009322310793682875
4,human4_normal16/human4_normal16_SkeletonData3.csv,normal,normal,3.379040333832662e-05,2.8396395013615237e-06,0.8447143455278858,0.1499632824041524,0.0001674252486696174,0.00511831677645248
4,human4_normal16/human4_normal16_SkeletonData4.csv,normal,normal,0.004845435197004424,0.0005211731856886702,0.9461997984794395,0.029169931058189873,0.010722933135027063,0.00854072894465035
4,human4_normal16/human4_normal16_SkeletonData5.csv,normal,normal,0.008451295028225357,4.417490873289666e-06,0.8912815101899774,0.03442961900610885,0.005653339721288881,0.06017981856352606
4,human4_normal16/human4_normal16_SkeletonData6.csv,normal,normal,0.0033161435403766,3.727732024891726e-05,0.9903364328812162,0.0011524121857017025,0.002532587364095238,0.002625146708361346
4,human4_normal17/human4_normal17_SkeletonData1.csv,normal,normal,0.001237294081297937,0.0002743697228862777,0.7568004802160007,0.0015844995518870789,0.09661894921197048,0.14348440721595757
4,human4_normal17/human4_normal17_SkeletonData2.csv,normal,normal,0.009709375997538993,0.0003824112561447613,0.9633095699291,0.0014029893559031534,0.007995971743549492,0.01719968171776359
4,human4_normal17/human4_normal17_SkeletonData4.csv,normal,normal,0.0001835668724123789,0.00037515036523275337,0.9946733605556264,0.00035158237164280125,0.0009323352570062592,0.00348400457807928
4,human4_normal17/human4_normal17_SkeletonData5.csv,normal,normal,0.0015652350848096423,4.173332770479348e-06,0.9529319927571166,0.02330177401338184,0.002590170221615798,0.019606654590305413
4,human4_normal17/human4_normal17_SkeletonData6.csv,normal,normal,0.002306680942539837,0.0001478103070069866,0.9862566131464404,0.007832262636196711,0.002644509207367431,0.0008121237604485185
4,human4_normal19/human4_normal19_SkeletonData1.csv,normal,steppage,0.0005277024613415289,6.033619490535981e-06,0.41665994655713146,0.573737354331903,0.0006478567365808837,0.00842110629355275
4,human4_normal19/human4_normal19_SkeletonData2.csv,normal,normal,0.0010439309662999391,0.0010712585509612244,0.9629690776636827,0.011346768036042157,0.01473653673811161,0.008832428044902437
4,human4_normal19/human4_normal19_SkeletonData3.csv,normal,normal,0.00022859938858096985,0.00011148036233378422,0.9505120683093334,0.0018870729873696986,0.021763241530506506,0.025497537421875386
4,human4_normal19/human4_normal19_SkeletonData4.csv,normal,normal,0.000516484956706751,0.0006150971153059682,0.9873653402338085,0.0069255549395156255,0.003002680902054566,0.0015748418526086213
4,human4_normal19/human4_normal19_SkeletonData5.csv,normal,normal,0.0005057157403609865,3.308907687075968e-06,0.9800126615970436,0.007921596698338088,0.0010850843513413055,0.010471632705228998
4,human4_normal19/human4_normal19_SkeletonData6.csv,normal,normal,0.0006266145948307283,2.613160258624089e-05,0.9972033270754564,0.00011932670693533068,0.0005597755375567115,0.0014648244826346297
4,human4_normal6/human4_normal6_SkeletonData1.csv,normal,steppage,2.0554352944142545e-08,2.2681053843385848e-07,0.020901745850494827,0.9788911487030117,8.553627524220329e-08,0.00020677254532662913
4,human4_normal6/human4_normal6_SkeletonData2.csv,normal,normal,0.012916713539272779,0.013149585979610624,0.8023394560771009,0.00904674420067729,0.13026151311714632,0.03228598708619212
4,human4_normal6/human4_normal6_SkeletonData3.csv,normal,normal,1.994006022602198e-05,1.2082153598522577e-05,0.8854233008685437,0.10931807490088533,0.0009070102267947411,0.004319591789951482
4,human4_normal6/human4_normal6_SkeletonData4.csv,normal,normal,0.0019289359668157218,0.0004110672951461955,0.9497735299019708,0.03834012532285316,0.0025454243978228538,0.007000917115391353
4,human4_normal6/human4_normal6_SkeletonData5.csv,normal,normal,0.0017500885088372132,5.5063321230907035e-06,0.9690859298027223,0.010767178193216409,0.005406978268753745,0.012984318894347268
4,human4_normal6/human4_normal6_SkeletonData6.csv,normal,normal,0.00031862228355082807,4.2577585369933274e-05,0.9969699866858949,0.0007338752012963925,0.0008698885358221338,0.0010650497080659392
4,human4_normal9/human4_normal9_SkeletonData1.csv,normal,normal,0.00026662271767462887,0.0001466973766080917,0.9299672666310367,0.00040271292606646483,0.04990145106333414,0.01931524928527984
4,human4_normal9/human4_normal9_SkeletonData2.csv,normal,normal,0.020338595859428196,0.000943657766236922,0.947521066120634,0.002533072512037948,0.01574719825415769,0.01291640948750538
4,human4_normal9/human4_normal9_SkeletonData3.csv,normal,normal,8.061339777524792e-05,8.238037219305117e-05,0.9442974542767183,0.03369727320821281,0.004285858953321283,0.01755641979177956
4,human4_normal9/human4_normal9_SkeletonData4.csv,normal,normal,0.00020357159525425113,0.0009751573619106152,0.9899129743208941,0.00017664739789069968,0.004537665636174813,0.004193983687875721
4,human4_normal9/human4_normal9_SkeletonData5.csv,normal,normal,0.0007235293989812083,4.425808909528319e-05,0.7214500667685831,0.05960839865506088,0.0035159927553968153,0.21465775433288276
4,human4_normal9/human4_normal9_SkeletonData6.csv,normal,normal,0.008665309880944709,0.00014527096207699242,0.973603608386121,0.0017379110568432393,0.01354860263836603,0.0022992970756481696
4,human4_steppage12/human4_steppage12_SkeletonData1.csv,steppage,steppage,1.991031173575674e-05,0.0014252280172470503,0.05888927439614879,0.9273935874903754,0.0011323565440444548,0.011139643240448704
4,human4_steppage12/human4_steppage12_SkeletonData2.csv,steppage,steppage,1.6324335996219523e-05,0.00016869491317287913,0.11991971402267117,0.878014441865198,2.943804037485423e-06,0.001877881058924306
4,human4_steppage12/human4_steppage12_SkeletonData3.csv,steppage,steppage,8.88404224543636e-05,0.0001830231438697664,0.018345699682235397,0.968161644135741,0.00013957492400618393,0.013081217691693067
4,human4_steppage12/human4_steppage12_SkeletonData4.csv,steppage,steppage,6.806299890721595e-05,0.00030854526884387616,0.08016184829439872,0.9181582889893146,1.0116431129550062e-05,0.0012931380174060483
4,human4_steppage12/human4_steppage12_SkeletonData5.csv,steppage,steppage,6.7989500982151325e-06,4.648935241091812e-08,0.0009115334288978269,0.9990646996636401,1.4369511929050774e-07,1.6777772892021524e-05
4,human4_steppage12/human4_steppage12_SkeletonData6.csv,steppage,steppage,5.9383605172712365e-06,9.565143889852511e-07,0.003965522483768195,0.9960035004981298,4.364493909767194e-08,2.4038498256594518e-05
4,human4_steppage13/human4_steppage13_SkeletonData1.csv,steppage,steppage,1.9404989311580343e-06,4.998930827595706e-06,0.011090967607310018,0.9886592327166102,1.1655848058562439e-05,0.00023120439826251137
4,human4_steppage13/human4_steppage13_SkeletonData2.csv,steppage,steppage,3.59245906267237e-05,1.6261577804916322e-05,0.029688290588358902,0.9692861380653947,3.375189339758347e-06,0.0009700099884752484
4,human4_steppage13/human4_steppage13_SkeletonData3.csv,steppage,steppage,5.509373960973972e-07,3.793852865744822e-06,0.005328395427511926,0.9945148474523119,4.333115940845036e-06,0.00014807921397339265
4,human4_steppage13/human4_steppage13_SkeletonData4.csv,steppage,steppage,1.82677396186406e-05,5.083121993696281e-06,0.05269828322448037,0.9471845082571758,1.7629073992521552e-07,9.368136599134266e-05
4,human4_steppage13/human4_steppage13_SkeletonData5.csv,steppage,steppage,3.968368461848486e-06,1.1692888007372896e-08,0.0003195341771845246,0.9996698840357557,7.53306763200084e-08,6.526395033492445e-06
4,human4_steppage13/human4_steppage13_SkeletonData6.csv,steppage,steppage,1.5541871013991954e-06,1.96400584280084e-06,0.008442900345256122,0.9915053873142351,6.492123580356007e-08,4.81292263288542e-05
4,human4_steppage15/human4_steppage15_SkeletonData1.csv,steppage,steppage,4.505441895881641e-06,5.6054550396874015e-05,0.008342868776474489,0.9901642447577514,6.602859553951702e-05,0.0013662978779417818
4,human4_steppage15/human4_steppage15_SkeletonData2.csv,steppage,steppage,4.464503481459498e-05,8.670218990004726e-05,0.04998580007494078,0.946835156555503,7.509211028520946e-07,0.0030469452237385855
4,human4_steppage15/human4_steppage15_SkeletonData3.csv,steppage,steppage,1.2311277861979718e-05,0.00017773175474854481,0.02381080797199123,0.9631549619338927,0.00014415397216092536,0.012700033089344587
4,human4_steppage15/human4_steppage15_SkeletonData4.csv,steppage,steppage,3.410490327302956e-05,0.00010873354033354752,0.06632532465192946,0.9331609945348903,6.490429396066058e-06,0.0003643519401776078
4,human4_steppage15/human4_steppage15_SkeletonData5.csv,steppage,steppage,1.598156939215084e-06,1.702109411250845e-08,0.0004458607505303375,0.9995304173408799,3.549132919193147e-08,2.2071239227219203e-05
4,human4_steppage15/human4_steppage15_SkeletonData6.csv,steppage,steppage,1.75646352187457e-06,1.6762599527293072e-06,0.05647792947173896,0.943476299127184,1.2876135865647756e-07,4.220991624377321e-05
4,human4_steppage16/human4_steppage16_SkeletonData1.csv,steppage,steppage,1.927012832600131e-05,0.0001577071785150064,0.038227782328251796,0.9602864441647678,0.0002352540123607502,0.0010735421877786416
4,human4_steppage16/human4_steppage16_SkeletonData2.csv,steppage,steppage,3.1306177086674095e-05,6.135294748437425e-06,0.012840353687818811,0.9866934880141427,4.15876404578188e-07,0.0004283009497986573
4,human4_steppage16/human4_steppage16_SkeletonData3.csv,steppage,steppage,8.423253121204987e-07,1.9766515306366764e-05,0.02128417043851867,0.9768436422631132,7.142380658407105e-06,0.0018444360770911673
4,human4_steppage16/human4_steppage16_SkeletonData4.csv,steppage,steppage,1.7439509542857916e-06,3.605901365377579e-05,0.0946587555311451,0.9050687965715731,3.897048360898834e-07,0.0002342552278377306
4,human4_steppage16/human4_steppage16_SkeletonData5.csv,steppage,steppage,0.0005495431944716155,3.484780142919755e-05,0.07225397622711,0.9259692769844423,0.0004016535236376517,0.0007907022689092494
4,human4_steppage16/human4_steppage16_SkeletonData6.csv,steppage,normal,5.2818457926175035e-05,1.2067422298479277e-05,0.6390679697521483,0.3580010005603676,1.6046221405769566e-06,0.002864539185118939
4,human4_steppage17/human4_steppage17_SkeletonData1.csv,steppage,steppage,5.667019887997618e-07,3.910135034123475e-05,0.002992771697211062,0.9968152291565848,2.492547420074112e-06,0.0001498385464539117
4,human4_steppage17/human4_steppage17_SkeletonData2.csv,steppage,steppage,9.668524028197081e-06,0.00030273453638879393,0.025235080797181883,0.9733229276929877,2.491179443261834e-06,0.001127097269970264
4,human4_steppage17/human4_steppage17_SkeletonData3.csv,steppage,steppage,1.0283405748312506e-06,1.38169999618789e-05,0.006708573859616229,0.9862068541010902,2.4160989600872504e-06,0.007067310599796598
4,human4_steppage17/human4_steppage17_SkeletonData4.csv,steppage,normal,1.2530426228144607e-06,0.0003392753333695139,0.6268432275135637,0.37223761786585013,1.2852834295968771e-06,0.0005773409611641932
4,human4_steppage17/human4_steppage17_SkeletonData5.csv,steppage,steppage,5.150460249706188e-05,9.849506791983621e-06,0.003407110653660968,0.995895663142696,3.933997882499193e-06,0.0006319380964716245
4,human4_steppage17/human4_steppage17_SkeletonData6.csv,steppage,steppage,8.569167705997067e-05,0.0003991131900624412,0.048117644880954984,0.928766906098078,1.6548349268124656e-06,0.022628989318917814
4,human4_steppage20/human4_steppage20_SkeletonData1.csv,steppage,steppage,8.829850185943737e-06,8.760429331422425e-05,0.011238097371939563,0.9846240667808308,0.00011648400168877133,0.003924917702040594
4,human4_steppage20/human4_steppage20_SkeletonData2.csv,steppage,steppage,1.2610819572412e-05,3.94604752046845e-05,0.05701476211284695,0.9426787871716336,1.3945148383155863e-06,0.0002529849059041237
4,human4_steppage20/human4_steppage20_SkeletonData3.csv,steppage,steppage,1.6096982231957803e-05,9.2674603384184e-05,0.020758798593120773,0.9741810864272197,3.115601911305065e-05,0.004920187374930369
4,human4_steppage20/human4_steppage20_SkeletonData4.csv,steppage,steppage,0.00011738202775382392,0.0004547657084242536,0.08442913773723273,0.9123250305978093,7.702698557071304e-06,0.002665981230222866
4,human4_steppage20/human4_steppage20_SkeletonData5.csv,steppage,steppage,0.00018359146928194494,2.462892321794124e-05,0.00838757706358373,0.9838250565612264,1.0313818529556925e-05,0.007568832164160337
4,human4_steppage20/human4_steppage20_SkeletonData6.csv,steppage,normal,2.6064750903340245e-06,3.5031602823613597e-07,0.972693342604345,0.026944372297416582,5.387068535750811e-09,0.00035932292005143594
4,human4_steppage5/human4_steppage5_SkeletonData1.csv,steppage,steppage,0.00010491478412708464,4.5720438129087e-06,0.006006207168797215,0.9933119373180187,4.631523140268195e-06,0.0005677371621037998
4,human4_steppage5/human4_steppage5_SkeletonData2.csv,steppage,steppage,0.0003055207712183361,0.016628184951042315,0.009024860005075897,0.5273665917983937,9.962632178777841e-05,0.4465752161524819
4,human4_steppage5/human4_steppage5_SkeletonData3.csv,steppage,steppage,0.0006415389792380671,0.0074548278558406655,0.019174081025839954,0.8485630407994966,0.0010974102134715408,0.12306910112611329
4,human4_steppage5/human4_steppage5_SkeletonData4.csv,steppage,steppage,0.000984116932037356,0.009697517329683294,0.020035749408112393,0.9665733415037803,2.7831110927948483e-05,0.002681443715458863
4,human4_steppage5/human4_steppage5_SkeletonData5.csv,steppage,steppage,3.4696087037671557e-06,1.3266661366746358e-07,0.00012991993780567495,0.9997773077935856,2.6141650825673818e-08,8.914385164029877e-05
4,human4_steppage5/human4_steppage5_SkeletonData6.csv,steppage,steppage,5.601483274389566e-07,1.6853508637086809e-06,0.001973345651001701,0.9980130509967098,4.927343513582081e-09,1.1352925754000904e-05
4,human4_steppage8/human4_steppage8_SkeletonData1.csv,steppage,steppage,1.495520424269532e-06,2.6247360541697545e-06,0.004377584843363439,0.9955516885882878,5.185092648075604e-06,6.142121922228585e-05
4,human4_steppage8/human4_steppage8_SkeletonData2.csv,steppage,steppage,4.792395888516693e-06,4.412633190738962e-06,0.0035730540431718827,0.9963604891771414,1.7512966228193142e-07,5.7076620945215304e-05
4,human4_steppage8/human4_steppage8_SkeletonData3.csv,steppage,steppage,6.867645160039209e-07,1.1304656346650045e-05,0.004545044148234838,0.994885401418983,5.418729550155471e-06,0.0005521442823691136
4,human4_steppage8/human4_steppage8_SkeletonData4.csv,steppage,steppage,9.252803916885098e-07,4.607423428979726e-05,0.02455146343100312,0.9752940785088484,3.3388577730428347e-07,0.0001071246596897599
4,human4_steppage8/human4_steppage8_SkeletonData5.csv,steppage,steppage,0.00027857612928787733,2.6271478298642027e-06,0.0029732203855529385,0.9959789872189863,7.481789843235362e-06,0.0007591073284996671
4,human4_steppage8/human4_steppage8_SkeletonData6.csv,steppage,steppage,0.0002215007819094892,2.3596219456162643e-05,0.02161372339088976,0.9778031331282463,2.319351452766003e-06,0.00033572712804546254
4,human4_stiff_legged12/human4_stiff_legged12_SkeletonData1.csv,stiff_legged,stiff_legged,0.431032248178742,0.00022081847626634612,0.015303607434729015,0.0016900338153417302,0.4395503547229313,0.11220293737198966
4,human4_stiff_legged12/human4_stiff_legged12_SkeletonData2.csv,stiff_legged,stiff_legged,0.4679248303926357,9.75068252232809e-05,2.1906569250364667e-05,6.996303821157131e-09,0.531604891306251,0.00035085791033584294
4,human4_stiff_legged12/human4_stiff_legged12_SkeletonData3.csv,stiff_legged,stiff_legged,0.2777065313336976,0.0003762612644595582,0.046419993845407855,0.002132360831141997,0.5474245423784196,0.1259403103468733
4,human4_stiff_legged12/human4_stiff_legged12_SkeletonData4.csv,stiff_legged,stiff_legged,0.48531276116894806,0.00015954584298051922,1.90924375473838e-05,4.4924836799783225e-09,0.513864286666113,0.0006443093919274937
4,human4_stiff_legged12/human4_stiff_legged12_SkeletonData5.csv,stiff_legged,antalgic,0.8283169299627904,8.285666390106143e-06,0.003328486522100778,4.083767784106493e-05,0.14808138817534333,0.020224071995534436
4,human4_stiff_legged12/human4_stiff_legged12_SkeletonData6.csv,stiff_legged,stiff_legged,0.17021616232108344,2.2817783440624693e-05,2.1444311388155273e-08,1.0801558753527996e-09,0.8297596981170838,1.2992539247563089e-06
4,human4_stiff_legged14/human4_stiff_legged14_SkeletonData1.csv,stiff_legged,antalgic,0.7081867343856385,5.674145465599169e-05,0.044935208813710666,0.0005243568782973634,0.1408523210467952,0.1054446374209022
4,human4_stiff_legged14/human4_stiff_legged14_SkeletonData2.csv,stiff_legged,antalgic,0.9227873116295088,1.1747224726759282e-05,8.92095400966633e-05,3.42434986400553e-08,0.07646347270268831,0.0006482246594808828
4,human4_stiff_legged14/human4_stiff_legged14_SkeletonData3.csv,stiff_legged,stiff_legged,0.3305486493858649,4.8459700383764194e-05,0.01949879625130443,7.489762093314149e-05,0.5893203064901841,0.060508890551329644
4,human4_stiff_legged14/human4_stiff_legged14_SkeletonData4.csv,stiff_legged,antalgic,0.8557226594912201,4.926158723093897e-06,4.147781518010814e-05,4.9387718155442255e-09,0.14386938881473682,0.0003615427813681117
4,human4_stiff_legged14/human4_stiff_legged14_SkeletonData5.csv,stiff_legged,antalgic,0.9135889948237921,1.695823544939311e-06,0.0011858794388324707,1.46242152615196e-06,0.07750049126309225,0.007721476229212142
4,human4_stiff_legged14/human4_stiff_legged14_SkeletonData6.csv,stiff_legged,antalgic,0.9606192896963444,1.2716034046429055e-06,2.275190060345638e-05,3.2132455510872976e-09,0.039327167672437144,2.951591396480586e-05
4,human4_stiff_legged15/human4_stiff_legged15_SkeletonData1.csv,stiff_legged,stiff_legged,0.1963645815505221,3.0531867800927936e-05,0.032505303814475035,6.933432863026938e-05,0.7592014897332057,0.011828758705365787
4,human4_stiff_legged15/human4_stiff_legged15_SkeletonData2.csv,stiff_legged,antalgic,0.7996701757974388,7.106571784397674e-06,1.6589398425469093e-05,2.4359071641271563e-09,0.2000972248888547,0.00020890090758951324
4,human4_stiff_legged15/human4_stiff_legged15_SkeletonData3.csv,stiff_legged,stiff_legged,0.3317891521351067,2.6330601978195868e-05,0.05043604218128757,0.002433180842131168,0.5831371481714056,0.032178146068090774
4,human4_stiff_legged15/human4_stiff_legged15_SkeletonData4.csv,stiff_legged,antalgic,0.7964704397368473,6.045563464348079e-06,6.515817192765189e-06,3.4089116325213383e-09,0.20304361174541408,0.0004733837281700381
4,human4_stiff_legged15/human4_stiff_legged15_SkeletonData5.csv,stiff_legged,antalgic,0.94640040326755,2.1124249033592007e-07,0.001926627992702658,4.527520359591152e-06,0.048974399945924514,0.002693830030972749
4,human4_stiff_legged15/human4_stiff_legged15_SkeletonData6.csv,stiff_legged,antalgic,0.9677724652396985,1.3911968741944472e-08,3.35950167073587e-05,4.609469877234919e-10,0.032189392079201344,4.533291477357007e-06
4,human4_stiff_legged3/human4_stiff_legged3_SkeletonData1.csv,stiff_legged,antalgic,0.8147321699699918,8.226590921742872e-07,0.00898785480263544,9.245648246391726e-05,0.1756083494875183,0.0005783465982984691
4,human4_stiff_legged3/human4_stiff_legged3_SkeletonData2.csv,stiff_legged,antalgic,0.8739813400331404,4.17811511397471e-07,6.0383261097291116e-06,1.0525455728184597e-09,0.12596158816548533,5.061461120737962e-05
4,human4_stiff_legged3/human4_stiff_legged3_SkeletonData3.csv,stiff_legged,stiff_legged,0.4050311399710766,4.40067098217961e-06,0.007636432551268731,3.4559976390821123e-06,0.573906380169007,0.013418190640026268
4,human4_stiff_legged3/human4_stiff_legged3_SkeletonData4.csv,stiff_legged,antalgic,0.9700908223010986,1.1750497278227754e-07,4.118433769840714e-06,2.0048602039245636e-10,0.02987825138439091,2.669017528195966e-05
4,human4_stiff_legged3/human4_stiff_legged3_SkeletonData5.csv,stiff_legged,antalgic,0.9985066815229386,1.1828580963748371e-09,2.7556815264923698e-05,6.097700739956669e-08,0.0013916681503576738,7.403135157352262e-05
4,human4_stiff_legged3/human4_stiff_legged3_SkeletonData6.csv,stiff_legged,antalgic,0.9329542069419512,2.126618659382881e-08,1.132523270979025e-05,4.0794148488132594e-10,0.06702985031941601,4.595831794798158e-06
4,human4_stiff_legged5/human4_stiff_legged5_SkeletonData1.csv,stiff_legged,stiff_legged,0.11555901544438468,0.00047064572915540734,0.04852021087635733,0.0006848501657419498,0.7494441572542992,0.08532112053006133
4,human4_stiff_legged5/human4_stiff_legged5_SkeletonData2.csv,stiff_legged,stiff_legged,0.2411700004597161,9.423294864945912e-05,1.1926574761193601e-05,5.183509554295999e-09,0.7582102718824716,0.0005135629508921571
4,human4_stiff_legged5/human4_stiff_legged5_SkeletonData3.csv,stiff_legged,stiff_legged,0.1689471482270713,7.766264335673035e-05,0.0031014469622212748,1.3173679706574862e-05,0.7782565120529905,0.04960405643465371
4,human4_stiff_legged5/human4_stiff_legged5_SkeletonData4.csv,stiff_legged,antalgic,0.6773920887312896,1.4092305641307426e-05,7.758213548075818e-05,4.306362274755821e-09,0.3220991661777905,0.0004170663434353911
4,human4_stiff_legged5/human4_stiff_legged5_SkeletonData5.csv,stiff_legged,antalgic,0.9353494385177901,7.3193362477131656e-06,0.008215624581198747,8.277698963770262e-05,0.0446919814246986,0.011652859150427112
4,human4_stiff_legged5/human4_stiff_legged5_SkeletonData6.csv,stiff_legged,antalgic,0.7769011815036332,1.2242436276258617e-06,2.1252352378217977e-05,1.9148171122283017e-09,0.22302350382322184,5.283616232207729e-05
4,human4_stiff_legged7/human4_stiff_legged7_SkeletonData1.csv,stiff_legged,stiff_legged,0.08039134041007494,4.9087545161096183e-05,0.0007877277116203627,1.4003723084630516e-06,0.862614978535458,0.056155465425377075
4,human4_stiff_legged7/human4_stiff_legged7_SkeletonData2.csv,stiff_legged,antalgic,0.5495750874742735,1.850746619078657e-05,2.2972452220960815e-05,8.203815487019611e-09,0.4489854957643148,0.0013979286391844815
4,human4_stiff_legged7/human4_stiff_legged7_SkeletonData3.csv,stiff_legged,stiff_legged,0.2689499748260894,2.7514625586187834e-05,0.19631123570719547,0.0008881189567545879,0.5183552330466702,0.015467922837704125
4,human4_stiff_legged7/human4_stiff_legged7_SkeletonData4.csv,stiff_legged,antalgic,0.5852844314968996,9.04258912420586e-06,0.00014748131014652566,1.2243839357220816e-08,0.4139528459303413,0.0006061864296490468
4,human4_stiff_legged7/human4_stiff_legged7_SkeletonData5.csv,stiff_legged,antalgic,0.9090816723698522,7.855868580713819e-07,0.00020770554055974478,4.6066701988333873e-07,0.07569689156373323,0.015012484271976675
4,human4_stiff_legged7/human4_stiff_legged7_SkeletonData6.csv,stiff_legged,antalgic,0.9970649000859542,0.0012044172325382594,7.113675457573851e-06,9.45300526853306e-08,0.0017032998480334754,2.0174627963835906e-05
4,human4_stiff_legged8/human4_stiff_legged8_SkeletonData1.csv,stiff_legged,stiff_legged,0.17117908874020146,0.00014669946206602902,0.06423728657625986,0.0009787835106352632,0.7001513975260152,0.06330674418482209
4,human4_stiff_legged8/human4_stiff_legged8_SkeletonData2.csv,stiff_legged,stiff_legged,0.46354790694678866,3.9969241926829e-05,1.934283559814448e-05,1.9676564274174567e-08,0.5344750694729301,0.0019176918261918836
4,human4_stiff_legged8/human4_stiff_legged8_SkeletonData3.csv,stiff_legged,stiff_legged,0.1754674960641239,4.3859421222681546e-05,0.06146405796659847,7.678322980447704e-05,0.7480284062195911,0.014919397098659328
4,human4_stiff_legged8/human4_stiff_legged8_SkeletonData4.csv,stiff_legged,stiff_legged,0.40892770996481903,2.93442902752573e-05,2.4209178584168193e-05,1.683601212108028e-09,0.5907414981228329,0.0002772367598874319
4,human4_stiff_legged8/human4_stiff_legged8_SkeletonData5.csv,stiff_legged,antalgic,0.9830962292525786,1.3455394262194967e-06,1.0729996090668487e-05,6.733640363427606e-07,0.01648676695714591,0.0004042548907223644
4,human4_stiff_legged9/human4_stiff_legged9_SkeletonData1.csv,stiff_legged,stiff_legged,0.18480404764109162,6.769452962822992e-05,0.015235780366786437,0.0003120696519156188,0.7044009759494945,0.09517943186108371
4,human4_stiff_legged9/human4_stiff_legged9_SkeletonData2.csv,stiff_legged,antalgic,0.8283145668375423,2.485352703728877e-06,4.208926420710416e-05,2.3393448720470813e-08,0.17150593660026028,0.00013489855183792122
4,human4_stiff_legged9/human4_stiff_legged9_SkeletonData3.csv,stiff_legged,stiff_legged,0.029648997381585114,0.000608336265014723,0.037453009623936134,0.00012486526364396665,0.8901346069967445,0.042030184469075575
4,human4_stiff_legged9/human4_stiff_legged9_SkeletonData4.csv,stiff_legged,stiff_legged,0.16508826120411263,0.0003191285845326024,4.1738547035431655e-05,3.3932536899316593e-09,0.8338764723156736,0.0006743959553920678
4,human4_stiff_legged9/human4_stiff_legged9_SkeletonData5.csv,stiff_legged,antalgic,0.9289633470108021,5.653662070870559e-06,0.00035367978117922274,2.717183011165797e-06,0.06921168890811988,0.0014629134548166478
4,human4_stiff_legged9/human4_stiff_legged9_SkeletonData6.csv,stiff_legged,antalgic,0.5590054225083708,1.270877414995611e-05,1.721728200748703e-05,6.470747946673298e-10,0.440457292032641,0.0005073587557559797
4,human4_trendelenburg10/human4_trendelenburg10_SkeletonData1.csv,trendelenburg,trendelenburg,0.0007913173026303001,5.600242077923179e-05,1.3085135150385938e-05,8.575225007539368e-08,0.0010089072281125205,0.9981306021610775
4,human4_trendelenburg10/human4_trendelenburg10_SkeletonData2.csv,trendelenburg,trendelenburg,0.004284609992284377,4.8866699109965004e-05,9.37963188983696e-05,8.976308964853429e-07,4.181936562576711e-05,0.9955300099931851
4,human4_trendelenburg10/human4_trendelenburg10_SkeletonData3.csv,trendelenburg,trendelenburg,4.185752206989824e-05,8.730701466760957e-05,5.70763743862368e-05,2.510562355422834e-06,0.0001308545926255187,0.9996803939338952
4,human4_trendelenburg10/human4_trendelenburg10_SkeletonData4.csv,trendelenburg,trendelenburg,0.00046004071228362314,0.0012786300292563465,2.3724328593917926e-05,3.226249121998173e-07,0.0002377386390806177,0.9979995436658734
4,human4_trendelenburg10/human4_trendelenburg10_SkeletonData5.csv,trendelenburg,trendelenburg,0.00016856807634324503,1.4575765065980642e-05,0.0009193786864608433,9.903926949534725e-06,0.00010375865831655511,0.9987838148868637
4,human4_trendelenburg10/human4_trendelenburg10_SkeletonData6.csv,trendelenburg,trendelenburg,0.0003358155875178247,0.0031427838345322863,0.0011886276350856087,0.0010989648747202654,0.00010180166912981075,0.9941320063990142
4,human4_trendelenburg12/human4_trendelenburg12_SkeletonData1.csv,trendelenburg,trendelenburg,0.0025890409866338704,4.87403078355995e-05,0.0019365698162646786,0.0005649812492038758,0.00026256840189341305,0.9945980992381686
4,human4_trendelenburg12/human4_trendelenburg12_SkeletonData2.csv,trendelenburg,trendelenburg,0.0020067136058616077,0.0003511160167596691,0.0003236825303590114,1.0387884425334786e-05,0.0004235767791524172,0.996884523183442
4,human4_trendelenburg12/human4_trendelenburg12_SkeletonData3.csv,trendelenburg,trendelenburg,6.044978693348708e-05,3.5220772520158694e-05,4.351632513867262e-05,2.1128230069233855e-06,0.00017310483833363405,0.9996855954540672
4,human4_trendelenburg12/human4_trendelenburg12_SkeletonData4.csv,trendelenburg,trendelenburg,0.0005388300992871204,0.00014706033841523108,0.00022656988374525211,3.75902291714708e-07,0.0001801437765878327,0.9989070199996729
4,human4_trendelenburg12/human4_trendelenburg12_SkeletonData5.csv,trendelenburg,trendelenburg,0.04432768710335517,1.938581882764599e-05,7.763076972683605e-07,3.5217679887105656e-06,9.89866899487762e-05,0.9555496423121824
4,human4_trendelenburg12/human4_trendelenburg12_SkeletonData6.csv,trendelenburg,trendelenburg,0.005642022802941523,0.0030108111426262758,6.490998086385301e-07,3.2372339444367315e-06,0.0004324230283620151,0.9909108566923172
4,human4_trendelenburg14/human4_trendelenburg14_SkeletonData1.csv,trendelenburg,trendelenburg,0.0019279366268450495,1.638712714194572e-05,0.0005448282645200677,2.0417422539010418e-05,0.00016605566234213177,0.9973243748966117
4,human4_trendelenburg14/human4_trendelenburg14_SkeletonData2.csv,trendelenburg,trendelenburg,0.0062626298184058505,6.060435427924455e-05,0.00023393980990408432,2.100526410210511e-06,0.000677847866925041,0.9927628776240756
4,human4_trendelenburg14/human4_trendelenburg14_SkeletonData3.csv,trendelenburg,trendelenburg,9.022383051629428e-05,4.2877828403634265e-06,7.562300769702462e-05,4.679967542251964e-06,2.8844226489198273e-05,0.9997963411849149
4,human4_trendelenburg14/human4_trendelenburg14_SkeletonData4.csv,trendelenburg,trendelenburg,0.006764247756983891,0.0015466536989086849,0.00042560446577437816,4.268977604423318e-06,0.0021061341740327222,0.9891530909266959
4,human4_trendelenburg14/human4_trendelenburg14_SkeletonData5.csv,trendelenburg,trendelenburg,0.004961905737377864,3.8126323161420245e-05,0.019528332802107227,6.044535469086216e-05,0.0013813207790285451,0.974029869003634
4,human4_trendelenburg14/human4_trendelenburg14_SkeletonData6.csv,trendelenburg,trendelenburg,0.029503895725735783,0.002124770594963267,4.817895729556387e-06,7.074915471532888e-08,0.020487688034787437,0.9478787569996292
4,human4_trendelenburg2/human4_trendelenburg2_SkeletonData1.csv,trendelenburg,trendelenburg,0.023104096033343114,2.3376699483385376e-05,0.0033036029440246576,6.869118838900468e-05,0.004777878275939233,0.9687223548588207
4,human4_trendelenburg2/human4_trendelenburg2_SkeletonData2.csv,trendelenburg,trendelenburg,0.33910879590996434,0.00020172453231915267,0.0005778902205690024,2.0874707731221616e-05,0.017723425737767574,0.6423672888916488
4,human4_trendelenburg2/human4_trendelenburg2_SkeletonData3.csv,trendelenburg,trendelenburg,0.005279404187706202,1.887988367358344e-05,0.0007115604488816787,2.948530346862733e-05,0.0006801015648860588,0.9932805686113839
4,human4_trendelenburg2/human4_trendelenburg2_SkeletonData4.csv,trendelenburg,trendelenburg,0.17086550040941537,0.00045954996748434233,0.00017102604989919148,9.910293073391422e-06,0.007799385973152266,0.8206946273069754
4,human4_trendelenburg2/human4_trendelenburg2_SkeletonData5.csv,trendelenburg,trendelenburg,0.018234954406334443,5.33567382697572e-06,0.0025367106880115646,1.4870262249980334e-05,9.955167511022629e-05,0.9791085772944668
4,human4_trendelenburg2/human4_trendelenburg2_SkeletonData6.csv,trendelenburg,trendelenburg,0.256748394875085,0.0002850724164786546,0.002460464849162997,1.2783661150153194e-06,0.0023934683058532847,0.738111321187305
4,human4_trendelenburg20/human4_trendelenburg20_SkeletonData1.csv,trendelenburg,trendelenburg,7.405510363679623e-05,3.9199201061698895e-05,0.014132113725839796,0.0002609477819286611,0.00014198872391819607,0.9853516954636148
4,human4_trendelenburg20/human4_trendelenburg20_SkeletonData2.csv,trendelenburg,trendelenburg,0.00036795138408955713,0.0017030329868327977,7.668736391202154e-05,7.88189078992223e-07,0.0005954753206758299,0.9972560647554107
4,human4_trendelenburg20/human4_trendelenburg20_SkeletonData3.csv,trendelenburg,trendelenburg,1.35596155386644e-05,0.0002285623409541538,0.0008838714081146299,4.913143757523028e-05,9.461708475192792e-05,0.9987302581130654
4,human4_trendelenburg20/human4_trendelenburg20_SkeletonData4.csv,trendelenburg,trendelenburg,0.00026246866053463835,0.00865052492152337,0.00014242771717153823,3.2064220620398996e-06,0.0021649732744725213,0.988776399004236
4,human4_trendelenburg20/human4_trendelenburg20_SkeletonData5.csv,trendelenburg,trendelenburg,0.0005737989858715879,1.077336615142369e-05,0.0002718828528679952,3.4686435003196228e-06,0.00011829323137726643,0.9990217829202315
4,human4_trendelenburg20/human4_trendelenburg20_SkeletonData6.csv,trendelenburg,trendelenburg,0.00080933920948332,0.0009065284046657915,0.0002224432095189941,2.3886518410581723e-06,0.0005313562326997491,0.997527944291791
4,human4_trendelenburg4/human4_trendelenburg4_SkeletonData1.csv,trendelenburg,trendelenburg,0.003320263877849834,2.303167723299364e-05,8.839797316915943e-05,5.950599021325585e-07,0.0012565762937657668,0.9953111351180802
4,human4_trendelenburg4/human4_trendelenburg4_SkeletonData2.csv,trendelenburg,trendelenburg,0.0016882823972398232,5.073376694102581e-05,8.916212060564065e-05,1.0398096911419118e-06,0.0001621932716201961,0.9980085886339022
4,human4_trendelenburg4/human4_trendelenburg4_SkeletonData3.csv,trendelenburg,trendelenburg,0.00011887215856379395,2.4805700583281174e-05,0.00017125793862180356,1.2836283893912912e-05,5.750767125507855e-05,0.9996147202470821
4,human4_trendelenburg4/human4_trendelenburg4_SkeletonData4.csv,trendelenburg,trendelenburg,0.0006898902547168232,0.0007093570506930844,9.926219575819733e-05,6.068304761065673e-07,0.0004901493925569291,0.9980107342757988
4,human4_trendelenburg4/human4_trendelenburg4_SkeletonData5.csv,trendelenburg,trendelenburg,0.4204410931611303,6.2347651221951355e-06,0.11965793565396511,2.1076024446333886e-05,0.005870020735774709,0.4540036396595612
4,human4_trendelenburg4/human4_trendelenburg4_SkeletonData6.csv,trendelenburg,trendelenburg,0.013883579758545438,0.011189166051747594,0.03437811032562665,0.00015049137804066582,0.023203551866588772,0.9171951006194509
4,human4_trendelenburg5/human4_trendelenburg5_SkeletonData1.csv,trendelenburg,trendelenburg,9.475443400816359e-05,1.0062339350899928e-05,0.00203004767737042,0.0002595441398377914,6.650043199044716e-05,0.9975390909774423
4,human4_trendelenburg5/human4_trendelenburg5_SkeletonData2.csv,trendelenburg,trendelenburg,0.0012435469552907724,0.0007439135861866724,0.0005915902026070989,2.4137567845952086e-05,0.0037419125875311054,0.9936548991005384
4,human4_trendelenburg5/human4_trendelenburg5_SkeletonData3.csv,trendelenburg,trendelenburg,0.00016934615621836866,5.921745142874799e-06,0.011700696126758628,6.531360656011647e-05,6.415835818989829e-05,0.98799456400713
4,human4_trendelenburg5/human4_trendelenburg5_SkeletonData4.csv,trendelenburg,trendelenburg,0.00039477931626318746,0.000590522063461646,0.00023786869671008217,6.6067233473852e-07,0.000306695405689479,0.9984694738455409
4,human4_trendelenburg8/human4_trendelenburg8_SkeletonData1.csv,trendelenburg,trendelenburg,0.0002406845056514293,7.097580114964004e-06,0.001366144877818379,7.57345912127699e-06,0.00012680634157284038,0.9982516932357212
4,human4_trendelenburg8/human4_trendelenburg8_SkeletonData2.csv,trendelenburg,trendelenburg,0.002762826078394534,0.00031044856010632927,0.00019804372923103332,9.946856140158572e-07,0.0008826895719409179,0.9958449973747131
4,human4_trendelenburg8/human4_trendelenburg8_SkeletonData3.csv,trendelenburg,trendelenburg,0.00010314793416365261,4.705660042461992e-06,0.0005211316116338315,6.641027702044742e-06,1.8893903209203186e-05,0.9993454798632488
4,human4_trendelenburg8/human4_trendelenburg8_SkeletonData4.csv,trendelenburg,trendelenburg,0.004416022224355288,0.0010566305245956486,0.0004086042092758795,9.327236525275125e-07,0.0009747634175696067,0.993143046900551
4,human4_trendelenburg8/human4_trendelenburg8_SkeletonData6.csv,trendelenburg,trendelenburg,0.01893230216457092,0.0004333404640508339,0.005609514975101993,5.13479285779867e-06,0.005599350301188449,0.9694203573022301
5,human5_antalgic11/human5_antalgic11_SkeletonData1.csv,antalgic,antalgic,0.997973425956574,1.8366298883832608e-09,0.0013110026424349404,0.0002674264031964891,4.655025922740773e-05,0.0004015929019374814
5,human5_antalgic11/human5_antalgic11_SkeletonData2.csv,antalgic,antalgic,0.9809075103969959,6.250676570108235e-08,5.103232174476391e-07,2.051957049746683e-08,0.019054996789702183,3.689946374799004e-05
5,human5_antalgic11/human5_antalgic11_SkeletonData3.csv,antalgic,antalgic,0.9967314415375832,1.3750767460796756e-08,2.1357350943135506e-05,6.423407560384129e-06,4.405936926854751e-05,0.003196704583877129
5,human5_antalgic11/human5_antalgic11_SkeletonData4.csv,antalgic,antalgic,0.9555060728808805,5.599551144477097e-07,7.912998570850554e-07,1.0831502846581546e-08,0.044475660360758985,1.6904671886192488e-05
5,human5_antalgic11/human5_antalgic11_SkeletonData5.csv,antalgic,antalgic,0.998459488185072,4.2659499417549e-09,0.0004069155145671077,1.1055835912286283e-05,0.0002530823050273525,0.0008694538934713285
5,human5_antalgic11/human5_antalgic11_SkeletonData6.csv,antalgic,antalgic,0.9848889987555892,4.771873215911838e-08,1.6217376636291706e-06,1.8859475767173738e-08,0.015098649715277003,1.0663213262437448e-05
5,human5_antalgic12/human5_antalgic12_SkeletonData1.csv,antalgic,antalgic,0.9997134360045472,1.70404734904128e-10,2.6790845992486283e-05,3.57938620190001e-05,9.969109349026897e-06,0.00021401000768754268
5,human5_antalgic12/human5_antalgic12_SkeletonData2.csv,antalgic,antalgic,0.9973386305719677,4.4508978906525995e-09,1.3871306333716644e-07,8.439821060456122e-09,0.0026474962203315872,1.3721603918456486e-05
5,human5_antalgic12/human5_antalgic12_SkeletonData3.csv,antalgic,antalgic,0.9977334548893616,1.7058627875144188e-08,7.266801444845658e-05,9.317283753550735e-06,0.00022370124370490503,0.0019608415101035016
5,human5_antalgic12/human5_antalgic12_SkeletonData4.csv,antalgic,antalgic,0.9906175124353865,9.046798566342978e-08,1.3228717612089904e-06,1.8584402833985614e-08,0.009346206587130076,3.484905333349296e-05
5,human5_antalgic12/human5_antalgic12_SkeletonData5.csv,antalgic,antalgic,0.9822350562682675,6.121837943445704e-07,2.4789241594442835e-05,4.896052047024589e-06,0.001283850418558894,0.0164507958357378
5,human5_antalgic12/human5_antalgic12_SkeletonData6.csv,antalgic,antalgic,0.9956939946882347,2.6473027574713145e-08,3.057876119266951e-07,5.8486405339997705e-09,0.004296114883247749,9.552319237429483e-06
5,human5_antalgic15/human5_antalgic15_SkeletonData1.csv,antalgic,antalgic,0.9983582088694298,1.3195489124122154e-08,3.418294734137451e-05,2.3403928418854633e-05,5.53212250157234e-05,0.0015288698343049977
5,human5_antalgic15/human5_antalgic15_SkeletonData2.csv,antalgic,antalgic,0.9974667864787033,4.806441830030109e-09,2.0136299484941756e-07,3.0083936619673276e-08,0.0025240083165791664,8.968951344060883e-06
5,human5_antalgic15/human5_antalgic15_SkeletonData3.csv,antalgic,antalgic,0.995197229310386,3.368924761677138e-07,1.8154822721616995e-05,2.4093080739468115e-05,0.0006541821662641857,0.004106003727412442
5,human5_antalgic15/human5_antalgic15_SkeletonData4.csv,antalgic,antalgic,0.9655326623010888,1.1339981555150613e-07,3.4583370695571587e-07,7.566768698162997e-09,0.034450574296681094,1.6296601938731913e-05
5,human5_antalgic15/human5_antalgic15_SkeletonData5.csv,antalgic,antalgic,0.9978047125553837,1.3233319017585484e-08,2.1730859029686114e-07,1.209307381883673e-07,0.0007189440247551052,0.0014759919472137769
5,human5_antalgic15/human5_antalgic15_SkeletonData6.csv,antalgic,antalgic,0.9917472442637093,3.4676809701182994e-09,7.289299843778026e-07,8.349756207577764e-09,0.008247599404604433,4.415584264677343e-06
5,human5_antalgic16/human5_antalgic16_SkeletonData1.csv,antalgic,antalgic,0.9995626870669772,1.0288047504316634e-09,8.042511952382998e-05,4.2651159639545075e-05,3.6571938591736335e-05,0.00027766368646294155
5,human5_antalgic16/human5_antalgic16_SkeletonData2.csv,antalgic,antalgic,0.9916252151502608,2.0658998381718585e-07,1.022386949812946e-06,6.728848682961691e-08,0.008322351660162935,5.113692415585032e-05
5,human5_antalgic16/human5_antalgic16_SkeletonData3.csv,antalgic,antalgic,0.9936223485905576,1.3117314028488253e-06,4.756538801432259e-05,2.507170995946477e-05,0.0026819549111630416,0.0036217476689025703
5,human5_antalgic16/human5_antalgic16_SkeletonData4.csv,antalgic,antalgic,0.952295853598389,1.7064400126685604e-07,7.272359850434006e-07,9.55242642601361e-09,0.04769094235679091,1.2296612407205599e-05
5,human5_antalgic16/human5_antalgic16_SkeletonData5.csv,antalgic,antalgic,0.9952841157417519,8.672850493187052e-07,7.540527993242426e-05,3.750865063603479e-05,0.0018678900063355422,0.0027342130362948375
5,human5_antalgic16/human5_antalgic16_SkeletonData6.csv,antalgic,antalgic,0.9395713259127931,5.134505476750209e-07,3.1587893284785334e-06,7.498816188351251e-09,0.06040429629232973,2.0698056184883637e-05
5,human5_antalgic4/human5_antalgic4_SkeletonData1.csv,antalgic,antalgic,0.999076852429029,3.015381937938034e-09,1.0739253858181902e-05,5.191058638082038e-06,6.590677702587352e-05,0.0008413074660668936
5,human5_antalgic4/human5_antalgic4_SkeletonData2.csv,antalgic,antalgic,0.992559872436823,2.963373630493033e-08,2.852257373152794e-07,1.5671663732168415e-08,0.007399546784088412,4.0250247951307174e-05
5,human5_antalgic4/human5_antalgic4_SkeletonData3.csv,antalgic,antalgic,0.9985587357770331,9.399411915875361e-08,5.266874677849163e-05,6.072401122495828e-06,0.00041257487661729934,0.0009698542043293218
5,human5_antalgic4/human5_antalgic4_SkeletonData4.csv,antalgic,antalgic,0.9871388703987541,5.83294889348631e-08,1.0089694553612532e-06,1.6328269984773066e-08,0.012848348997284797,1.169697674683617e-05
5,human5_antalgic4/human5_antalgic4_SkeletonData5.csv,antalgic,antalgic,0.9965189806094931,2.2934754309366544e-07,2.422944607806044e-10,2.2797923157499244e-06,0.0011178594300427973,0.0023606505783108586
5,human5_antalgic4/human5_antalgic4_SkeletonData6.csv,antalgic,antalgic,0.9954673098728607,1.1153038504892172e-09,1.0156291033228761e-06,1.573537624250755e-08,0.004529188668353938,2.468979001724688e-06
5,human5_antalgic5/human5_antalgic5_SkeletonData1.csv,antalgic,antalgic,0.9995879694747692,1.906628409567206e-10,0.00010686732280409065,2.543628929097368e-05,7.1049280776650806e-06,0.0002726217943951719
5,human5_antalgic5/human5_antalgic5_SkeletonData2.csv,antalgic,antalgic,0.998134688559632,5.9285819718200224e-09,1.4876577129658624e-07,1.1997754469908669e-08,0.0018029069779535829,6.2237770306723e-05
5,human5_antalgic5/human5_antalgic5_SkeletonData3.csv,antalgic,antalgic,0.9985501905367482,5.92366695494796e-08,9.97756473031716e-05,6.576013156673378e-05,0.00033951923397639516,0.0009446952137357051
5,human5_antalgic5/human5_antalgic5_SkeletonData4.csv,antalgic,antalgic,0.9857274342077814,1.4988906526084943e-07,9.10867903614525e-07,2.1259614013820692e-08,0.014254672560891178,1.6811214744367324e-05
5,human5_antalgic5/human5_antalgic5_SkeletonData5.csv,antalgic,antalgic,0.9948612870211508,5.412395845565063e-08,3.362658461733973e-06,2.2536200494664256e-06,0.0012907868540462514,0.0038422557223333634
5,human5_antalgic5/human5_antalgic5_SkeletonData6.csv,antalgic,antalgic,0.9962566392857575,6.134918499752427e-09,1.1152483226305803e-06,9.451447897861121e-09,0.0037309669672988687,1.1262912254765111e-05
5,human5_antalgic6/human5_antalgic6_SkeletonData1.csv,antalgic,antalgic,0.9996965321206657,4.792758484308695e-09,2.7332119774448965e-06,6.026036214242722e-06,6.303431428556106e-05,0.0002316695240983558
5,human5_antalgic6/human5_antalgic6_SkeletonData2.csv,antalgic,antalgic,0.9720696143091788,1.3390805204179585e-07,2.4160937126603477e-08,3.372548906216932e-09,0.027922555169560544,7.669079722540539e-06
5,human5_antalgic6/human5_antalgic6_SkeletonData3.csv,antalgic,antalgic,0.9931652197924532,5.320713107524883e-07,1.8976284048023376e-05,2.454134732072586e-05,0.006576783329251689,0.00021394717561561908
5,human5_antalgic6/human5_antalgic6_SkeletonData4.csv,antalgic,antalgic,0.9724647648532887,6.081705820942694e-08,1.4749615951680678e-07,2.7285730346270815e-09,0.027533817096014036,1.2070089066432325e-06
5,human5_antalgic6/human5_antalgic6_SkeletonData5.csv,antalgic,antalgic,0.9994109602184362,2.760236051823903e-10,1.0024382419352546e-08,4.334437895851555e-09,0.0005605621477671569,2.8462998952961115e-05
5,human5_antalgic6/human5_antalgic6_SkeletonData6.csv,antalgic,antalgic,0.9616058396652256,2.9541501668082123e-08,2.0452421977174028e-07,1.5712481732154269e-09,0.03838854060553889,5.384092265775497e-06
5,human5_antalgic7/human5_antalgic7_SkeletonData1.csv,antalgic,antalgic,0.9997902006918356,4.3234915771661604e-10,8.478793595550207e-06,1.4062747273170521e-05,6.950164280161614e-06,0.0001803071706662233
5,human5_antalgic7/human5_antalgic7_SkeletonData2.csv,antalgic,antalgic,0.9901316330472673,7.040010797246026e-08,7.070905424116591e-08,1.4914352814504814e-08,0.00979870884229551,6.95020869222837e-05
5,human5_antalgic7/human5_antalgic7_SkeletonData3.csv,antalgic,antalgic,0.9993250940700523,1.718182749805239e-08,7.350010586611563e-06,4.7921421515077614e-05,0.0002838918701769041,0.000335725445841734
5,human5_antalgic7/human5_antalgic7_SkeletonData4.csv,antalgic,antalgic,0.986201204047062,1.425074174361746e-08,1.6476222325610038e-07,2.715510133076773e-09,0.013797012691395613,1.6015330670943415e-06
5,human5_antalgic7/human5_antalgic7_SkeletonData5.csv,antalgic,antalgic,0.9909405213291222,8.515074395543775e-07,2.64293314781565e-07,0.0010056554173626473,0.004474031979025967,0.0035786754737346096
5,human5_antalgic7/human5_antalgic7_SkeletonData6.csv,antalgic,antalgic,0.9921045913072162,3.419273995613958e-09,1.0055779613466003e-06,1.2789557199452777e-08,0.007891517444626338,2.8694613652089005e-06
5,human5_lurch11/human5_lurch11_SkeletonData1.csv,lurch,lurch,2.1732923039923787e-17,0.999999986857329,2.347864561659191e-16,5.355751324022278e-16,1.2407590218730762e-12,1.3141429445879938e-08
5,human5_lurch11/human5_lurch11_SkeletonData2.csv,lurch,lurch,3.9059756984144633e-14,0.9999996446855316,5.0484867082199853e-11,4.6224743084010276e-08,8.852514488196899e-13,3.090383159779517e-07
5,human5_lurch11/human5_lurch11_SkeletonData3.csv,lurch,lurch,5.125728882606537e-17,0.9999999893438681,7.498890966640737e-16,4.4423136261380316e-15,2.139090726321053e-12,1.0653987604846913e-08
5,human5_lurch11/human5_lurch11_SkeletonData4.csv,lurch,lurch,3.0162145198512986e-12,0.9999987616296891,2.9856969944640663e-12,5.360102391970294e-07,6.307577312588157e-11,7.022909941245476e-07
5,human5_lurch11/human5_lurch11_SkeletonData5.csv,lurch,lurch,4.884383730678269e-15,0.9999999388088079,5.468552545282404e-15,7.121145033747126e-13,8.810000420949299e-11,6.110236968589568e-08
5,human5_lurch11/human5_lurch11_SkeletonData6.csv,lurch,lurch,1.2947171601610768e-11,0.9996665617696854,9.084462499849711e-10,0.000331226894832164,4.848699625136512e-11,2.210365602131035e-06
5,human5_lurch16/human5_lurch16_SkeletonData1.csv,lurch,lurch,2.4106082953244177e-19,0.9999999997312359,1.0516243247009715e-18,8.41626709392086e-18,7.63295985491336e-14,2.6868781084012045e-10
5,human5_lurch16/human5_lurch16_SkeletonData2.csv,lurch,lurch,7.652756514338502e-18,0.9999999997634206,4.3369350890900074e-12,2.7094093851322594e-11,1.0284521633604452e-14,2.0513821356405037e-10
5,human5_lurch16/human5_lurch16_SkeletonData3.csv,lurch,lurch,5.364575706257611e-16,0.999999979261244,4.609768914166308e-15,2.336737646808274e-13,1.056327230153764e-12,2.0737461021136864e-08
5,human5_lurch16/human5_lurch16_SkeletonData4.csv,lurch,lurch,1.3103432084151638e-13,0.9999986411712037,6.044280196557855e-12,4.167266810181492e-08,5.672491008987387e-15,1.3171499469816246e-06
5,human5_lurch17/human5_lurch17_SkeletonData1.csv,lurch,lurch,1.8515107182340045e-18,0.9999999987105763,2.0803540660705523e-18,5.936312123948137e-18,1.1434720764779437e-13,1.2893093868288337e-09
5,human5_lurch17/human5_lurch17_SkeletonData2.csv,lurch,lurch,1.2436752526564979e-11,0.9999961041562477,2.6126130458178293e-13,2.566541882419939e-06,6.79845851215785e-11,1.3292211871509038e-06
5,human5_lurch17/human5_lurch17_SkeletonData3.csv,lurch,lurch,1.3452026188059033e-14,0.9999995809074325,1.7105378574526178e-14,7.884259178768566e-12,6.3061013112713305e-12,4.1907834643999857e-07
5,human5_lurch17/human5_lurch17_SkeletonData4.csv,lurch,lurch,2.3456681888534935e-12,0.9999885407613116,5.162978563599483e-12,2.1585855216109893e-06,3.7998265512868805e-13,9.300645278189767e-06
5,human5_lurch17/human5_lurch17_SkeletonData5.csv,lurch,lurch,6.299093422484833e-16,0.9999999966323287,7.620475737518258e-16,1.503182861840717e-14,2.5541593034661215e-11,3.342113229168592e-09
5,human5_lurch20/human5_lurch20_SkeletonData1.csv,lurch,lurch,6.946957095578638e-18,0.9999999988514001,7.512814470022227e-17,2.258503617700229e-16,1.0164747348110316e-12,1.1475830554510957e-09
5,human5_lurch20/human5_lurch20_SkeletonData2.csv,lurch,lurch,2.118312614373576e-14,0.6041652026163877,1.3623988313732373e-05,0.3958175261944255,1.41056062072606e-14,3.6472008378490772e-06
5,human5_lurch20/human5_lurch20_SkeletonData3.csv,lurch,lurch,1.016690743953843e-17,0.9999999985592032,3.44767916589675e-17,1.6162485259053953e-16,2.3507443289385803e-12,1.4384458336738265e-09
5,human5_lurch20/human5_lurch20_SkeletonData4.csv,lurch,lurch,1.2180146770568052e-13,0.999999590615043,1.7777798624756482e-13,7.095945252325827e-08,9.758008519779254e-13,3.384242288495647e-07
5,human5_lurch20/human5_lurch20_SkeletonData5.csv,lurch,lurch,5.0075046366336815e-17,0.9999999870141232,4.287292435670224e-17,3.946827335230451e-14,8.665258618628793e-13,1.298497100842415e-08
5,human5_lurch20/human5_lurch20_SkeletonData6.csv,lurch,lurch,6.775027622321895e-14,0.9858357932534516,1.723742666612639e-08,0.01416319518335451,2.021114198396228e-14,9.943256791035265e-07
5,human5_lurch3/human5_lurch3_SkeletonData1.csv,lurch,lurch,4.431098286216965e-16,0.9999999725839558,1.0038941010956262e-14,2.045524607806531e-13,2.6274941142758e-12,2.74132018810142e-08
5,human5_lurch3/human5_lurch3_SkeletonData2.csv,lurch,lurch,9.195211411541218e-15,0.9999997441111668,2.0309597193966166e-13,2.3729420119381416e-09,1.4821301748798902e-13,2.5351553106665667e-07
5,human5_lurch3/human5_lurch3_SkeletonData3.csv,lurch,lurch,2.3021030118296726e-17,0.9999999902438476,7.54160859622429e-16,1.5881437049470672e-15,9.183229671779636e-13,9.755231895687593e-09
5,human5_lurch3/human5_lurch3_SkeletonData4.csv,lurch,lurch,4.640224774930022e-14,0.9999993149349969,8.108507936801108e-12,1.1587063756067745e-09,9.160186324665173e-13,6.838972259313372e-07
5,human5_lurch3/human5_lurch3_SkeletonData6.csv,lurch,lurch,1.7694755977080983e-15,0.9999990466458614,2.0180100551281896e-12,5.013501700239009e-10,4.9744683434698413e-14,9.528507189348668e-07
5,human5_lurch4/human5_lurch4_SkeletonData1.csv,lurch,lurch,1.3890681066781053e-13,0.9999996580531537,3.1581351510451013e-13,1.3419086591034715e-12,5.477201646724741e-10,3.4139732953023434e-07
5,human5_lurch4/human5_lurch4_SkeletonData2.csv,lurch,lurch,7.134878565596614e-13,0.9999980789464381,3.6176069141575666e-13,2.3888604416815133e-09,1.9661206944087497e-11,1.918643965152222e-06
5,human5_lurch4/human5_lurch4_SkeletonData3.csv,lurch,lurch,2.7037204649589457e-16,0.99999983917235,5.970361382301114e-17,1.022346058039474e-15,8.695299721493436e-12,1.6081895342367624e-07
5,human5_lurch4/human5_lurch4_SkeletonData4.csv,lurch,lurch,1.5999679884643588e-11,0.9999241137227216,7.510159722242433e-12,5.7996050997807255e-08,1.015473218493666e-11,7.582824756298488e-05
5,human5_lurch4/human5_lurch4_SkeletonData6.csv,lurch,lurch,5.1621585285946485e-11,0.9999235993923573,7.448961176102686e-11,1.0028535246403285e-05,6.39036790881525e-11,6.637188238124415e-05
5,human5_lurch8/human5_lurch8_SkeletonData1.csv,lurch,lurch,5.6791065428434595e-18,0.9999999997793221,5.1989496081026136e-17,2.2542632358222817e-17,1.270173156517535e-11,2.079760979451875e-10
5,human5_lurch8/human5_lurch8_SkeletonData2.csv,lurch,lurch,1.0903473420189961e-15,0.9999999656097639,6.8728524410699e-13,1.707567733690362e-09,8.135644601444705e-14,3.268189882873098e-08
5,human5_lurch8/human5_lurch8_SkeletonData3.csv,lurch,lurch,1.0982796087904496e-16,0.9999999943034978,2.6383090450852336e-16,1.4061595186489792e-14,5.290204394315872e-12,5.691197642283941e-09
5,human5_lurch8/human5_lurch8_SkeletonData4.csv,lurch,lurch,1.3774963467739477e-14,0.9999999889601136,1.0584115438604728e-15,1.215259474075705e-09,6.728237956903156e-13,9.823939350848632e-09
5,human5_lurch8/human5_lurch8_SkeletonData5.csv,lurch,lurch,5.537608337927758e-15,0.9999999913172818,4.852792306955512e-15,9.79577765051757e-14,1.6031284871705705e-10,8.522297098787744e-09
5,human5_lurch8/human5_lurch8_SkeletonData6.csv,lurch,lurch,2.420148188641145e-13,0.9945212058422568,0.0004959316032542252,0.004961476062853854,8.281120125855251e-15,2.1386491384776803e-05
5,human5_lurch9/human5_lurch9_SkeletonData1.csv,lurch,lurch,5.536026744298721e-17,0.9999999961039385,1.6281713593134168e-15,6.15029382286972e-16,2.0907385067767377e-11,3.8751519338329696e-09
5,human5_lurch9/human5_lurch9_SkeletonData2.csv,lurch,lurch,1.1863277005345646e-14,0.9999999304706286,1.8704608889644402e-10,4.005742756523313e-08,6.481779467988988e-13,2.9284237860535498e-08
5,human5_lurch9/human5_lurch9_SkeletonData3.csv,lurch,lurch,1.170647217369944e-16,0.9999999827836893,4.20570035637409e-15,7.090348706037136e-14,3.6858431426070573e-13,1.7215866801519617e-08
5,human5_lurch9/human5_lurch9_SkeletonData4.csv,lurch,lurch,3.4176126874729584e-13,0.9999998173641638,1.0024993999597043e-12,6.549298120034191e-08,9.882052036213343e-12,1.1713162844698878e-07
5,human5_lurch9/human5_lurch9_SkeletonData5.csv,lurch,lurch,7.124030632442302e-12,0.9999733910204173,3.3102124471257383e-13,3.415363963131815e-08,2.623864671921669e-09,2.657219462327952e-05
5,human5_lurch9/human5_lurch9_SkeletonData6.csv,lurch,lurch,1.2104086252480535e-13,0.9999992294730764,2.6415513326667606e-09,1.769657371704861e-07,9.27604588136588e-13,5.909185864725395e-07
5,human5_normal1/human5_normal1_SkeletonData1.csv,normal,normal,0.0105165827774194,3.2701044034264216e-07,0.9688024875403258,0.01173773086918786,9.950967991989636e-06,0.008932920834634598
5,human5_normal1/human5_normal1_SkeletonData2.csv,normal,normal,0.02060449490726708,4.089753754601904e-07,0.884900258872444,0.05710010768066328,5.608841141759249e-06,0.0373891207231087
5,human5_normal1/human5_normal1_SkeletonData3.csv,normal,normal,0.0019476894889842405,1.8062431815432133e-05,0.9341894043884879,0.002163319507379852,1.1039617128156842e-05,0.0616704845662044
5,human5_normal1/human5_normal1_SkeletonData4.csv,normal,normal,0.06287704622123205,2.0375507345839077e-05,0.7162445666121844,0.04917182480753269,4.7624116732882045e-05,0.17163856273497227
5,human5_normal1/human5_normal1_SkeletonData5.csv,normal,normal,0.036211111282016976,4.3645836758054935e-06,0.6091600687372128,0.07731160072655774,3.596018768604358e-05,0.27727689448285064
5,human5_normal1/human5_normal1_SkeletonData6.csv,normal,steppage,0.3728046616305574,8.823597709512254e-07,0.04347104789607937,0.5593479710567956,0.0004969489758650654,0.023878488080931664
5,human5_normal10/human5_normal10_SkeletonData1.csv,normal,normal,0.06185868927941056,3.3698692839812026e-05,0.7625522197369176,0.015151797971651818,0.0003622862478877424,0.16004130807129263
5,human5_normal10/human5_normal10_SkeletonData2.csv,normal,steppage,0.07501080140097803,5.975316533013889e-06,0.014200898601958199,0.5227968472163362,3.840955182618473e-05,0.3879470679123684
5,human5_normal10/human5_normal10_SkeletonData3.csv,normal,normal,0.015511472076157082,6.670187333923096e-06,0.8887900058913484,0.06076618955102875,0.0002380504960446343,0.034687611798087034
5,human5_normal10/human5_normal10_SkeletonData4.csv,normal,normal,0.017540459169287564,4.926607711145174e-06,0.8705576230449177,0.08117098481701111,2.2397268211593894e-05,0.030703609092860743
5,human5_normal10/human5_normal10_SkeletonData5.csv,normal,trendelenburg,0.06555174073947302,7.954197752419914e-06,0.41119603245172703,0.001670080214535954,0.00021917818632009216,0.5213550142101915
5,human5_normal10/human5_normal10_SkeletonData6.csv,normal,normal,0.021969213363131006,4.488548404694224e-07,0.9192655928622471,0.009823270232840355,6.368480846074029e-06,0.048935106206095
5,human5_normal11/human5_normal11_SkeletonData1.csv,normal,normal,0.11664852101991341,8.665998245145373e-05,0.6037238506731714,0.006366522682341,0.0009250509667993144,0.27224939467532344
5,human5_normal11/human5_normal11_SkeletonData2.csv,normal,antalgic,0.4650819236847197,4.397834616764505e-07,0.07744751113981403,0.36912711348769117,7.83501242467374e-05,0.08826466178006656
5,human5_normal11/human5_normal11_SkeletonData3.csv,normal,normal,0.006906063149171292,0.00012617340713836034,0.7777929538352936,0.03156909614602341,6.018353697245645e-05,0.18354552992540088
5,human5_normal11/human5_normal11_SkeletonData4.csv,normal,trendelenburg,0.32947941454689383,8.955408955989854e-05,0.12801342919181924,0.11054469146969942,0.0012900694056253348,0.43058284129640234
5,human5_normal11/human5_normal11_SkeletonData5.csv,normal,normal,0.08950298137543944,2.146731936970473e-06,0.7401584739766538,0.051008452032309234,0.0001500508377247607,0.1191778950459359
5,human5_normal11/human5_normal11_SkeletonData6.csv,normal,normal,0.05164577288635434,4.461574721991012e-06,0.599508602154994,0.32762056360986336,9.392161458707983e-05,0.021126678159479165
5,human5_normal12/human5_normal12_SkeletonData1.csv,normal,trendelenburg,0.0617448844843659,4.0917071243474805e-05,0.42724917790407946,0.016522424702372883,0.00015256287121214035,0.4942900329667261
5,human5_normal12/human5_normal12_SkeletonData3.csv,normal,normal,0.00019466640068662399,1.1149608176078912e-06,0.8913047780126515,0.09451974526747078,1.6167834657137988e-07,0.01397953368002707
5,human5_normal12/human5_normal12_SkeletonData6.csv,normal,normal,0.06746098273489097,2.9638861399656048e-06,0.49440601413219,0.391979327353314,0.00010184924443498107,0.046048862649030235
5,human5_normal20/human5_normal20_SkeletonData1.csv,normal,normal,0.051594745375170635,0.0004569873902051107,0.7235055540492467,0.008671780786402307,0.0032001278916416864,0.21257080450733373
5,human5_normal20/human5_normal20_SkeletonData2.csv,normal,antalgic,0.4178584079226224,1.8921357780608198e-06,0.126943828535241,0.41228685746551097,0.00019224599807879722,0.04271676794276877
5,human5_normal20/human5_normal20_SkeletonData3.csv,normal,normal,0.007504215777939311,0.0001796417040759961,0.881773399595051,0.006475740882131482,0.00028051015858086365,0.1037864918822215
5,human5_normal20/human5_normal20_SkeletonData4.csv,normal,normal,0.14990257916879668,1.4378385657338028e-05,0.6665822098080879,0.09245808059233847,0.0007243912581986244,0.09031836078692089
5,human5_normal20/human5_normal20_SkeletonData5.csv,normal,trendelenburg,0.09383501319676706,4.595084062588742e-06,0.2986764046246316,0.05381595028597144,0.000148324413032154,0.5535197123955352
5,human5_normal20/human5_normal20_SkeletonData6.csv,normal,steppage,0.3181059522939412,2.3577614872274414e-07,0.13737088087303895,0.5386337779350971,0.0002595780260287849,0.005629575095745088
5,human5_normal4/human5_normal4_SkeletonData1.csv,normal,normal,0.06754099024993593,8.369728124718822e-07,0.8217724411921072,0.060742154462981035,2.9051863980430432e-05,0.04991452525818297
5,human5_normal4/human5_normal4_SkeletonData2.csv,normal,normal,0.24293766404198527,6.699412766292857e-06,0.4450454636367686,0.1931702661403599,0.00011007342749842792,0.11872983334062151
5,human5_normal4/human5_normal4_SkeletonData3.csv,normal,normal,0.051807657980387334,4.560643491674986e-05,0.7367538778591453,0.04705263625058424,0.00028381036331667016,0.16405641111164992
5,human5_normal4/human5_normal4_SkeletonData4.csv,normal,normal,0.04355153920976512,2.4002582901325564e-05,0.6407439017872882,0.166739971742284,0.00016998263741707355,0.1487706020403443
5,human5_normal4/human5_normal4_SkeletonData5.csv,normal,trendelenburg,0.014162535520734367,8.52714492686385e-05,0.010039057618232396,0.0004216105809953889,0.00020889625695767207,0.9750826285738116
5,human5_normal4/human5_normal4_SkeletonData6.csv,normal,normal,0.2930220495839001,5.112828928816476e-06,0.5475417485096227,0.05555338413715378,0.0007494233354717097,0.10312828160492273
5,human5_normal7/human5_normal7_SkeletonData1.csv,normal,normal,0.018036625181338927,3.334672845431914e-07,0.9174848571835161,0.05331665939126469,6.952816519059741e-06,0.011154571960076591
5,human5_normal7/human5_normal7_SkeletonData2.csv,normal,antalgic,0.31895938220457,3.5250934963841418e-06,0.22677414830010065,0.3071065207514799,6.564619390805785e-05,0.147090777456445
5,human5_normal7/human5_normal7_SkeletonData3.csv,normal,normal,0.005391511056403519,1.2862937114142783e-06,0.7999099113522229,0.18589105236565986,1.5535942272882733e-05,0.008790702989729497
5,human5_normal7/human5_normal7_SkeletonData4.csv,normal,steppage,0.25191378441164286,4.459240787474961e-05,0.18251787762293778,0.4204852731619782,0.00046548072825041776,0.14457299166731602
5,human5_normal7/human5_normal7_SkeletonData5.csv,normal,normal,0.009000269460088228,2.184662338229609e-06,0.936827559468337,0.0026126135747061596,2.9171035554807314e-05,0.0515282017989755
5,human5_normal7/human5_normal7_SkeletonData6.csv,normal,normal,0.06053287171989594,5.607710813930819e-07,0.8358785526781175,0.039336803032547,1.3779510391813662e-05,0.06423743228796618
5,human5_normal9/human5_normal9_SkeletonData1.csv,normal,normal,0.0038488385061005532,3.0504891669956163e-07,0.9798046674851077,0.014368224518844395,7.120429419832764e-06,0.001970844011610731
5,human5_normal9/human5_normal9_SkeletonData2.csv,normal,normal,0.19558740222489304,4.33709638818555e-06,0.5811739390268506,0.12464973723387764,7.02337560417613e-05,0.09851435066194894
5,human5_normal9/human5_normal9_SkeletonData3.csv,normal,normal,0.0921213912499908,0.00011610035200565668,0.5590558449463674,0.032978067778834635,0.00022879952716178362,0.3154997961456397
5,human5_normal9/human5_normal9_SkeletonData4.csv,normal,normal,0.026441075875157177,1.756454984557355e-05,0.8802607320248406,0.06423407967472802,4.5373154585692216e-05,0.02900117472084306
5,human5_normal9/human5_normal9_SkeletonData5.csv,normal,trendelenburg,0.047483991394488216,7.75639434297451e-06,0.022940118701315737,0.011558039593840164,2.1113835585874014e-05,0.917988980080427
5,human5_normal9/human5_normal9_SkeletonData6.csv,normal,steppage,0.13992319021281058,3.0303236112741183e-06,0.32611826217717155,0.5037342762864443,0.00019874872956664907,0.030022492270395704
5,human5_steppage1/human5_steppage1_SkeletonData1.csv,steppage,steppage,0.0015079717135637507,2.65013818316068e-10,0.010095957621457522,0.987968897923625,2.499595566335365e-09,0.00042716997674447456
5,human5_steppage1/human5_steppage1_SkeletonData2.csv,steppage,steppage,4.533798491266093e-06,4.3712196530658447e-13,1.3946336893971538e-05,0.9999799102886021,9.309462310565826e-12,1.6095662661251777e-06
5,human5_steppage1/human5_steppage1_SkeletonData3.csv,steppage,steppage,0.0036921420038854725,1.4645140418732526e-08,0.009123875294752242,0.9863594938082917,3.12986269611048e-08,0.0008244429493031593
5,human5_steppage1/human5_steppage1_SkeletonData4.csv,steppage,steppage,3.7267439112391624e-05,1.026786735642224e-11,7.286104043573732e-05,0.999875988750249,3.21760703202248e-10,1.3882438174286807e-05
5,human5_steppage1/human5_steppage1_SkeletonData5.csv,steppage,steppage,0.001226412026248416,9.296504246974404e-11,0.005055377390513284,0.9725100772497837,6.18435382327312e-09,0.021208127056135694
5,human5_steppage1/human5_steppage1_SkeletonData6.csv,steppage,steppage,2.7778534623467364e-05,3.118476365442354e-13,7.555391822674654e-05,0.999896148809733,5.3333439533513245e-11,5.18683771526439e-07
5,human5_steppage14/human5_steppage14_SkeletonData1.csv,steppage,steppage,2.1546723027719688e-08,1.6430601603695107e-12,4.872775830040459e-05,0.9999511329801116,4.5033752708688986e-13,1.1771277181676821e-07
5,human5_steppage14/human5_steppage14_SkeletonData2.csv,steppage,steppage,9.679669423199592e-08,6.082273630159005e-12,3.541225825990769e-06,0.9999920068348968,2.6292894560749648e-12,4.3551338715949066e-06
5,human5_steppage14/human5_steppage14_SkeletonData3.csv,steppage,steppage,2.804999617216844e-10,1.133657255318341e-13,9.917382758889543e-07,0.9999989896428946,3.828687858659821e-15,1.8338212346580755e-08
5,human5_steppage14/human5_steppage14_SkeletonData4.csv,steppage,steppage,3.581235058979756e-09,9.414885745217022e-14,5.694289428323866e-06,0.9999942848893529,1.3332290703570431e-14,1.7239876290826606e-08
5,human5_steppage14/human5_steppage14_SkeletonData5.csv,steppage,steppage,6.970090588378654e-09,4.192305142450747e-14,4.167963216040302e-06,0.9999957526919822,1.914139885816608e-14,7.237465024834934e-08
5,human5_steppage14/human5_steppage14_SkeletonData6.csv,steppage,steppage,3.622895118950952e-08,6.429934530657494e-14,2.0412828076777782e-07,0.9999997126550253,2.711991797609652e-14,4.698765130246779e-08
5,human5_steppage15/human5_steppage15_SkeletonData1.csv,steppage,steppage,3.246218089921567e-09,5.720423079931505e-13,5.901254447723352e-06,0.9999940037889519,4.098150944628238e-14,9.170976930710286e-08
5,human5_steppage15/human5_steppage15_SkeletonData2.csv,steppage,steppage,4.149119084081513e-08,8.664657636612437e-13,4.308926779515112e-07,0.9999991501791795,3.7222797139709747e-13,3.774357129442041e-07
5,human5_steppage15/human5_steppage15_SkeletonData3.csv,steppage,steppage,5.703472496182608e-10,1.0144152377395131e-10,1.011219935868931e-05,0.9999896403264406,1.9426660189088665e-12,2.4680046931597566e-07
5,human5_steppage15/human5_steppage15_SkeletonData4.csv,steppage,steppage,9.927918977320428e-08,7.010272119115438e-11,1.4677929008765805e-05,0.9999845418323685,1.9163154608305923e-12,6.80887413925332e-07
5,human5_steppage15/human5_steppage15_SkeletonData5.csv,steppage,steppage,1.689428844783389e-10,1.8404750910112372e-14,2.97472811039506e-06,0.9999970045474506,1.0249768226314344e-15,2.0555476642850445e-08
5,human5_steppage15/human5_steppage15_SkeletonData6.csv,steppage,steppage,8.075213454558599e-10,4.926643906752461e-15,3.101684520938571e-08,0.9999999637664134,7.206016228785548e-16,4.40921436676888e-09
5,human5_steppage3/human5_steppage3_SkeletonData1.csv,steppage,steppage,1.917315449594058e-06,7.105684545296618e-13,0.001636112528761196,0.9983615750887384,1.0665966698804081e-11,3.950556743284747e-07
5,human5_steppage3/human5_steppage3_SkeletonData2.csv,steppage,steppage,8.340188287310968e-06,8.138418560009387e-12,5.10739022121038e-06,0.9999828508783282,3.0419613195881358e-12,3.7015319829630572e-06
5,human5_steppage3/human5_steppage3_SkeletonData3.csv,steppage,steppage,8.521360675699619e-08,1.4539442724849564e-11,1.3008004604213977e-05,0.9999851508903591,4.957219869002098e-13,1.7558763945287069e-06
5,human5_steppage3/human5_steppage3_SkeletonData4.csv,steppage,steppage,6.070101543630345e-07,2.2896691812864743e-13,7.91424292971242e-07,0.9999984595630773,3.1250976872478843e-13,1.4200193390582296e-07
5,human5_steppage3/human5_steppage3_SkeletonData5.csv,steppage,steppage,5.971445192438664e-08,1.1058251225283274e-14,3.4743148194976933e-06,0.9999962593469274,6.506095084767164e-14,2.0662372501685976e-07
5,human5_steppage3/human5_steppage3_SkeletonData6.csv,steppage,steppage,3.0179298562950343e-07,9.144488157446391e-14,1.7285084532012846e-06,0.9999976938386437,1.0654013431031454e-13,2.758597194105446e-07
5,human5_steppage5/human5_steppage5_SkeletonData1.csv,steppage,steppage,2.834894023071921e-07,2.2594842733674117e-12,0.0009772797337067203,0.9990204687119777,1.1672785517221214e-12,1.9680614865295274e-06
5,human5_steppage5/human5_steppage5_SkeletonData2.csv,steppage,steppage,1.435397401104217e-06,2.9938778471661092e-12,1.7473780430021226e-05,0.9999775454368799,8.350835013188032e-12,3.545373944350526e-06
5,human5_steppage5/human5_steppage5_SkeletonData3.csv,steppage,steppage,5.4256723404956554e-08,2.491802492455364e-14,2.906431949312281e-05,0.9999708099327593,2.594081174045968e-14,7.149097317127576e-08
5,human5_steppage5/human5_steppage5_SkeletonData4.csv,steppage,steppage,1.3987579016809139e-05,5.155216166505153e-12,0.0001290124897288368,0.9998512584251235,6.300714970443435e-11,5.7414379686276864e-06
5,human5_steppage5/human5_steppage5_SkeletonData5.csv,steppage,steppage,2.1131584915852666e-06,5.187286687606957e-14,5.6191215256958835e-05,0.999940699034108,2.2343513913437226e-12,9.965898573557105e-07
5,human5_steppage5/human5_steppage5_SkeletonData6.csv,steppage,steppage,1.7140713114117527e-06,1.0942750816261504e-13,4.965317049377952e-06,0.9999930616422944,1.2003012002078685e-13,2.5896911515885755e-07
5,human5_steppage6/human5_steppage6_SkeletonData1.csv,steppage,steppage,4.761726030095324e-05,1.0088721975106816e-10,0.0035256109588841793,0.996394696167569,1.1794504522000449e-09,3.2074332908238504e-05
5,human5_steppage6/human5_steppage6_SkeletonData2.csv,steppage,steppage,2.152659548019517e-06,2.2879603795979623e-12,7.628984260424602e-05,0.9999164800951217,6.99399240368024e-12,5.077393444072765e-06
5,human5_steppage6/human5_steppage6_SkeletonData3.csv,steppage,steppage,3.6299569827570506e-07,1.2636417243879343e-12,0.00019063261400061125,0.9998088614212199,1.0514144381751763e-11,1.429573034123249e-07
5,human5_steppage6/human5_steppage6_SkeletonData4.csv,steppage,steppage,1.2387184221802497e-06,1.1068072714023377e-12,1.1863605939014164e-05,0.9999862983655523,1.4022724516640667e-12,5.993075776047937e-07
5,human5_steppage6/human5_steppage6_SkeletonData5.csv,steppage,steppage,5.359370994011338e-07,8.754851072396895e-14,2.660914127832697e-05,0.9999712851294572,4.794877364987462e-13,1.5697915981976314e-06
5,human5_steppage6/human5_steppage6_SkeletonData6.csv,steppage,steppage,1.2501096394366398e-06,4.36084265198254e-14,3.2145787324202817e-06,0.9999955043793392,1.8694800484538127e-12,3.093037593037886e-08
5,human5_steppage7/human5_steppage7_SkeletonData1.csv,steppage,steppage,9.134485965727992e-06,3.741742614826944e-13,0.00016298691621189002,0.9998261816074283,2.023481898404842e-12,1.6969879963086356e-06
5,human5_steppage7/human5_steppage7_SkeletonData2.csv,steppage,steppage,3.993547517115285e-06,6.714348421547223e-13,2.225786902253782e-06,0.9999881062840976,2.7735898632076078e-12,5.674378038115773e-06
5,human5_steppage7/human5_steppage7_SkeletonData3.csv,steppage,steppage,2.686102350542414e-06,3.317631047386087e-11,8.366950913479073e-05,0.9999094085660928,4.043550497196048e-11,4.23574881011146e-06
5,human5_steppage7/human5_steppage7_SkeletonData4.csv,steppage,steppage,1.244150782937199e-05,1.7049097954367103e-11,4.084355362756075e-05,0.9999451978374744,1.4115314226217197e-11,1.5170699043405906e-06
5,human5_steppage7/human5_steppage7_SkeletonData5.csv,steppage,steppage,2.478572125013035e-06,1.5496646397580093e-12,0.0001330666256586583,0.999855319364715,6.498398754874013e-12,9.135429453295724e-06
5,human5_steppage7/human5_steppage7_SkeletonData6.csv,steppage,steppage,8.624947765785436e-07,3.246430898622255e-14,3.1819877532619946e-06,0.9999958477380244,5.396476670066045e-13,1.0777887379677812e-07
5,human5_steppage8/human5_steppage8_SkeletonData1.csv,steppage,steppage,2.3960333865782223e-05,1.2647483746867504e-11,0.002203614772521545,0.9977659815838699,6.4459423753747e-11,6.443232635917122e-06
5,human5_steppage8/human5_steppage8_SkeletonData3.csv,steppage,steppage,1.493052518998841e-06,7.775881875262467e-11,8.954731060038345e-05,0.9999055057454566,1.8029927389466173e-11,3.4537956353015008e-06
5,human5_steppage8/human5_steppage8_SkeletonData4.csv,steppage,steppage,7.925844949119267e-05,4.631689174010324e-11,8.318611743516026e-05,0.9998192393838387,5.448042827745716e-10,1.831545811366563e-05
5,human5_steppage8/human5_steppage8_SkeletonData5.csv,steppage,steppage,6.351519717261828e-06,5.7941836838048965e-12,0.00011197180816788193,0.9998290471535541,5.722533627485054e-11,5.2629455541072116e-05
5,human5_steppage8/human5_steppage8_SkeletonData6.csv,steppage,steppage,7.763378099708711e-06,2.1226358380867463e-13,9.364270521981673e-06,0.9999824549519479,5.616236971115029e-12,4.173936017911066e-07
5,human5_stiff_legged1/human5_stiff_legged1_SkeletonData1.csv,stiff_legged,antalgic,0.7681738100058626,1.586275776263982e-05,0.08689017207725729,0.00010752207270534506,0.12675575834967054,0.018056874736741717
5,human5_stiff_legged1/human5_stiff_legged1_SkeletonData2.csv,stiff_legged,antalgic,0.7722935616438612,0.0006073950687922531,0.00019119128975223106,6.519954381778596e-06,0.1825009426777343,0.0444003893654784
5,human5_stiff_legged1/human5_stiff_legged1_SkeletonData3.csv,stiff_legged,stiff_legged,0.3440329587552736,0.0008065479907047295,0.0055599974994657445,3.2647543239214735e-05,0.5924392341889307,0.057128614022385865
5,human5_stiff_legged1/human5_stiff_legged1_SkeletonData4.csv,stiff_legged,antalgic,0.7356913153055148,0.000175196064762522,0.0010291183142608926,5.6492221743689e-06,0.25964000811479077,0.003458712978496531
5,human5_stiff_legged1/human5_stiff_legged1_SkeletonData5.csv,stiff_legged,stiff_legged,0.4024191596575152,9.446877517032765e-06,0.00019477976122912342,1.5673879760429092e-06,0.5670868180312101,0.03028822828455252
5,human5_stiff_legged1/human5_stiff_legged1_SkeletonData6.csv,stiff_legged,stiff_legged,0.29750292215651536,3.155467080151406e-05,3.925703336104998e-05,1.7798873549124066e-07,0.7020206518289647,0.00040543632162196833
5,human5_stiff_legged14/human5_stiff_legged14_SkeletonData1.csv,stiff_legged,antalgic,0.7622272830781645,0.00034264863331718643,0.05954755925223037,0.0001297472177309602,0.08980083953175834,0.08795192228679878
5,human5_stiff_legged14/human5_stiff_legged14_SkeletonData2.csv,stiff_legged,trendelenburg,0.3238210742386189,0.009402343777647657,0.0009305532432651993,2.340754322853047e-05,0.08215216446034115,0.5836704567368987
5,human5_stiff_legged14/human5_stiff_legged14_SkeletonData3.csv,stiff_legged,stiff_legged,0.3849599915417744,0.00020155384054229764,0.13103275983640364,0.06929227726082522,0.3944242342468186,0.020089183273635746
5,human5_stiff_legged14/human5_stiff_legged14_SkeletonData4.csv,stiff_legged,antalgic,0.5198392277141777,0.00044669438659592197,0.0007745968825784476,5.321431350900222e-06,0.47587678333500477,0.0030573762502922428
5,human5_stiff_legged14/human5_stiff_legged14_SkeletonData5.csv,stiff_legged,antalgic,0.5007712186696421,9.59679877821656e-06,6.8879716595381e-05,1.7719825824947135e-07,0.4749938397473094,0.02415628786941668
5,human5_stiff_legged14/human5_stiff_legged14_SkeletonData6.csv,stiff_legged,stiff_legged,0.44743504313043997,0.0006558127628793481,1.1749434890276911e-05,1.2451333306991925e-07,0.4568753029093284,0.09502196724912891
5,human5_stiff_legged17/human5_stiff_legged17_SkeletonData1.csv,stiff_legged,antalgic,0.89273151333658,1.054628436300578e-05,0.058954831967250036,0.00011647179457407811,0.040128920307695506,0.008057716309537449
5,human5_stiff_legged17/human5_stiff_legged17_SkeletonData2.csv,stiff_legged,antalgic,0.7857081666680937,0.000738410591643063,8.41121809115723e-05,5.515362172420061e-06,0.1569234085045122,0.05654038669266697
5,human5_stiff_legged17/human5_stiff_legged17_SkeletonData3.csv,stiff_legged,antalgic,0.5947555236805987,0.0007012952989974294,0.0035558897506899135,0.0004933498149987216,0.29065021195415114,0.10984372950056417
5,human5_stiff_legged17/human5_stiff_legged17_SkeletonData4.csv,stiff_legged,stiff_legged,0.4353658863697084,0.002513901525241779,0.0004114562439300059,3.7516657557604276e-06,0.5477539867285899,0.013951017466774214
5,human5_stiff_legged17/human5_stiff_legged17_SkeletonData5.csv,stiff_legged,antalgic,0.5386204817828801,9.232704738434523e-05,0.0037187173886611027,0.0006360844202854147,0.10982329588636607,0.3471090934744228
5,human5_stiff_legged17/human5_stiff_legged17_SkeletonData6.csv,stiff_legged,stiff_legged,0.2935824944668701,0.0009705567766501633,0.0001838127799454057,2.863619149719479e-06,0.7021801815949111,0.003080090762473286
5,human5_stiff_legged20/human5_stiff_legged20_SkeletonData1.csv,stiff_legged,normal,0.3462294732246746,0.00010831191888247289,0.5526937130897176,0.0009607419884552571,0.06571067429333304,0.03429708548493702
5,human5_stiff_legged20/human5_stiff_legged20_SkeletonData2.csv,stiff_legged,stiff_legged,0.4730205705992753,0.0015435704458547953,0.0011475835541958563,1.3553751299633328e-05,0.49041424425049707,0.03386047739887725
5,human5_stiff_legged20/human5_stiff_legged20_SkeletonData3.csv,stiff_legged,antalgic,0.599570429595116,0.00019589206023105964,0.0010900414175664293,0.0007217522500452072,0.31192280323750166,0.08649908143953972
5,human5_stiff_legged20/human5_stiff_legged20_SkeletonData4.csv,stiff_legged,stiff_legged,0.09325752753211071,0.04407858057127171,0.00017114417809296583,5.805851196336052e-06,0.8439933057048167,0.018493636162511425
5,human5_stiff_legged20/human5_stiff_legged20_SkeletonData5.csv,stiff_legged,trendelenburg,0.1096813129310954,0.00033866716457487826,0.0005553984014790463,0.00015156294860467522,0.1949846830930895,0.6942883754611564
5,human5_stiff_legged20/human5_stiff_legged20_SkeletonData6.csv,stiff_legged,stiff_legged,0.324990427085579,0.0007034178065757151,0.00019097757078946932,5.910020466192358e-06,0.6657371722587176,0.008372095257872
5,human5_stiff_legged3/human5_stiff_legged3_SkeletonData1.csv,stiff_legged,antalgic,0.46568146215739287,0.0008559013722922625,0.02673393358117187,3.6425177731603514e-05,0.40013383114396855,0.10655844656744298
5,human5_stiff_legged3/human5_stiff_legged3_SkeletonData2.csv,stiff_legged,antalgic,0.5955051728665396,0.0009948458928940526,0.0024420955519260296,1.3618376854719081e-05,0.37486152940071327,0.026182737911072358
5,human5_stiff_legged3/human5_stiff_legged3_SkeletonData3.csv,stiff_legged,stiff_legged,0.1307218353225249,0.010080282345139756,0.014558263763272452,0.09052575947036832,0.6840568915301517,0.07005696756854297
5,human5_stiff_legged3/human5_stiff_legged3_SkeletonData4.csv,stiff_legged,stiff_legged,0.30666122588151146,0.0005080808071663337,2.4300028606426236e-05,8.49852675481614e-07,0.6920306027074081,0.0007749407226321388
5,human5_stiff_legged3/human5_stiff_legged3_SkeletonData5.csv,stiff_legged,stiff_legged,0.09934510970677358,7.933761145749275e-05,2.997258307020863e-05,8.847940381161485e-08,0.866232839566453,0.03431265205284186
5,human5_stiff_legged3/human5_stiff_legged3_SkeletonData6.csv,stiff_legged,stiff_legged,0.25364448655056687,0.00038096207417911423,0.0005430291627279861,4.2199612111867853e-07,0.7431732997271449,0.002257800489260114
5,human5_stiff_legged4/human5_stiff_legged4_SkeletonData1.csv,stiff_legged,antalgic,0.6721216519864963,2.7944578504636866e-05,0.03298838497905852,0.0001356346483018255,0.28556386594797933,0.009162517859659384
5,human5_stiff_legged4/human5_stiff_legged4_SkeletonData2.csv,stiff_legged,stiff_legged,0.21707092300595487,0.0025490011995466175,3.200865648277063e-06,3.9347511326244364e-07,0.7706000462206946,0.009776435233042476
5,human5_stiff_legged4/human5_stiff_legged4_SkeletonData3.csv,stiff_legged,stiff_legged,0.22489817945060292,0.003153598462401344,0.04446957975233566,0.04418107244218647,0.4861758803008835,0.1971216895915902
5,human5_stiff_legged4/human5_stiff_legged4_SkeletonData4.csv,stiff_legged,stiff_legged,0.32620563653690965,0.0008614986166734401,0.00020478240929482685,1.4812685791904873e-06,0.6698236417757394,0.0029029593928035107
5,human5_stiff_legged4/human5_stiff_legged4_SkeletonData5.csv,stiff_legged,stiff_legged,0.08031197947881313,0.0009536105691687022,2.42275768850431e-05,2.417915167612663e-07,0.6393430343387585,0.279366906244858
5,human5_stiff_legged4/human5_stiff_legged4_SkeletonData6.csv,stiff_legged,stiff_legged,0.2240434894404816,0.000456557810792118,0.00010732015474047877,2.6303616439560294e-07,0.7735872472575938,0.0018051223002276103
5,human5_stiff_legged6/human5_stiff_legged6_SkeletonData1.csv,stiff_legged,antalgic,0.838823097403915,5.3695522326644915e-05,0.028353794527415904,0.00014126259632497645,0.07053196914276524,0.0620961808072523
5,human5_stiff_legged6/human5_stiff_legged6_SkeletonData2.csv,stiff_legged,antalgic,0.6457465024225562,0.0007322849306616441,0.0004258494837386621,7.619934397886398e-06,0.3478524264871152,0.005235316741530511
5,human5_stiff_legged6/human5_stiff_legged6_SkeletonData3.csv,stiff_legged,antalgic,0.5114540997383218,0.00032404128308507937,0.0351385849659094,0.012162342260104987,0.349802947955453,0.09111798379712573
5,human5_stiff_legged6/human5_stiff_legged6_SkeletonData4.csv,stiff_legged,antalgic,0.7112567670840059,0.00022475367629554675,0.00020945708496858864,7.236102297240615e-06,0.2830331100197429,0.005268676032689627
5,human5_stiff_legged6/human5_stiff_legged6_SkeletonData5.csv,stiff_legged,stiff_legged,0.17457766575011752,0.0027771524852148216,0.001456274989887796,0.0014822161919162255,0.6033106563300417,0.216396034252822
5,human5_stiff_legged6/human5_stiff_legged6_SkeletonData6.csv,stiff_legged,stiff_legged,0.4520662211009479,0.00023204866335674085,0.0002081362432444008,1.1786388611067624e-06,0.5410452367318384,0.006447178621751553
5,human5_stiff_legged8/human5_stiff_legged8_SkeletonData1.csv,stiff_legged,antalgic,0.6591564659325588,9.167493242966621e-05,0.18341754708568056,0.0003706492346518823,0.11240284584414072,0.04456081697053828
5,human5_stiff_legged8/human5_stiff_legged8_SkeletonData2.csv,stiff_legged,stiff_legged,0.3871359334486924,0.010188853027491802,0.0003064720184279286,1.1259928673004084e-05,0.5470409714064733,0.05531651017024147
5,human5_stiff_legged8/human5_stiff_legged8_SkeletonData3.csv,stiff_legged,stiff_legged,0.3088830065839836,0.001607362092873769,0.12139958408269187,0.001091707828004308,0.32642719528482833,0.24059114412761817
5,human5_stiff_legged8/human5_stiff_legged8_SkeletonData4.csv,stiff_legged,antalgic,0.5304331273490439,0.0005964218234961158,0.0003661125807773984,5.476265245550943e-06,0.4629049634358458,0.005693898545591279
5,human5_stiff_legged8/human5_stiff_legged8_SkeletonData5.csv,stiff_legged,antalgic,0.49009117459129514,0.0001227381231071529,0.0002915126255159358,2.3356909922385206e-05,0.31841113066013327,0.1910600870900261
5,human5_stiff_legged8/human5_stiff_legged8_SkeletonData6.csv,stiff_legged,stiff_legged,0.2662530020276218,0.0006369397451563514,0.00010534082858896554,3.624550986419096e-06,0.7316848524870893,0.0013162403605573767
5,human5_trendelenburg12/human5_trendelenburg12_SkeletonData1.csv,trendelenburg,trendelenburg,0.010162630276702377,7.334700961658476e-07,0.002273190829712948,3.180354184007459e-05,4.376229297533191e-06,0.9875272656523509
5,human5_trendelenburg12/human5_trendelenburg12_SkeletonData2.csv,trendelenburg,trendelenburg,0.0004450144402823266,2.9318630631959437e-05,5.547167157009997e-05,9.133581084517931e-05,2.867595108885271e-07,0.9993785726871596
5,human5_trendelenburg12/human5_trendelenburg12_SkeletonData3.csv,trendelenburg,trendelenburg,0.0015590720963841896,6.979925688294844e-06,0.00030717971020247033,1.0836220348197116e-05,1.26215735065889e-06,0.9981146698900262
5,human5_trendelenburg12/human5_trendelenburg12_SkeletonData4.csv,trendelenburg,trendelenburg,0.0010318695626631174,0.0011798546180566696,6.631690681832493e-05,4.620884756865508e-05,4.2752174504398636e-05,0.997632997890389
5,human5_trendelenburg12/human5_trendelenburg12_SkeletonData5.csv,trendelenburg,trendelenburg,0.0049748472237020796,9.278377346030485e-06,0.0003174378886527858,0.00037330760711373333,2.2106378198468316e-05,0.9943030225249868
5,human5_trendelenburg13/human5_trendelenburg13_SkeletonData1.csv,trendelenburg,trendelenburg,0.036080385332820264,4.001460797679193e-06,0.0005159770698718733,2.826883112428357e-05,4.189835615207699e-05,0.9633294689492338
5,human5_trendelenburg13/human5_trendelenburg13_SkeletonData2.csv,trendelenburg,trendelenburg,0.021411377786943065,4.007982691335308e-05,0.0030420403005240932,0.008050108681024015,2.2515386511103614e-05,0.9674338780180843
5,human5_trendelenburg13/human5_trendelenburg13_SkeletonData3.csv,trendelenburg,trendelenburg,0.006430807512336503,3.0531432879964547e-06,0.001749239452318949,0.0001944062574775451,4.178342200092625e-06,0.9916183152923789
5,human5_trendelenburg13/human5_trendelenburg13_SkeletonData4.csv,trendelenburg,trendelenburg,0.00826658380397639,0.00017352425612257051,0.0008351895701175373,0.000776496129186509,7.654621587537501e-05,0.9898716600247215
5,human5_trendelenburg13/human5_trendelenburg13_SkeletonData5.csv,trendelenburg,trendelenburg,0.05403222763992708,5.252393206265762e-07,0.004431553696710085,0.000414994760010357,2.998504572834911e-05,0.9410907136183035
5,human5_trendelenburg18/human5_trendelenburg18_SkeletonData1.csv,trendelenburg,trendelenburg,0.0701919297705112,1.0415831233749747e-05,0.0014775335768369034,4.219318916908994e-05,5.122144514538806e-05,0.9282267061871037
5,human5_trendelenburg18/human5_trendelenburg18_SkeletonData2.csv,trendelenburg,trendelenburg,0.019814418362651433,9.616355360980036e-06,2.9526599583737567e-05,3.251743538760131e-05,2.4406967036340168e-05,0.9800895142799799
5,human5_trendelenburg18/human5_trendelenburg18_SkeletonData4.csv,trendelenburg,trendelenburg,0.00399158104784619,0.00028872978429976754,3.0470493020458776e-05,3.7592025854845515e-05,0.00015075073263130562,0.9955008759163475
5,human5_trendelenburg18/human5_trendelenburg18_SkeletonData5.csv,trendelenburg,trendelenburg,0.04937742857488207,3.6331719911180137e-05,2.3058040687120997e-06,5.543086330789867e-05,0.00012149251811351416,0.9504070105197165
5,human5_trendelenburg3/human5_trendelenburg3_SkeletonData1.csv,trendelenburg,trendelenburg,0.28324218900424847,1.4614316748911916e-05,0.015337251823691977,0.00291408148666145,0.0012204267791407842,0.6972714365895084
5,human5_trendelenburg3/human5_trendelenburg3_SkeletonData2.csv,trendelenburg,trendelenburg,0.001552936839867596,0.00023475235021636285,2.80111643008735e-05,0.00036383833566311385,7.691894409019148e-06,0.9978127694155431
5,human5_trendelenburg3/human5_trendelenburg3_SkeletonData3.csv,trendelenburg,trendelenburg,0.003749866667201999,3.882183263993028e-05,4.253990144882229e-05,9.222436757965007e-05,2.734874215021204e-05,0.9960491984889794
5,human5_trendelenburg3/human5_trendelenburg3_SkeletonData4.csv,trendelenburg,trendelenburg,0.021949708865071298,0.0006588215594430678,0.00031792403524963435,0.0015482523127725797,0.00010620189097565988,0.9754190913364877
5,human5_trendelenburg3/human5_trendelenburg3_SkeletonData5.csv,trendelenburg,trendelenburg,0.014010607552071477,1.4214437893270806e-05,0.001443690353328849,9.539075602256239e-05,0.0001053513905284425,0.9843307455101554
5,human5_trendelenburg3/human5_trendelenburg3_SkeletonData6.csv,trendelenburg,trendelenburg,0.040238197403009504,0.0011900276196828798,0.00014297230989010706,0.0011340286430315957,0.0018796643764008609,0.9554151096479852
5,human5_trendelenburg4/human5_trendelenburg4_SkeletonData1.csv,trendelenburg,trendelenburg,0.21963547636986555,1.0854039608020023e-06,0.009340782867692146,0.0023275920832261177,0.00014049850802998198,0.7685545647672255
5,human5_trendelenburg4/human5_trendelenburg4_SkeletonData2.csv,trendelenburg,trendelenburg,0.006376862465055253,2.4344287105498578e-05,6.099460916602416e-05,0.0004286506201974926,2.2079836325484573e-05,0.9930870681821503
5,human5_trendelenburg4/human5_trendelenburg4_SkeletonData3.csv,trendelenburg,trendelenburg,0.015706548675215176,1.950077044195628e-05,0.00021530002130105505,1.2889258939037285e-05,3.473323342300087e-05,0.9840110280406797
5,human5_trendelenburg4/human5_trendelenburg4_SkeletonData4.csv,trendelenburg,trendelenburg,0.03800325790020293,0.0008341778251967742,0.0002042297578528651,0.00028571609697495204,0.0016234779361628988,0.9590491404836096
5,human5_trendelenburg4/human5_trendelenburg4_SkeletonData5.csv,trendelenburg,trendelenburg,0.06056267746071503,1.1379409918453652e-05,8.387621599475002e-06,0.00013463235864019353,0.00015526287305934035,0.9391276602760675
5,human5_trendelenburg4/human5_trendelenburg4_SkeletonData6.csv,trendelenburg,antalgic,0.6403360589290502,2.600046380739701e-06,3.425517852824944e-06,7.968888602028912e-07,0.0006483868858124796,0.3590087317320436
5,human5_trendelenburg5/human5_trendelenburg5_SkeletonData1.csv,trendelenburg,trendelenburg,0.03787491630704084,1.2194324931267078e-06,0.0006710093606846325,0.00012098713963088041,1.078916567196138e-05,0.9613210785944786
5,human5_trendelenburg5/human5_trendelenburg5_SkeletonData2.csv,trendelenburg,trendelenburg,0.003051603267712782,0.0007553150557494512,0.00015243711936249076,0.00040305271468727837,2.9072967040131202e-05,0.9956085188754479
5,human5_trendelenburg5/human5_trendelenburg5_SkeletonData3.csv,trendelenburg,trendelenburg,0.015536004800082777,5.973805901744674e-05,0.00157034751174116,8.264649738274192e-05,9.417466368291243e-05,0.9826570884680931
5,human5_trendelenburg5/human5_trendelenburg5_SkeletonData5.csv,trendelenburg,trendelenburg,0.12723839971166623,5.65700458235352e-05,0.0002300596870307911,0.0003147781120010569,0.001462787262941269,0.8706974051805372
5,human5_trendelenburg5/human5_trendelenburg5_SkeletonData6.csv,trendelenburg,trendelenburg,0.0881026994841245,0.00017592781544620702,0.00011074170070545876,4.497157357747636e-05,0.0004482262055845541,0.9111174332205617
5,human5_trendelenburg6/human5_trendelenburg6_SkeletonData1.csv,trendelenburg,trendelenburg,0.002133265239692389,2.077605903649066e-05,1.7834572679631387e-05,1.3872839448919045e-06,3.0442957453753346e-06,0.9978236925489014
5,human5_trendelenburg6/human5_trendelenburg6_SkeletonData2.csv,trendelenburg,trendelenburg,0.0077298607014258235,0.001330594308188231,0.00010970455163996928,0.0002762369375398197,0.0003268223444611102,0.990226781156745
5,human5_trendelenburg6/human5_trendelenburg6_SkeletonData3.csv,trendelenburg,trendelenburg,0.011328243924763158,7.622105588454322e-05,6.712568576176898e-05,3.760228812799133e-06,6.800049603321063e-05,0.9884566486087446
5,human5_trendelenburg6/human5_trendelenburg6_SkeletonData4.csv,trendelenburg,trendelenburg,0.0008571477633768948,0.011506729843849055,0.000348243954067703,2.817718969044467e-05,0.00018267271500442534,0.9870770285340115
5,human5_trendelenburg6/human5_trendelenburg6_SkeletonData5.csv,trendelenburg,trendelenburg,0.14400274401147642,1.140289036988432e-06,0.0010253491648402582,0.00016007937522892547,0.00012013184285138013,0.8546905553165661
5,human5_trendelenburg9/human5_trendelenburg9_SkeletonData2.csv,trendelenburg,trendelenburg,0.0013895501130138286,4.898752967789087e-05,1.0752763598396321e-05,1.839157070311463e-05,6.911428005148336e-06,0.9985254065950017
5,human5_trendelenburg9/human5_trendelenburg9_SkeletonData3.csv,trendelenburg,trendelenburg,0.006857558986417203,0.0002718783722448131,0.00041588219168576396,3.541531057087254e-05,0.00015538662481711244,0.9922638785142642
5,human5_trendelenburg9/human5_trendelenburg9_SkeletonData4.csv,trendelenburg,trendelenburg,0.0071112264674217315,0.0004969592947207125,0.00046092748143675106,0.00019487530222240453,0.0003068571406501933,0.9914291543135482
5,human5_trendelenburg9/human5_trendelenburg9_SkeletonData5.csv,trendelenburg,trendelenburg,0.044524466673130626,3.9816031722221237e-07,0.007746117691457577,0.00024511749569268166,1.7590263307663328e-05,0.9474663097160944
5,human5_trendelenburg9/human5_trendelenburg9_SkeletonData6.csv,trendelenburg,trendelenburg,0.023690111686797802,0.0010730888345294154,0.002958120378651379,0.000417285380781782,0.0015379946143292472,0.9703233991049104
6,human6_antalgic1/human6_antalgic1_SkeletonData2.csv,antalgic,antalgic,0.6097581248932348,9.562942079000489e-05,0.16831178309300035,0.00024564140828144896,0.21453322443222403,0.007055596752469698
6,human6_antalgic1/human6_antalgic1_SkeletonData3.csv,antalgic,normal,0.23724150400844235,2.3704590395516952e-05,0.562651868868794,0.11203192530657179,0.07971271208732209,0.008338285138474361
6,human6_antalgic1/human6_antalgic1_SkeletonData4.csv,antalgic,stiff_legged,0.21618248226193446,0.00011741049334244046,0.05335408431982875,0.00023723189619864014,0.7294457245123857,0.0006630665163100872
6,human6_antalgic1/human6_antalgic1_SkeletonData5.csv,antalgic,normal,0.34895320127919993,3.8164578722484325e-05,0.38060341472201653,0.0005339993810427729,0.26427191945750833,0.005599300581510077
6,human6_antalgic1/human6_antalgic1_SkeletonData6.csv,antalgic,stiff_legged,0.31666940064399074,5.1715442183885545e-05,0.03156703874741316,1.1428699965295035e-05,0.65158891487553,0.00011150159091699755
6,human6_antalgic10/human6_antalgic10_SkeletonData1.csv,antalgic,steppage,0.07305525578034007,3.092268029842268e-06,0.16116080909998998,0.7468691748942379,0.018136272643950933,0.0007753953134513005
6,human6_antalgic10/human6_antalgic10_SkeletonData2.csv,antalgic,stiff_legged,0.45199340661020326,0.00010509523417835849,0.01623314501272568,0.0002080306179999782,0.529034672756939,0.0024256497679536475
6,human6_antalgic10/human6_antalgic10_SkeletonData3.csv,antalgic,stiff_legged,0.04253836606912469,1.909496719580004e-06,0.02247346368671642,0.00011117737592092782,0.9347107574470602,0.00016432592445808484
6,human6_antalgic10/human6_antalgic10_SkeletonData4.csv,antalgic,stiff_legged,0.25663469852853116,0.00013546713956192873,0.02218735573726126,0.00017597363457696972,0.7190923100177891,0.001774194942279638
6,human6_antalgic10/human6_antalgic10_SkeletonData5.csv,antalgic,normal,0.08418199379442896,8.411925477420048e-06,0.691845545803405,0.08214195050401274,0.10714694895853649,0.034675149014139636
6,human6_antalgic10/human6_antalgic10_SkeletonData6.csv,antalgic,stiff_legged,0.39769192987169033,3.071150940783021e-05,0.014408158881152008,8.365458738761967e-05,0.5875530400506892,0.00023250509967305324
6,human6_antalgic18/human6_antalgic18_SkeletonData1.csv,antalgic,normal,0.32077927281046803,2.010407391273288e-07,0.6225912210735218,0.004827294421504281,0.050729604610640605,0.0010724060431259392
6,human6_antalgic18/human6_antalgic18_SkeletonData2.csv,antalgic,antalgic,0.6189506104060524,6.519955360470589e-06,0.0014219556384649724,2.2602910259983245e-05,0.3795107950161309,8.751607373127383e-05
6,human6_antalgic18/human6_antalgic18_SkeletonData3.csv,antalgic,stiff_legged,0.18979418164317552,2.2721747856347037e-06,0.2635944935895539,0.0003696815424881467,0.545375193495605,0.0008641775543917863
6,human6_antalgic18/human6_antalgic18_SkeletonData4.csv,antalgic,stiff_legged,0.4780988498333833,5.709518816070884e-05,0.004957234123139348,1.2413835638258555e-05,0.5160484425074585,0.0008259645122198517
6,human6_antalgic18/human6_antalgic18_SkeletonData6.csv,antalgic,antalgic,0.9003421392517734,4.201021370608522e-06,0.0010631237993555713,4.0729428098980355e-06,0.09847947550509448,0.00010698747959593436
6,human6_antalgic19/human6_antalgic19_SkeletonData1.csv,antalgic,antalgic,0.6124389669232193,2.1311799294583316e-06,0.2469562171252074,0.009362362145538733,0.1309709205220068,0.0002694021040983429
6,human6_antalgic19/human6_antalgic19_SkeletonData2.csv,antalgic,antalgic,0.7707304173959629,1.1884073286001421e-05,0.00609570632802915,6.62280442709396e-05,0.2226569960903851,0.00043876806806581874
6,human6_antalgic19/human6_antalgic19_SkeletonData3.csv,antalgic,stiff_legged,0.3285788596822118,1.7249475090012596e-06,0.008439232900102019,0.0009146816501727706,0.6618122908408904,0.0002532099791139766
6,human6_antalgic19/human6_antalgic19_SkeletonData4.csv,antalgic,stiff_legged,0.13531166099752667,3.2111946250498745e-05,0.026195915034760132,7.08463143965231e-05,0.8379718520337,0.00041761367336618925
6,human6_antalgic19/human6_antalgic19_SkeletonData6.csv,antalgic,antalgic,0.7622620798852295,2.9649192877451852e-06,0.0028918827357816523,1.9483388287991444e-05,0.23478873289167065,3.485617974236382e-05
6,human6_antalgic4/human6_antalgic4_SkeletonData1.csv,antalgic,normal,0.3894504241052066,4.3317332729156485e-06,0.4931383686165118,0.0793284254338175,0.03671748691174441,0.0013609631994467575
6,human6_antalgic4/human6_antalgic4_SkeletonData2.csv,antalgic,stiff_legged,0.2881023568752406,0.0013096366323806464,0.012936789905643233,0.0010543881101881983,0.6830838554259505,0.013512973050596754
6,human6_antalgic4/human6_antalgic4_SkeletonData3.csv,antalgic,stiff_legged,0.031306673016915164,6.79328766040761e-06,0.44926753137373954,0.00306064387869296,0.5094847275891369,0.006873630853855124
6,human6_antalgic4/human6_antalgic4_SkeletonData4.csv,antalgic,stiff_legged,0.3693569486474126,0.0005255255162104111,0.05862551056245024,0.0007974877525295432,0.5572508220609094,0.013443705460487843
6,human6_antalgic4/human6_antalgic4_SkeletonData5.csv,antalgic,steppage,0.012794875206218394,1.0119912463980814e-06,0.17950072377367096,0.7895195655195568,0.00950735537518215,0.00867646813412516
6,human6_antalgic4/human6_antalgic4_SkeletonData6.csv,antalgic,stiff_legged,0.28872083344973326,1.4711765163441105e-05,0.04367233336370915,0.00012493850457431237,0.667145876644213,0.0003213062726068406
6,human6_antalgic7/human6_antalgic7_SkeletonData1.csv,antalgic,normal,0.15292336813219026,4.016586776912732e-06,0.6648429494881305,0.018723204173522676,0.1602115356224364,0.003294925996943208
6,human6_antalgic7/human6_antalgic7_SkeletonData2.csv,antalgic,antalgic,0.4802820636199776,0.0005388165505565253,0.028207877409298036,0.0018888759506283748,0.4648123905658328,0.024269975903706612
6,human6_antalgic7/human6_antalgic7_SkeletonData3.csv,antalgic,stiff_legged,0.09354346589458355,2.2856078521973776e-06,0.10690132391599055,0.0009751660498901774,0.7975339880941555,0.0010437704375280163
6,human6_antalgic7/human6_antalgic7_SkeletonData4.csv,antalgic,stiff_legged,0.38521031872340744,0.0006013942280884498,0.04089104007768095,0.000926904604605817,0.5159827535350728,0.056387588831144475
6,human6_antalgic7/human6_antalgic7_SkeletonData5.csv,antalgic,antalgic,0.479866907158394,1.1570747774946933e-05,0.3085905814864103,0.010061267536517255,0.08073815451106074,0.12073151855984286
6,human6_antalgic7/human6_antalgic7_SkeletonData6.csv,antalgic,antalgic,0.7878693790069209,8.726075058053799e-05,0.02400481019795604,0.000649336873950151,0.1699585134455625,0.017430699725029978
6,human6_antalgic8/human6_antalgic8_SkeletonData1.csv,antalgic,normal,0.20330876319309996,1.6492528078371007e-05,0.6190845373290345,0.007193366323230608,0.1666033308564941,0.0037935097700624748
6,human6_antalgic8/human6_antalgic8_SkeletonData2.csv,antalgic,antalgic,0.8220661816176581,2.8714459455779778e-05,0.019082221012291407,0.00030020685149187844,0.15632846441285234,0.0021942116462505285
6,human6_antalgic8/human6_antalgic8_SkeletonData3.csv,antalgic,normal,0.13069827358331784,1.5043035863997945e-05,0.48111137040379887,0.003174880838721775,0.3827242299566878,0.0022762021816097
6,human6_antalgic8/human6_antalgic8_SkeletonData4.csv,antalgic,antalgic,0.5086212437789595,0.0015976032895309057,0.024751646915079983,0.00026956433044751134,0.38059988739841455,0.08416005428756752
6,human6_antalgic8/human6_antalgic8_SkeletonData5.csv,antalgic,normal,0.14042735881582658,1.8143300727853078e-07,0.8244230575203803,0.0015890634277305477,0.0313502014521374,0.002210137350917994
6,human6_antalgic8/human6_antalgic8_SkeletonData6.csv,antalgic,antalgic,0.5968757301937638,2.1611548179356814e-05,0.03406280095196309,0.00017297499832918394,0.360417726068904,0.008449156238860604
6,human6_antalgic9/human6_antalgic9_SkeletonData1.csv,antalgic,antalgic,0.6403265240095881,1.5284739076162944e-06,0.2612799029452678,0.015433399840459666,0.08200847291939438,0.0009501718113825216
6,human6_antalgic9/human6_antalgic9_SkeletonData2.csv,antalgic,antalgic,0.8105331543150343,1.7219105533473994e-05,0.005509503815278776,5.553682349936494e-05,0.17962092982297262,0.00426365611768128
6,human6_antalgic9/human6_antalgic9_SkeletonData3.csv,antalgic,normal,0.008049472122002889,8.806370359816806e-07,0.5390166960675546,0.39165306483914714,0.060603636928177294,0.0006762494060820679
6,human6_antalgic9/human6_antalgic9_SkeletonData4.csv,antalgic,stiff_legged,0.3498092588931444,0.0009325011277651226,0.1393919483969943,0.0018028720302246456,0.4486621066203042,0.05940131293156733
6,human6_antalgic9/human6_antalgic9_SkeletonData5.csv,antalgic,normal,0.22856650344893598,1.0051815838099095e-06,0.6708545936054583,0.005974533815099373,0.08178734329806601,0.01281602065085654
6,human6_antalgic9/human6_antalgic9_SkeletonData6.csv,antalgic,antalgic,0.8030597690686124,1.6517050594380754e-05,0.042768113400386776,5.377358862530386e-05,0.1521734582100666,0.0019283686817144535
6,human6_lurch10/human6_lurch10_SkeletonData1.csv,lurch,stiff_legged,3.8971274386694806e-05,0.13882619683519803,0.00019081730329712575,2.9214784139533524e-06,0.8181287317103919,0.04281236139831223
6,human6_lurch10/human6_lurch10_SkeletonData2.csv,lurch,lurch,1.7891923020882631e-07,0.9997637324145233,2.7642538344722997e-08,2.8947179298051206e-09,3.947677899167917e-05,0.00019658134999853396
6,human6_lurch10/human6_lurch10_SkeletonData3.csv,lurch,trendelenburg,3.958823697780785e-05,0.007937353302482639,4.921458933816797e-05,1.9213906146338063e-07,0.37460905492078583,0.6173645968113541
6,human6_lurch10/human6_lurch10_SkeletonData4.csv,lurch,lurch,6.864344786957522e-07,0.9989470842568621,1.9828581113711646e-07,3.144753374768059e-08,0.00048551133082142797,0.0005664882444925866
6,human6_lurch10/human6_lurch10_SkeletonData5.csv,lurch,trendelenburg,8.298582602947006e-05,0.05236055551551556,6.932600456333885e-06,1.0880374764841583e-06,0.26703075422393197,0.6805176837965901
6,human6_lurch10/human6_lurch10_SkeletonData6.csv,lurch,lurch,8.477164384432035e-06,0.9946009172595052,7.277713926467744e-07,8.885925194303189e-08,0.0006905538164711719,0.004699235128994566
6,human6_lurch11/human6_lurch11_SkeletonData1.csv,lurch,stiff_legged,2.4242110070605072e-05,0.1952510192751904,0.00016061626165297263,1.305513211231681e-06,0.7899698625875232,0.014592954252351593
6,human6_lurch11/human6_lurch11_SkeletonData3.csv,lurch,stiff_legged,2.038023157423193e-06,0.008687429332929696,9.37726004254351e-05,3.955347417803387e-07,0.7226344205295948,0.268581943979151
6,human6_lurch11/human6_lurch11_SkeletonData4.csv,lurch,lurch,5.696011352141578e-07,0.9997760669184089,2.160959061181225e-07,8.774699178984465e-09,8.115884391338263e-05,0.00014197976593706646
6,human6_lurch11/human6_lurch11_SkeletonData5.csv,lurch,stiff_legged,6.914213567410661e-06,0.00325210076749018,2.470287346432433e-05,3.375375243471145e-06,0.9701421205202319,0.026570786250002674
6,human6_lurch11/human6_lurch11_SkeletonData6.csv,lurch,lurch,1.3425070145728896e-05,0.9954222334373272,1.6974296378746897e-10,1.3250517597041738e-10,0.0031630649534343984,0.0014012762368445348
6,human6_lurch14/human6_lurch14_SkeletonData1.csv,lurch,stiff_legged,0.00018996223309729855,0.0022464677010512655,6.138342154671514e-06,2.2800978895751365e-06,0.9766577463511595,0.02089740527464753
6,human6_lurch14/human6_lurch14_SkeletonData2.csv,lurch,lurch,7.242588236365818e-06,0.9951938197348951,4.799481398793263e-07,1.7598945739873376e-08,0.00022891593569687453,0.004569524194086154
6,human6_lurch14/human6_lurch14_SkeletonData3.csv,lurch,trendelenburg,0.00015508197450522814,0.009922909145917997,0.019392080865805968,0.00014872012684329975,0.3725660755841755,0.597815132302752
6,human6_lurch14/human6_lurch14_SkeletonData4.csv,lurch,lurch,0.00023458005890217626,0.973567254580053,1.70445432310334e-06,3.094632792265807e-07,0.01428501180047408,0.011911139642968329
6,human6_lurch14/human6_lurch14_SkeletonData5.csv,lurch,stiff_legged,0.00041711045230987754,0.002363414014825282,5.51211531318074e-06,6.847886605789839e-07,0.9786767241459812,0.01853655448290993
6,human6_lurch14/human6_lurch14_SkeletonData6.csv,lurch,lurch,0.00018971084280089288,0.8685385011451393,0.00012496020042640656,0.0003876671206757688,0.13069756532625457,6.159536470292908e-05
6,human6_lurch17/human6_lurch17_SkeletonData1.csv,lurch,stiff_legged,3.821729608158815e-05,0.003006698364986383,0.0002765722120959653,7.824693924606407e-06,0.9693739725446303,0.0272967148882811
6,human6_lurch17/human6_lurch17_SkeletonData2.csv,lurch,lurch,6.369561139668671e-06,0.9952655614101311,1.1166382816853908e-06,1.3121394320527545e-07,0.004144839087842495,0.0005819820886617786
6,human6_lurch17/human6_lurch17_SkeletonData3.csv,lurch,stiff_legged,1.2105306290049855e-05,8.737413214214737e-05,3.423111291927414e-05,9.672982570543373e-07,0.9897916705360934,0.010073651614298075
6,human6_lurch17/human6_lurch17_SkeletonData4.csv,lurch,lurch,5.3902292662377304e-05,0.9927947745964862,2.279126999656957e-06,1.1348505585239735e-07,0.0058274997353390924,0.0013214307634568773
6,human6_lurch17/human6_lurch17_SkeletonData5.csv,lurch,stiff_legged,0.0009807416390778844,0.028737363652649794,0.0013918035471948448,0.0002927347807099643,0.6911835501050323,0.27741380627533524
6,human6_lurch17/human6_lurch17_SkeletonData6.csv,lurch,lurch,0.01096943349721209,0.6211808330182454,0.0007970078964292432,1.8698380908337952e-05,0.34766432283557935,0.01936970437162549
6,human6_lurch5/human6_lurch5_SkeletonData1.csv,lurch,stiff_legged,0.0004382217754138419,0.00015032872994674685,0.0002582441537782173,9.168955329191295e-06,0.9897435460590874,0.009400490326444667
6,human6_lurch5/human6_lurch5_SkeletonData2.csv,lurch,stiff_legged,0.002619702228666839,0.31525060914077024,0.00017423453360917938,7.240131375463245e-07,0.6544541190550484,0.027500611028767812
6,human6_lurch5/human6_lurch5_SkeletonData3.csv,lurch,stiff_legged,0.00010835199431039194,0.00022491982054427399,0.0004441058997994913,8.536176437564065e-06,0.993080362943634,0.00613372316527437
6,human6_lurch5/human6_lurch5_SkeletonData4.csv,lurch,lurch,0.00019252468138789035,0.7025015770929843,0.0002167718722091982,2.8364763360410646e-06,0.28744867752118236,0.009637612355900167
6,human6_lurch5/human6_lurch5_SkeletonData5.csv,lurch,stiff_legged,0.0031787269981152617,0.00020283586854769715,6.559218317897382e-06,3.788749474828511e-07,0.9957630613890086,0.0008484376510631182
6,human6_lurch5/human6_lurch5_SkeletonData6.csv,lurch,stiff_legged,0.006222839520344215,0.05349798936870296,9.44421585908325e-06,7.36022938919406e-08,0.9397055376450253,0.0005641156477744335
6,human6_lurch6/human6_lurch6_SkeletonData2.csv,lurch,lurch,3.6292748416480017e-07,0.9978730889557801,1.05207538961992e-07,3.352452609457426e-09,0.0003257116152064706,0.0018007279415375205
6,human6_lurch6/human6_lurch6_SkeletonData3.csv,lurch,stiff_legged,8.540824708800569e-06,0.05842950394602603,4.9934779672471116e-05,4.7556033330702215e-06,0.6668505351909936,0.27465672965526605
6,human6_lurch6/human6_lurch6_SkeletonData4.csv,lurch,lurch,1.0020730802733383e-07,0.9997416389961874,1.383581035124455e-07,5.17542563570078e-09,2.7499915923570934e-05,0.00023061734705185537
6,human6_lurch6/human6_lurch6_SkeletonData5.csv,lurch,stiff_legged,9.652654833639718e-05,0.017644350014806968,1.1725816262684538e-06,1.1462030455066788e-07,0.9718069190752033,0.010450917159722442
6,human6_lurch6/human6_lurch6_SkeletonData6.csv,lurch,lurch,4.197853070142865e-07,0.9989098789320526,3.645457074256489e-07,3.726427518865648e-08,0.0005619480129410987,0.0005273514597167537
6,human6_lurch8/human6_lurch8_SkeletonData1.csv,lurch,stiff_legged,5.074339392616706e-05,0.029690843046556996,0.00023190738910087525,4.5686201581388705e-06,0.8982028951989008,0.07181904235135689
6,human6_lurch8/human6_lurch8_SkeletonData2.csv,lurch,lurch,8.921449309441225e-06,0.9919580814391388,5.9986756472862625e-06,1.253779788076038e-07,0.0012077564159876939,0.0068191166419382925
6,human6_lurch8/human6_lurch8_SkeletonData3.csv,lurch,trendelenburg,2.5007892099426896e-06,0.0033453200484238757,0.0002576830180365941,5.720427256711311e-05,0.20569900955426026,0.7906382823175022
6,human6_lurch8/human6_lurch8_SkeletonData4.csv,lurch,lurch,8.498963595685073e-06,0.9973678185182471,4.2994613906377833e-07,9.644904603701492e-08,0.0019906537706995383,0.0006325023522727506
6,human6_lurch8/human6_lurch8_SkeletonData5.csv,lurch,stiff_legged,0.0003942401648626302,0.001740760315810781,2.497894712816098e-06,1.2234809853145116e-06,0.9908637144302775,0.006997563713351005
6,human6_lurch8/human6_lurch8_SkeletonData6.csv,lurch,lurch,0.00029412988903691653,0.7035059767449288,2.3164998119723805e-05,2.2493848728586475e-05,0.2960462523804033,0.00010798213878261125
6,human6_lurch9/human6_lurch9_SkeletonData1.csv,lurch,stiff_legged,3.647609912568634e-05,0.009717522827819274,1.7230481552092387e-05,2.76815626804499e-07,0.9492646590627642,0.04096383471311198
6,human6_lurch9/human6_lurch9_SkeletonData2.csv,lurch,lurch,1.0381381800629221e-05,0.9977267363484396,2.1495198198213768e-07,1.8424573351233955e-08,0.0017447893209211948,0.0005178595722832888
6,human6_lurch9/human6_lurch9_SkeletonData3.csv,lurch,stiff_legged,7.675870867459318e-05,0.002214797951237812,0.000456192426399224,7.019865868213713e-05,0.9033494418377317,0.09383261041727456
6,human6_lurch9/human6_lurch9_SkeletonData4.csv,lurch,lurch,2.7898042719885136e-06,0.9839303475984573,1.1488565810167427e-06,1.8415542851263743e-07,0.0034327222285124703,0.012632807356748474
6,human6_lurch9/human6_lurch9_SkeletonData5.csv,lurch,stiff_legged,1.0828877819167714e-05,0.0014079661520211236,2.2424633623337225e-06,2.4571988065421473e-07,0.7639518306661892,0.23462688612072743
6,human6_lurch9/human6_lurch9_SkeletonData6.csv,lurch,lurch,4.449124059685291e-06,0.9886397942889641,4.1092782574895605e-06,2.329847035753502e-08,0.006085931146318086,0.0052656928639304
6,human6_normal11/human6_normal11_SkeletonData1.csv,normal,normal,0.0005158645601444561,3.2050903033208426e-06,0.9548678394158303,0.03458745886435541,0.002473392033938458,0.007552240035428018
6,human6_normal11/human6_normal11_SkeletonData2.csv,normal,normal,0.00225738253553023,0.00041033669397323334,0.9454256846473889,0.01503321099016195,0.023251847373055613,0.013621537759890109
6,human6_normal11/human6_normal11_SkeletonData3.csv,normal,normal,4.134029920014958e-05,6.191132616208035e-06,0.9475773115469291,0.04409584018158785,0.005339112396916615,0.002940204442750144
6,human6_normal11/human6_normal11_SkeletonData4.csv,normal,normal,0.00029985738866079983,0.0007706412730359145,0.9709776888058957,0.016764349217609907,0.009681726727592113,0.0015057365872056516
6,human6_normal11/human6_normal11_SkeletonData5.csv,normal,normal,0.0002955676853694132,6.408705507886037e-07,0.979371448369264,0.016885759121812918,0.0018468145800233978,0.001599769372979418
6,human6_normal11/human6_normal11_SkeletonData6.csv,normal,normal,0.00253989685527797,0.00029909213144341625,0.9787648660216522,0.0005574299898540686,0.014287700010362885,0.0035510149914095373
6,human6_normal12/human6_normal12_SkeletonData1.csv,normal,normal,0.002882977559385054,2.8160570365681356e-05,0.8690406955634652,0.09882925423811921,0.01623453796657622,0.012984374102088626
6,human6_normal12/human6_normal12_SkeletonData2.csv,normal,normal,0.0020222506843541005,0.00036298905195701923,0.9692656250377372,0.01169462880365431,0.009207481171144541,0.007447025251152872
6,human6_normal12/human6_normal12_SkeletonData3.csv,normal,normal,0.0002604218431443256,4.568641962400189e-05,0.9269012793331302,0.01875537352984328,0.05166685450503284,0.0023703843692252776
6,human6_normal12/human6_normal12_SkeletonData4.csv,normal,normal,8.917858937563545e-05,0.0004855715760907926,0.990043265572993,0.0055401656212436794,0.0014473445177804987,0.0023944741225164043
6,human6_normal12/human6_normal12_SkeletonData5.csv,normal,normal,8.8030640535806e-05,1.8230815805751507e-06,0.9823898661842136,0.012936915256630866,0.002604276557551915,0.0019790882794873
6,human6_normal12/human6_normal12_SkeletonData6.csv,normal,normal,0.0023017221581099635,0.0003866264520153194,0.9813822153168141,0.0001924860948905026,0.012606521282970778,0.0031304286951992703
6,human6_normal16/human6_normal16_SkeletonData1.csv,normal,normal,0.0003196712439918712,3.158594643080242e-07,0.824532539093147,0.17217620389321345,0.0013472274808397301,0.0016240424293435028
6,human6_normal16/human6_normal16_SkeletonData2.csv,normal,normal,0.0009312979330725634,0.0004163293134010265,0.886071428078399,0.029469418455238216,0.016486079142844126,0.06662544707704507
6,human6_normal16/human6_normal16_SkeletonData3.csv,normal,normal,6.560401363980256e-05,5.389293416885985e-06,0.6043240636606714,0.3906804591368172,0.001933969481859821,0.0029905144135949397
6,human6_normal16/human6_normal16_SkeletonData4.csv,normal,normal,0.00019422925673248683,0.0009458761116050013,0.9738559019449805,0.018383487842894113,0.003094400949326767,0.0035261038944611484
6,human6_normal16/human6_normal16_SkeletonData5.csv,normal,normal,5.1451447499479264e-05,1.7348673280510154e-05,0.9512805724369322,0.015026712702782247,0.0013424809475522344,0.03228143379195349
6,human6_normal16/human6_normal16_SkeletonData6.csv,normal,normal,0.0013078393462460137,0.00042629401559645113,0.9845619424729303,0.000125022328212184,0.011145807352896333,0.0024330944841186577
6,human6_normal18/human6_normal18_SkeletonData1.csv,normal,normal,0.00047331850689133514,1.8435292446556103e-06,0.7693941684225651,0.2208595603861442,0.0005372260728057531,0.008733883082348943
6,human6_normal18/human6_normal18_SkeletonData2.csv,normal,normal,0.002942355283997916,0.00015030474164961415,0.9542667903635527,0.016932088065289338,0.015394910527922072,0.010313551017588449
6,human6_normal18/human6_normal18_SkeletonData3.csv,normal,normal,0.00022813994296264217,8.044697568656475e-06,0.8470988407964846,0.14200584872451086,0.0076472963793227195,0.0030118294591505936
6,human6_normal18/human6_normal18_SkeletonData4.csv,normal,normal,5.728203490583504e-05,9.394664789904167e-05,0.9926692244874836,0.005722589304231906,0.000644989345643802,0.0008119681798361141
6,human6_normal18/human6_normal18_SkeletonData5.csv,normal,normal,0.0003072467410881066,1.3896348761746781e-05,0.9487120244885647,0.016439188134306715,0.010778320283048586,0.02374932400422986
6,human6_normal18/human6_normal18_SkeletonData6.csv,normal,normal,0.0008580172225568504,3.039562572108042e-05,0.9947948373419011,0.00011956839521138855,0.003795484378483276,0.0004016970361261227
6,human6_normal20/human6_normal20_SkeletonData1.csv,normal,normal,0.0007819931174797567,1.5680599600000962e-06,0.7716855047454164,0.2229063680781006,0.0014243989050756374,0.0032001670939674934
6,human6_normal20/human6_normal20_SkeletonData2.csv,normal,normal,0.010707578553856005,8.203298607966518e-05,0.8153440854625723,0.000977397293647074,0.17067255852359306,0.0022163471802518616
6,human6_normal20/human6_normal20_SkeletonData3.csv,normal,normal,0.00600349715205083,4.7298931869422664e-05,0.624485911505323,0.030958231086949645,0.3291576813626933,0.009347379961113794
6,human6_normal20/human6_normal20_SkeletonData4.csv,normal,normal,0.000128446909603323,0.00012213304981353214,0.9936870611007097,0.00370797441878004,0.0017079126367070241,0.0006464718843862393
6,human6_normal20/human6_normal20_SkeletonData5.csv,normal,normal,4.605858043638738e-05,5.668765662790105e-06,0.9411901183533675,0.03209504692387245,0.0028733191939410174,0.02378978818271989
6,human6_normal20/human6_normal20_SkeletonData6.csv,normal,normal,0.0013897536496984303,7.503240220805722e-05,0.9929265881897972,0.0001918075052852374,0.00487641715869837,0.0005404010943125602
6,human6_normal4/human6_normal4_SkeletonData1.csv,normal,normal,0.00012658338434218597,1.7864100028253705e-06,0.9568340162164952,0.039778203311509996,0.000332223468611012,0.0029271872090389137
6,human6_normal4/human6_normal4_SkeletonData2.csv,normal,normal,0.00029231157931688435,0.0005837307918154835,0.9949378114222007,0.0005394210460491291,0.001141469241947781,0.002505255918670137
6,human6_normal4/human6_normal4_SkeletonData3.csv,normal,normal,4.738204025873154e-05,1.5022242691861358e-05,0.9855977368154102,0.0019444028194797933,0.006849382058047305,0.005546074024112076
6,human6_normal4/human6_normal4_SkeletonData4.csv,normal,normal,0.0009090780725437883,0.001494032684519273,0.9789151193593898,0.0006565971083366448,0.013000139055324059,0.005025033719886478
6,human6_normal4/human6_normal4_SkeletonData5.csv,normal,normal,0.00015131860435685715,1.2452245986337245e-06,0.7765013860011791,0.20740647846627203,0.000718086064498355,0.015221485639094886
6,human6_normal4/human6_normal4_SkeletonData6.csv,normal,normal,0.011739243849058006,0.0018889224316641841,0.9088146474070755,0.0021983425753020385,0.059695975689445985,0.015662868047454148
6,human6_normal5/human6_normal5_SkeletonData1.csv,normal,normal,0.0010370936072085022,1.7770591733475903e-05,0.9796654916957804,0.004635949788691368,0.011651220850436274,0.0029924734661501314
6,human6_normal5/human6_normal5_SkeletonData2.csv,normal,normal,0.0004524138960621176,0.0003170315939014588,0.9796543364561147,0.008435975621899152,0.0025990323936503712,0.008541210038372214
6,human6_normal5/human6_normal5_SkeletonData3.csv,normal,normal,9.294438191503091e-06,3.91170868597911e-06,0.8773867320859109,0.10758956646155497,0.00024232572053254427,0.014768169585124107
6,human6_normal5/human6_normal5_SkeletonData4.csv,normal,normal,0.00013993728013807173,0.00013850371699889827,0.9905411134748547,0.002682815985445484,0.0033410124745131835,0.0031566170680495526
6,human6_normal5/human6_normal5_SkeletonData5.csv,normal,normal,0.001160417800786444,9.3082839256547e-06,0.9432902345477425,0.03385117355707307,0.01056127406611194,0.01112759174436038
6,human6_normal5/human6_normal5_SkeletonData6.csv,normal,normal,0.0005645332937085848,0.0001299384255995456,0.9893175842255205,0.0001083955038740481,0.008116290920526074,0.0017632576307712983
6,human6_normal9/human6_normal9_SkeletonData1.csv,normal,normal,0.01135144210150542,4.86896675163274e-05,0.8755566449919768,0.017134969290782596,0.05071909679914404,0.04518915714907481
6,human6_normal9/human6_normal9_SkeletonData2.csv,normal,normal,0.016981683267235363,0.002057714898398522,0.8636681579147744,0.028553265490040083,0.08276895025698101,0.005970228172570785
6,human6_normal9/human6_normal9_SkeletonData3.csv,normal,normal,0.0017137448168385069,0.0004375887572493218,0.7942061168439677,0.003346051459761159,0.14580046970262323,0.05449602841955999
6,human6_normal9/human6_normal9_SkeletonData4.csv,normal,normal,0.0019389201276059846,0.0013333005332236876,0.9321203000553349,0.019182653372608657,0.034592683510945355,0.010832142400281686
6,human6_normal9/human6_normal9_SkeletonData5.csv,normal,normal,0.007497034404912948,4.703704869573215e-06,0.9381366492333765,0.00643238113822246,0.04648661229090093,0.0014426192277174797
6,human6_normal9/human6_normal9_SkeletonData6.csv,normal,normal,0.0012604041197007484,0.0023825364986604686,0.9551699287783074,0.00057881967715918,0.015294262953374344,0.025314047972797647
6,human6_steppage10/human6_steppage10_SkeletonData1.csv,steppage,steppage,5.181416137902776e-06,2.1866010880747495e-09,0.07789660423573527,0.9220094488738713,2.2338456818236384e-06,8.652944197274835e-05
6,human6_steppage10/human6_steppage10_SkeletonData2.csv,steppage,steppage,2.5255946299091716e-06,5.895777228365103e-07,0.04624445967784972,0.9477610458468186,3.14183010331421e-06,0.005988237472875578
6,human6_steppage10/human6_steppage10_SkeletonData3.csv,steppage,steppage,5.196105803911772e-06,1.1121204937979283e-07,0.013860844795714622,0.985346703578806,2.3480560501441113e-05,0.0007636637471245808
6,human6_steppage10/human6_steppage10_SkeletonData4.csv,steppage,steppage,5.426101154310843e-06,8.849980900653121e-06,0.040413692219877694,0.9587922307231947,4.296107283311229e-06,0.0007755048675891554
6,human6_steppage10/human6_steppage10_SkeletonData5.csv,steppage,normal,0.000685552339078853,2.3537707714793277e-06,0.6729015061587542,0.08543407899034317,0.005617788590879457,0.235358720150173
6,human6_steppage10/human6_steppage10_SkeletonData6.csv,steppage,steppage,0.0008470546940495013,3.0491802059102453e-05,0.4656772610421576,0.5121638740738867,0.00015316834692525601,0.021128150040921778
6,human6_steppage11/human6_steppage11_SkeletonData1.csv,steppage,steppage,0.00016374693254570753,7.943392719428398e-08,0.051202658112483986,0.9475433858983965,2.1819391694074774e-05,0.0010683102309524983
6,human6_steppage11/human6_steppage11_SkeletonData2.csv,steppage,steppage,0.0005516918192482748,3.4205765635189213e-06,0.1571483637410461,0.837495465788214,0.00019826547669625204,0.004602792598231897
6,human6_steppage11/human6_steppage11_SkeletonData3.csv,steppage,steppage,1.808904601952459e-07,1.4228285669189714e-09,0.0027904355639865753,0.9970332226998359,1.2779616241465203e-07,0.00017603162672654642
6,human6_steppage11/human6_steppage11_SkeletonData4.csv,steppage,steppage,2.0368848688112783e-05,1.1127718405788885e-06,0.09519345213533535,0.9026701911699502,2.4606922776793435e-05,0.0020902681514088518
6,human6_steppage11/human6_steppage11_SkeletonData5.csv,steppage,steppage,0.0003741706106452082,1.0267645501322156e-08,0.22537241346750414,0.7664892049133506,3.170354745490936e-05,0.007732497193399593
6,human6_steppage11/human6_steppage11_SkeletonData6.csv,steppage,steppage,1.6720391603770416e-05,1.1580219574628376e-07,0.07952489023081499,0.9200705431925519,2.9923637059017705e-05,0.0003578067457744676
6,human6_steppage12/human6_steppage12_SkeletonData1.csv,steppage,steppage,3.133315511471247e-05,5.144973874523449e-07,0.08213732342893208,0.9154488470309609,3.392287342784671e-05,0.0023480590141770077
6,human6_steppage12/human6_steppage12_SkeletonData2.csv,steppage,steppage,6.3370221014099e-05,6.248992441012806e-06,0.1750796777517879,0.8221117515493703,9.336119308152546e-05,0.0026455902923050983
6,human6_steppage12/human6_steppage12_SkeletonData3.csv,steppage,steppage,1.4499781632617354e-05,3.5645100388374875e-08,0.03535947121763215,0.9639485882838866,2.461988382432636e-05,0.0006527851879239839
6,human6_steppage12/human6_steppage12_SkeletonData4.csv,steppage,steppage,0.000817818383351624,5.712048117811086e-05,0.46057762071458314,0.5339081412569243,0.0026519622595732612,0.0019873369043895616
6,human6_steppage12/human6_steppage12_SkeletonData5.csv,steppage,steppage,7.900399298476717e-05,3.6133180560784833e-09,0.005323514384670164,0.9936341819361791,1.145327382323219e-05,0.0009518427990245301
6,human6_steppage12/human6_steppage12_SkeletonData6.csv,steppage,steppage,0.0004095177815437998,6.557277744795768e-07,0.08793311051994707,0.9111169462605461,0.0003142211372623549,0.0002255485729262022
6,human6_steppage13/human6_steppage13_SkeletonData1.csv,steppage,normal,0.001622724714468005,4.3983362167125566e-07,0.5438023665220246,0.45075986351837377,0.0012142560673575767,0.0026003493441543297
6,human6_steppage13/human6_steppage13_SkeletonData3.csv,steppage,steppage,9.061151697749597e-06,1.8616244936250062e-08,0.014532439740577028,0.984679507940408,1.4013747393262183e-05,0.0007649588036788901
6,human6_steppage13/human6_steppage13_SkeletonData4.csv,steppage,steppage,0.00010067428198073075,3.3096044300706068e-06,0.1359026852546421,0.8610522310673304,3.3221677828766314e-05,0.0029078781137878373
6,human6_steppage13/human6_steppage13_SkeletonData6.csv,steppage,normal,0.005253659266593535,5.136642954794968e-06,0.8351827414143713,0.15491665817063074,0.0035981445831000194,0.0010436599223494346
6,human6_steppage19/human6_steppage19_SkeletonData1.csv,steppage,steppage,0.0001433735797526259,2.9156206624226204e-07,0.32600234491838065,0.6729041525206584,0.0008088815100366512,0.0001409559091055231
6,human6_steppage19/human6_steppage19_SkeletonData2.csv,steppage,steppage,2.285155513017357e-06,2.075304216065473e-07,0.14937922793337483,0.8503735940498369,2.0627912403692606e-06,0.00024262253961327478
6,human6_steppage19/human6_steppage19_SkeletonData3.csv,steppage,steppage,5.7486294772972556e-05,9.827378782680901e-06,0.12010604552385161,0.8759325188207143,0.0006344119970772097,0.0032597099848011156
6,human6_steppage19/human6_steppage19_SkeletonData4.csv,steppage,steppage,5.018360752458998e-06,1.4343853552905649e-05,0.04146641517740133,0.9578410774547208,8.200382903047066e-06,0.0006649447706692887
6,human6_steppage19/human6_steppage19_SkeletonData5.csv,steppage,normal,0.00020120608203528454,9.299990372014282e-08,0.9616033373087995,0.01798543530905011,0.0003223736780346949,0.019887554622176666
6,human6_steppage19/human6_steppage19_SkeletonData6.csv,steppage,normal,0.0003190928701748862,9.57692326835982e-06,0.8736804667424876,0.11946037938635701,0.0004015521714163656,0.006128931906295855
6,human6_steppage3/human6_steppage3_SkeletonData1.csv,steppage,steppage,5.336466873361001e-05,1.3168031223719251e-08,0.03066837907218155,0.9691994072702178,2.097451638933524e-05,5.786130444659625e-05
6,human6_steppage3/human6_steppage3_SkeletonData2.csv,steppage,steppage,0.00047736933486944565,2.074936849056219e-06,0.2608243130189793,0.7262789221104766,0.0003739007421289827,0.012043419856696581
6,human6_steppage3/human6_steppage3_SkeletonData3.csv,steppage,steppage,1.539302010160914e-05,1.6003111388181776e-08,0.006997487238519238,0.9911941628787659,7.230085015300014e-06,0.0017857107744864366
6,human6_steppage3/human6_steppage3_SkeletonData4.csv,steppage,steppage,4.161542756615087e-06,1.533385837825721e-06,0.03565668631774699,0.9620494737234577,3.2374839893836966e-05,0.002255770190307114
6,human6_steppage3/human6_steppage3_SkeletonData5.csv,steppage,steppage,0.00016183037943991727,1.2446638442917734e-08,0.07150989943960982,0.9208539074886112,8.422624587039108e-05,0.007390123999830188
6,human6_steppage3/human6_steppage3_SkeletonData6.csv,steppage,steppage,0.0001599432263702061,1.0700842743875172e-06,0.059123592393401606,0.9388258560278764,7.031127961465468e-05,0.0018192269884628012
6,human6_steppage4/human6_steppage4_SkeletonData1.csv,steppage,steppage,0.002656014503932404,6.80307444624093e-06,0.2561529341551839,0.7326389789209553,0.001493230645816177,0.007052038699665785
6,human6_steppage4/human6_steppage4_SkeletonData2.csv,steppage,steppage,0.0015259359209151655,3.6137799623495906e-05,0.46736062733337297,0.5154077148938747,0.0012797691025121752,0.014389814949701428
6,human6_steppage4/human6_steppage4_SkeletonData3.csv,steppage,steppage,0.0017444665708152244,1.3907757910655358e-06,0.1170656099224417,0.8477137481691659,0.0026111466283028997,0.03086363793348323
6,human6_steppage4/human6_steppage4_SkeletonData4.csv,steppage,steppage,0.0006472186814364566,1.619636223120572e-05,0.12478468779599758,0.869081522722775,0.0007567097977630097,0.004713664639796786
6,human6_steppage4/human6_steppage4_SkeletonData5.csv,steppage,steppage,4.476613792569627e-05,9.937527477491406e-11,0.025153433014583504,0.9732628154504239,2.9370601562293423e-06,0.0015360482375351787
6,human6_steppage4/human6_steppage4_SkeletonData6.csv,steppage,steppage,0.0003024096336261348,4.435019311944885e-07,0.08691821706608566,0.9119212367266899,9.734339473852207e-05,0.0007603496769285496
6,human6_steppage8/human6_steppage8_SkeletonData1.csv,steppage,steppage,0.0003290370468785079,1.5277413979642187e-07,0.38349591138644334,0.6121463992785868,0.0001788792796105586,0.0038496202343409626
6,human6_steppage8/human6_steppage8_SkeletonData2.csv,steppage,normal,0.012853865483827278,6.14592869949351e-05,0.617405954413618,0.3551593834817272,0.006674316490849718,0.007845020842983103
6,human6_steppage8/human6_steppage8_SkeletonData3.csv,steppage,steppage,0.00034051963402454924,3.904576459421179e-08,0.27728041272536064,0.7198174415287464,0.0009620616068632845,0.001599525459240447
6,human6_steppage8/human6_steppage8_SkeletonData4.csv,steppage,normal,0.010330608250181882,7.65792819741783e-05,0.9489325309345376,0.01420110609114554,0.026036063563976964,0.00042311187818384264
6,human6_steppage8/human6_steppage8_SkeletonData5.csv,steppage,normal,0.0295285086861451,4.8742156209752004e-08,0.9672171576880403,0.000253832300353627,0.0009475372788158616,0.0020529153044890054
6,human6_steppage8/human6_steppage8_SkeletonData6.csv,steppage,normal,0.030143340402167575,1.9553526661721548e-06,0.6068889702172674,0.34427548249174467,0.01798071636695034,0.0007095351692037809
6,human6_stiff_legged13/human6_stiff_legged13_SkeletonData2.csv,stiff_legged,stiff_legged,0.11774131889294934,0.0004277454530566813,0.004780836807717428,5.07099030836454e-06,0.8757316563257223,0.001313371530245835
6,human6_stiff_legged13/human6_stiff_legged13_SkeletonData3.csv,stiff_legged,normal,0.020481908428317715,2.9302129773283098e-05,0.6426428141500925,0.11579804698861618,0.2083300730769766,0.012717855226223766
6,human6_stiff_legged13/human6_stiff_legged13_SkeletonData4.csv,stiff_legged,stiff_legged,0.008748714945036706,6.324875577026874e-05,0.0006345709509656205,6.333520899934959e-08,0.9905279671135808,2.543489943758878e-05
6,human6_stiff_legged13/human6_stiff_legged13_SkeletonData5.csv,stiff_legged,stiff_legged,0.1581819192165326,2.2008230084342654e-05,0.03714265851494603,0.010984040787712217,0.7818228431613451,0.011846530089379826
6,human6_stiff_legged13/human6_stiff_legged13_SkeletonData6.csv,stiff_legged,stiff_legged,0.030719359406530873,3.595071009074111e-05,6.731863839456477e-05,2.200602420544781e-07,0.9691640438712429,1.3107313498804126e-05
6,human6_stiff_legged16/human6_stiff_legged16_SkeletonData1.csv,stiff_legged,stiff_legged,0.08684511229570235,4.186539996745138e-06,5.72618474570003e-07,7.618900966897135e-09,0.9131309117014359,1.920922548946448e-05
6,human6_stiff_legged16/human6_stiff_legged16_SkeletonData2.csv,stiff_legged,stiff_legged,0.027193960100123704,0.00021256102150961253,0.003008290358729823,3.417570546403457e-06,0.9669718416854801,0.0026099292636105817
6,human6_stiff_legged16/human6_stiff_legged16_SkeletonData3.csv,stiff_legged,stiff_legged,0.02532034512646077,2.2810450852047573e-05,0.0441678797611986,0.0004530350755213044,0.924750457058861,0.005285472527106313
6,human6_stiff_legged16/human6_stiff_legged16_SkeletonData4.csv,stiff_legged,stiff_legged,0.10304725019749174,0.0002956105859539244,0.0010762531236407616,5.270057611411151e-07,0.8954734237154942,0.00010693537165834443
6,human6_stiff_legged16/human6_stiff_legged16_SkeletonData5.csv,stiff_legged,normal,0.015879613250633716,2.987955876339032e-06,0.43858221713982415,0.3602294216665213,0.18308432105612096,0.002221438931023475
6,human6_stiff_legged16/human6_stiff_legged16_SkeletonData6.csv,stiff_legged,stiff_legged,0.06738502500666735,2.5222326150170947e-05,0.0010445522013579624,2.7198265273741408e-06,0.9314572862990749,8.519434022228543e-05
6,human6_stiff_legged17/human6_stiff_legged17_SkeletonData1.csv,stiff_legged,normal,0.0405599068637738,1.9426836593349483e-05,0.5405255026979607,0.001607276632033746,0.39361433535400137,0.023673551615637032
6,human6_stiff_legged17/human6_stiff_legged17_SkeletonData2.csv,stiff_legged,stiff_legged,0.08546318630445392,0.0005248428098924339,0.06719129199361502,7.013995041936705e-05,0.8028691803894427,0.04388135855217674
6,human6_stiff_legged17/human6_stiff_legged17_SkeletonData3.csv,stiff_legged,stiff_legged,0.0260232563517264,0.00013280433804861317,0.2262822976807391,0.0014563732966402802,0.513070640943993,0.23303462738885264
6,human6_stiff_legged17/human6_stiff_legged17_SkeletonData4.csv,stiff_legged,stiff_legged,0.008211338421710812,4.138865749271261e-05,0.00045799724752307373,2.0281412744515696e-07,0.991207360272293,8.171258685297714e-05
6,human6_stiff_legged17/human6_stiff_legged17_SkeletonData5.csv,stiff_legged,normal,0.03925383560177845,1.1229298339498993e-05,0.687849599915708,0.007906077284588529,0.22131477899843574,0.04366447890114988
6,human6_stiff_legged17/human6_stiff_legged17_SkeletonData6.csv,stiff_legged,stiff_legged,0.06256689741593853,0.00011523154638838282,0.0006984296242575257,1.6940155789410083e-06,0.9365330332492301,8.471414860647897e-05
6,human6_stiff_legged19/human6_stiff_legged19_SkeletonData1.csv,stiff_legged,normal,0.27812600386576164,3.276894230810722e-05,0.4232455290145857,0.00013348110398340348,0.13036599733120832,0.16809621974215297
6,human6_stiff_legged19/human6_stiff_legged19_SkeletonData2.csv,stiff_legged,stiff_legged,0.15307163619449013,0.0010491074920427096,0.03767422695610188,7.265065191303998e-05,0.7842725979872469,0.023859780718205405
6,human6_stiff_legged19/human6_stiff_legged19_SkeletonData3.csv,stiff_legged,normal,0.0052845546973676275,0.00016067456944551524,0.44942395420584086,0.3882314058836716,0.021936015870641187,0.13496339477303312
6,human6_stiff_legged19/human6_stiff_legged19_SkeletonData4.csv,stiff_legged,stiff_legged,0.028784045419731036,0.0007656933952223857,0.010707688242360423,3.5286276455324997e-06,0.9587816281881452,0.0009574161268955047
6,human6_stiff_legged19/human6_stiff_legged19_SkeletonData5.csv,stiff_legged,normal,0.15808112309732145,3.5848861525290224e-06,0.6731594541166485,0.004000122462939564,0.11077695363291919,0.05397876180401877
6,human6_stiff_legged19/human6_stiff_legged19_SkeletonData6.csv,stiff_legged,stiff_legged,0.12262916125673666,0.00029076850814722217,0.0028126722803932026,3.883260595754788e-05,0.8666112908543723,0.0076172744943931395
6,human6_stiff_legged20/human6_stiff_legged20_SkeletonData1.csv,stiff_legged,normal,0.016368119820098705,0.0002139276794623853,0.6524735990097899,0.014265158907423104,0.11921339116093807,0.19746580342228767
6,human6_stiff_legged20/human6_stiff_legged20_SkeletonData2.csv,stiff_legged,stiff_legged,0.03558374831204517,0.0026420698176471964,0.01276367775198243,4.305854571038702e-05,0.9252245272100595,0.023742918362555224
6,human6_stiff_legged20/human6_stiff_legged20_SkeletonData3.csv,stiff_legged,normal,0.010917702581938592,0.00013828468810674231,0.7399102678514391,0.03506247916374431,0.19835099880823984,0.015620266906531484
6,human6_stiff_legged20/human6_stiff_legged20_SkeletonData4.csv,stiff_legged,stiff_legged,0.027923670229058385,0.0008527958405153232,0.0014952289585837715,8.812401463252925e-07,0.9693366159182975,0.0003908078133988472
6,human6_stiff_legged20/human6_stiff_legged20_SkeletonData5.csv,stiff_legged,normal,0.08895923248264784,3.083795040479565e-05,0.4799355595487598,0.21694374118644963,0.19865547331744818,0.015475155514289834
6,human6_stiff_legged20/human6_stiff_legged20_SkeletonData6.csv,stiff_legged,stiff_legged,0.011717681346477087,0.0001635405359576857,0.00012549174021323119,2.883886731041844e-07,0.9879352215164017,5.7776472277364586e-05
6,human6_stiff_legged4/human6_stiff_legged4_SkeletonData1.csv,stiff_legged,stiff_legged,0.07829421378867805,0.00011708668774437531,0.21546132393028147,0.0003621245270087421,0.6950573066371528,0.010707944429134461
6,human6_stiff_legged4/human6_stiff_legged4_SkeletonData2.csv,stiff_legged,stiff_legged,0.10206319881964372,0.002097897365435569,0.00250140563534512,1.1306434703275519e-05,0.889572975150769,0.003753216594103264
6,human6_stiff_legged4/human6_stiff_legged4_SkeletonData3.csv,stiff_legged,stiff_legged,0.008865192883903082,9.380825205527053e-05,0.20103896935586654,8.473825157151195e-05,0.7845758434630873,0.005341447793516132
6,human6_stiff_legged4/human6_stiff_legged4_SkeletonData4.csv,stiff_legged,stiff_legged,0.020730036462455248,0.0008792493226441675,0.0007420249010432286,5.325225186837479e-07,0.9771713756700662,0.0004767811212725213
6,human6_stiff_legged4/human6_stiff_legged4_SkeletonData5.csv,stiff_legged,stiff_legged,0.14007648338952336,1.3464582094715232e-05,0.1523379676011856,0.02359937656933761,0.6823162639973608,0.0016564438604980275
6,human6_stiff_legged4/human6_stiff_legged4_SkeletonData6.csv,stiff_legged,stiff_legged,0.07594888541041765,1.501595753199724e-05,4.640875379263288e-05,9.759323454156642e-08,0.9239860683555131,3.523929510124794e-06
6,human6_stiff_legged5/human6_stiff_legged5_SkeletonData1.csv,stiff_legged,stiff_legged,0.2282135290606469,4.299357113020424e-05,0.07621683562817175,0.0004423007867850364,0.6919238195629801,0.0031605213902859827
6,human6_stiff_legged5/human6_stiff_legged5_SkeletonData2.csv,stiff_legged,stiff_legged,0.1991703428380958,0.00014693550206368474,0.0024118927923502667,5.157136795623874e-06,0.7850188644747066,0.013246807255987892
6,human6_stiff_legged5/human6_stiff_legged5_SkeletonData3.csv,stiff_legged,stiff_legged,0.02512735527801355,2.7305684953325074e-05,0.040118903087316846,0.015364539904764954,0.9191393871923473,0.00022250885260409505
6,human6_stiff_legged5/human6_stiff_legged5_SkeletonData4.csv,stiff_legged,stiff_legged,0.09009846898718721,0.00014578738855337226,0.00043503472405131407,3.811046314041873e-07,0.9092872359524159,3.3091843160782904e-05
6,human6_stiff_legged5/human6_stiff_legged5_SkeletonData5.csv,stiff_legged,stiff_legged,0.3451922140988848,1.4306590643644224e-07,8.662839420386141e-07,4.178559029289242e-07,0.6548052493586543,1.1093367096475014e-06
6,human6_stiff_legged5/human6_stiff_legged5_SkeletonData6.csv,stiff_legged,stiff_legged,0.05972952993024123,8.716760041467675e-06,0.0002103576362184848,3.1622095744666035e-08,0.9400208090216512,3.0555029751806014e-05
6,human6_stiff_legged9/human6_stiff_legged9_SkeletonData2.csv,stiff_legged,stiff_legged,0.10244395410171568,0.0001963038776729216,0.0019432240641391436,2.332484032693147e-06,0.894345360770489,0.001068824701950729
6,human6_stiff_legged9/human6_stiff_legged9_SkeletonData3.csv,stiff_legged,stiff_legged,0.01590109036248765,1.2101012365973681e-05,0.007668460618766176,1.402323639353768e-05,0.9756258692012622,0.000778455568724498
6,human6_stiff_legged9/human6_stiff_legged9_SkeletonData4.csv,stiff_legged,stiff_legged,0.03832502684304738,8.415121357202693e-05,0.0004540015835507276,1.121489651298241e-06,0.9610966858161255,3.901305405312428e-05
6,human6_stiff_legged9/human6_stiff_legged9_SkeletonData6.csv,stiff_legged,stiff_legged,0.15035464362083908,7.202044442758077e-05,0.0006460353959655366,8.783478389047781e-07,0.8488920744150845,3.4347775844450955e-05
6,human6_trendelenburg1/human6_trendelenburg1_SkeletonData1.csv,trendelenburg,trendelenburg,0.001879658958399629,0.000363772144609306,0.02576787865138355,0.0011409789768899094,0.007369970750433645,0.963477740518284
6,human6_trendelenburg1/human6_trendelenburg1_SkeletonData2.csv,trendelenburg,stiff_legged,0.11508004105135335,0.006177505932894635,0.14218278747647511,0.0024744509676220376,0.5234703700207182,0.21061484455093676
6,human6_trendelenburg1/human6_trendelenburg1_SkeletonData3.csv,trendelenburg,trendelenburg,0.009590509418528029,1.3714666839274296e-05,0.22601279251622292,0.0034127256829563956,0.022600987557526004,0.7383692701579274
6,human6_trendelenburg1/human6_trendelenburg1_SkeletonData4.csv,trendelenburg,trendelenburg,0.06730198579023744,0.002088320480781203,0.0955351869882665,0.004088698589148172,0.20434248181748055,0.6266433263340861
6,human6_trendelenburg1/human6_trendelenburg1_SkeletonData5.csv,trendelenburg,trendelenburg,0.005904754758280385,1.3556465684777975e-05,0.01278923459133325,0.0001954031047302529,0.022746921754202582,0.9583501293257687
6,human6_trendelenburg1/human6_trendelenburg1_SkeletonData6.csv,trendelenburg,stiff_legged,0.2670536956753469,0.00042506061402257774,0.20170465592028258,0.006629896897779718,0.3621544716997733,0.1620322191927949
6,human6_trendelenburg10/human6_trendelenburg10_SkeletonData1.csv,trendelenburg,trendelenburg,0.004357639819395184,2.307421148846648e-05,0.41782768771497475,0.00651960057221871,0.01577299251126958,0.5554990051706533
6,human6_trendelenburg10/human6_trendelenburg10_SkeletonData2.csv,trendelenburg,trendelenburg,0.06837293237944862,0.0009720431164415619,0.05305700237672014,0.0013489624983660448,0.008652643142188748,0.8675964164868348
6,human6_trendelenburg10/human6_trendelenburg10_SkeletonData3.csv,trendelenburg,normal,0.008514470900123717,2.36014791488546e-05,0.7396539880399837,0.002963116915959813,0.1259931467311585,0.12285167593362546
6,human6_trendelenburg10/human6_trendelenburg10_SkeletonData4.csv,trendelenburg,stiff_legged,0.06706202216971476,0.0017295515622353411,0.32622328897129066,0.0046001908066538415,0.5518233676976338,0.04856157879247158
6,human6_trendelenburg10/human6_trendelenburg10_SkeletonData5.csv,trendelenburg,normal,0.018272538593356313,8.8883528401621e-06,0.464505452270129,0.004685076420544772,0.10299399078371559,0.40953405357941414
6,human6_trendelenburg10/human6_trendelenburg10_SkeletonData6.csv,trendelenburg,stiff_legged,0.1488571233671476,0.0002578111068460337,0.2029560219886237,0.0029738459871601762,0.5942881145964011,0.050667082953821455
6,human6_trendelenburg11/human6_trendelenburg11_SkeletonData1.csv,trendelenburg,normal,0.02878307175828185,1.954886285985546e-05,0.5409057045345581,0.01083349758606703,0.07541645138382112,0.3440417258744121
6,human6_trendelenburg11/human6_trendelenburg11_SkeletonData2.csv,trendelenburg,trendelenburg,0.11059281070789354,0.0006430020294661382,0.3611670679443763,0.033995070989190794,0.028378419791842018,0.4652236285372312
6,human6_trendelenburg11/human6_trendelenburg11_SkeletonData3.csv,trendelenburg,normal,0.003282028985834025,1.987475915670554e-06,0.9264879866865837,0.003595871946584679,0.02357135548623411,0.04306076941884792
6,human6_trendelenburg11/human6_trendelenburg11_SkeletonData4.csv,trendelenburg,stiff_legged,0.16044137420233803,0.0007442000071127508,0.3174763842592951,0.004388967426660152,0.403645250836107,0.11330382326848713
6,human6_trendelenburg11/human6_trendelenburg11_SkeletonData5.csv,trendelenburg,normal,0.002144102156060888,3.950158121043527e-07,0.718684348542782,0.24862967635442024,0.0010524831634666032,0.029488994767458247
6,human6_trendelenburg11/human6_trendelenburg11_SkeletonData6.csv,trendelenburg,stiff_legged,0.0714914447374622,0.00010648552139196965,0.0025380946053110555,0.0017660910853776223,0.9131056640648477,0.010992219985609288
6,human6_trendelenburg18/human6_trendelenburg18_SkeletonData1.csv,trendelenburg,steppage,0.0018050802791714825,4.815023038254714e-06,0.08523500227017547,0.8465056979017508,0.023727510739383624,0.04272189378648015
6,human6_trendelenburg18/human6_trendelenburg18_SkeletonData2.csv,trendelenburg,normal,0.03771331913990593,0.0010534556268338362,0.5148280211763652,0.0031626874052052786,0.10872447934069776,0.33451803731099206
6,human6_trendelenburg18/human6_trendelenburg18_SkeletonData3.csv,trendelenburg,normal,0.002974458679971114,8.68345546260073e-06,0.7245379291806459,0.0018696814633178706,0.13131610496076937,0.13929314225983316
6,human6_trendelenburg18/human6_trendelenburg18_SkeletonData4.csv,trendelenburg,stiff_legged,0.018014390396883226,0.0008818497352448233,0.06021827609723392,0.00014540498964590623,0.9106651235952126,0.010074955185779605
6,human6_trendelenburg18/human6_trendelenburg18_SkeletonData5.csv,trendelenburg,stiff_legged,0.04041314202774214,6.93627482423228e-06,0.2701319366974528,0.010074685792125046,0.5262558973906554,0.15311740181720043
6,human6_trendelenburg18/human6_trendelenburg18_SkeletonData6.csv,trendelenburg,stiff_legged,0.09802474152189217,0.00043885044788902184,0.026896638354848294,0.0001723041065256134,0.8712849407281503,0.0031825248406945612
6,human6_trendelenburg19/human6_trendelenburg19_SkeletonData1.csv,trendelenburg,trendelenburg,0.0018825997083661758,2.6572959106396106e-05,0.2426596848352732,0.017903112261112433,0.013315654493843717,0.724212375742298
6,human6_trendelenburg19/human6_trendelenburg19_SkeletonData2.csv,trendelenburg,trendelenburg,0.11406554025743566,0.0012753088043729653,0.2348557057356159,0.0009519799786413699,0.08961048680051568,0.5592409784234184
6,human6_trendelenburg19/human6_trendelenburg19_SkeletonData3.csv,trendelenburg,normal,0.00022264556369721553,2.756602584537849e-06,0.8305531513821338,0.1327239386303324,0.0032214200332164357,0.033276087788035556
6,human6_trendelenburg19/human6_trendelenburg19_SkeletonData4.csv,trendelenburg,stiff_legged,0.05960172987450696,0.0088731786115269,0.10065287552808726,0.0015939090991446987,0.47229492842156434,0.35698337846516975
6,human6_trendelenburg19/human6_trendelenburg19_SkeletonData5.csv,trendelenburg,normal,0.01063353521417123,8.931151455726736e-06,0.618905437528262,0.002871028450036469,0.04712258141464968,0.32045848624142487
6,human6_trendelenburg19/human6_trendelenburg19_SkeletonData6.csv,trendelenburg,stiff_legged,0.13012269270759555,0.0014023477713701986,0.3065828844497463,0.0003831780750829633,0.42253656608819945,0.13897233090800548
6,human6_trendelenburg4/human6_trendelenburg4_SkeletonData2.csv,trendelenburg,trendelenburg,0.07524738434452519,0.0046628073305631035,0.2090698950017701,0.022370482163846694,0.05719904981475599,0.6314503813445389
6,human6_trendelenburg4/human6_trendelenburg4_SkeletonData3.csv,trendelenburg,trendelenburg,0.0037327496330577256,9.86013695590407e-06,0.16475954891302608,0.001010139654149065,0.00484669947623249,0.8256410021865787
6,human6_trendelenburg4/human6_trendelenburg4_SkeletonData4.csv,trendelenburg,trendelenburg,0.14882589595830883,0.001313085545544568,0.17792921147881097,0.0021230703600261603,0.06696376984710307,0.6028449668102065
6,human6_trendelenburg4/human6_trendelenburg4_SkeletonData5.csv,trendelenburg,trendelenburg,0.03754244672414877,1.6788492051290435e-05,0.1659194950783213,0.0021613567367680395,0.016546021851484155,0.7778138911172264
6,human6_trendelenburg4/human6_trendelenburg4_SkeletonData6.csv,trendelenburg,stiff_legged,0.2758169687498917,0.001040226456363757,0.10075626460972895,0.0029545958436052984,0.4933984133013924,0.126033531039018
6,human6_trendelenburg5/human6_trendelenburg5_SkeletonData1.csv,trendelenburg,trendelenburg,0.0009924351048512623,9.725000533896638e-05,0.3723244988883073,0.03436935867803117,0.013974112495807708,0.5782423448276636
6,human6_trendelenburg5/human6_trendelenburg5_SkeletonData2.csv,trendelenburg,trendelenburg,0.012803180341574242,0.004324385517363575,0.1485127359083771,0.0008098993096904553,0.02307827746102038,0.8104715214619742
6,human6_trendelenburg5/human6_trendelenburg5_SkeletonData3.csv,trendelenburg,trendelenburg,0.003595985974045521,6.878192230512946e-05,0.2146105763396626,0.0195547075633616,0.007955045966033521,0.7542149022345916
6,human6_trendelenburg5/human6_trendelenburg5_SkeletonData4.csv,trendelenburg,trendelenburg,0.06707121578389363,0.0067628674359955015,0.27826915528955004,0.01549046917867386,0.15357965383756875,0.47882663847431817
6,human6_trendelenburg5/human6_trendelenburg5_SkeletonData5.csv,trendelenburg,trendelenburg,0.038707918501166234,2.9330599084232403e-05,0.4459096137307912,0.0027648271394910347,0.027497995448975864,0.4850903145804916
6,human6_trendelenburg5/human6_trendelenburg5_SkeletonData6.csv,trendelenburg,antalgic,0.46706963301889354,0.0009316243222434979,0.13083157535284318,0.009320071659294705,0.18912418039651926,0.2027229152502057
6,human6_trendelenburg9/human6_trendelenburg9_SkeletonData1.csv,trendelenburg,normal,0.004728261093015072,1.8668797144771183e-05,0.4849259567653686,0.004241443948668239,0.05319006005016921,0.4528956093456341
6,human6_trendelenburg9/human6_trendelenburg9_SkeletonData2.csv,trendelenburg,trendelenburg,0.1300749973352617,0.0011393880367935067,0.10389524221468399,0.003462075633139625,0.022958258319990786,0.7384700384601304
6,human6_trendelenburg9/human6_trendelenburg9_SkeletonData3.csv,trendelenburg,trendelenburg,0.005194456055126162,1.6533969173547486e-05,0.3467314148019198,0.001869985006024623,0.09290329721632239,0.5532843129514334
6,human6_trendelenburg9/human6_trendelenburg9_SkeletonData4.csv,trendelenburg,trendelenburg,0.04788598474628716,0.00751248388250207,0.07430215788443852,0.005017295322910973,0.3391708302987444,0.526111247865117
6,human6_trendelenburg9/human6_trendelenburg9_SkeletonData5.csv,trendelenburg,normal,0.04686909991295606,2.2287413756568732e-05,0.3319786606517557,0.00939669531050231,0.3231297266638881,0.28860353004714123
6,human6_trendelenburg9/human6_trendelenburg9_SkeletonData6.csv,trendelenburg,stiff_legged,0.040210876566520094,0.0010145773941136471,0.054506183482129156,0.0008888938908413935,0.8737499979622809,0.02962947070411471
7,human7_antalgic10/human7_antalgic10_SkeletonData1.csv,antalgic,trendelenburg,0.11533433490909138,0.00010350905540431308,0.02595161572584799,0.06190445797089,0.0007711773074700261,0.7959349050312964
7,human7_antalgic10/human7_antalgic10_SkeletonData2.csv,antalgic,trendelenburg,5.3918612372477645e-05,1.2563485016341491e-05,0.008461681603595759,0.4604613681539241,1.7982309491663822e-05,0.5309924858355997
7,human7_antalgic10/human7_antalgic10_SkeletonData3.csv,antalgic,trendelenburg,0.0436675698465599,3.912234922019038e-05,0.07857643151613113,0.04626987754870539,0.0044097200564666055,0.8270372786829167
7,human7_antalgic10/human7_antalgic10_SkeletonData4.csv,antalgic,steppage,0.005170564523117431,0.00014021711505844532,0.0720759768891681,0.591953634886266,0.009857917934691495,0.3208016886516985
7,human7_antalgic10/human7_antalgic10_SkeletonData5.csv,antalgic,trendelenburg,0.032398758505153585,0.00018661067399401086,0.08634489500696113,0.06662548225025974,0.0047168257074547484,0.8097274278561767
7,human7_antalgic10/human7_antalgic10_SkeletonData6.csv,antalgic,steppage,0.0054130260500265545,2.2498226297722356e-05,0.22415859487785306,0.7184519707858045,0.011279971304337276,0.040673938755680906
7,human7_antalgic11/human7_antalgic11_SkeletonData1.csv,antalgic,trendelenburg,0.4405810742965019,1.250712364347002e-05,0.025998709440497626,0.023102464562642384,0.0012708283006556168,0.509034416276059
7,human7_antalgic11/human7_antalgic11_SkeletonData2.csv,antalgic,steppage,0.00302974333983657,1.0446316890628407e-06,0.011980351195509033,0.7474756993781562,0.00013682190087443337,0.23737633955393458
7,human7_antalgic11/human7_antalgic11_SkeletonData3.csv,antalgic,antalgic,0.5989662999498209,9.730810845342357e-06,0.045962735005773185,0.10626967852731706,0.01744237755633484,0.2313491781499086
7,human7_antalgic11/human7_antalgic11_SkeletonData4.csv,antalgic,steppage,0.004481733155189957,3.411051338205792e-05,0.022128037228054825,0.807796692764754,0.007401176190443287,0.15815825014817592
7,human7_antalgic11/human7_antalgic11_SkeletonData5.csv,antalgic,trendelenburg,0.050133104080819085,3.3451427719000485e-05,0.06199055080075672,0.02177742552245894,0.009304025112616757,0.8567614430556296
7,human7_antalgic11/human7_antalgic11_SkeletonData6.csv,antalgic,steppage,0.025323557332245013,1.9554805273675117e-05,0.22641705966747666,0.6308306941483118,0.0676538571786371,0.04975527686805565
7,human7_antalgic14/human7_antalgic14_SkeletonData1.csv,antalgic,trendelenburg,0.013190506723049689,1.1393486193691067e-05,0.3269537717977635,0.050548204415839584,0.00018882690115866165,0.6091072966759948
7,human7_antalgic14/human7_antalgic14_SkeletonData2.csv,antalgic,trendelenburg,0.0007897326856076557,5.249937482246231e-05,0.014590273070543218,0.33005588158714516,0.0005082916778694181,0.654003321604012
7,human7_antalgic14/human7_antalgic14_SkeletonData3.csv,antalgic,trendelenburg,0.020198214568944273,2.7207871818562657e-05,0.06493571795880507,0.16702482445862427,0.0028478815762828804,0.7449661535655249
7,human7_antalgic14/human7_antalgic14_SkeletonData5.csv,antalgic,trendelenburg,0.11747429983328478,1.197829398887681e-05,0.12453267810450844,0.24726170198047462,0.0011499230529657689,0.5095694187347776
7,human7_antalgic14/human7_antalgic14_SkeletonData6.csv,antalgic,steppage,0.0017308312813475344,3.6542246080716073e-06,0.013627129456414215,0.9527401714132955,0.0007587782786904914,0.03113943534564422
7,human7_antalgic15/human7_antalgic15_SkeletonData1.csv,antalgic,antalgic,0.4695312065621874,9.006555742587237e-06,0.0559003237359513,0.006274109612092577,0.016373858307108632,0.45191149522691765
7,human7_antalgic15/human7_antalgic15_SkeletonData2.csv,antalgic,steppage,0.024436744397314927,4.8099690770869e-05,0.04233530993644221,0.4699497532109183,0.01829649544754599,0.44493359731700777
7,human7_antalgic15/human7_antalgic15_SkeletonData3.csv,antalgic,trendelenburg,0.1180212351355802,5.7376305246992566e-05,0.07258797595756161,0.030899115374312617,0.022215996196910125,0.7562183010303885
7,human7_antalgic15/human7_antalgic15_SkeletonData5.csv,antalgic,steppage,0.03581945811186149,4.2691833083394665e-07,0.0004141423700702006,0.7129511649778105,0.0006337827747825911,0.2501810248471443
7,human7_antalgic15/human7_antalgic15_SkeletonData6.csv,antalgic,steppage,0.015247419651269465,1.2888854238597521e-05,0.11666988267407988,0.7686212190497407,0.01328526326075093,0.08616332650992041
7,human7_antalgic17/human7_antalgic17_SkeletonData1.csv,antalgic,trendelenburg,0.03929235586885355,1.987649689303344e-05,0.08373435134329019,0.0503699314569326,0.001427026604167704,0.8251564582298628
7,human7_antalgic17/human7_antalgic17_SkeletonData2.csv,antalgic,steppage,0.0007849128985849105,2.5312954207126004e-05,0.024531190270502618,0.6309939767228138,0.0005898011997329984,0.3430748059541585
7,human7_antalgic17/human7_antalgic17_SkeletonData3.csv,antalgic,trendelenburg,0.052188219070861006,7.87940695775485e-06,0.25565761314860797,0.07140424565052654,0.0037294468242560735,0.6170125958987905
7,human7_antalgic17/human7_antalgic17_SkeletonData5.csv,antalgic,steppage,0.06178887008855809,1.3347658457164317e-06,0.03686660723770633,0.5601008584555741,0.001200511590496703,0.3400418178618191
7,human7_antalgic17/human7_antalgic17_SkeletonData6.csv,antalgic,steppage,0.003989682405739634,2.4994305979562774e-06,0.09697536309625603,0.8694614819183701,0.001543409612720703,0.028027563536315494
7,human7_antalgic6/human7_antalgic6_SkeletonData1.csv,antalgic,trendelenburg,0.12618703920687974,0.0005691378606958676,0.010020607109655163,0.0035029576673111643,0.014682687658476025,0.8450375704969819
7,human7_antalgic6/human7_antalgic6_SkeletonData2.csv,antalgic,steppage,0.001877667150382428,4.163540320227205e-05,0.04314150788489567,0.8450234303344067,0.0007822129437453447,0.10913354628336747
7,human7_antalgic6/human7_antalgic6_SkeletonData3.csv,antalgic,trendelenburg,0.05118140578312971,0.00019039040883023824,0.005665072631933265,0.10531496731471308,0.0027512707173045605,0.8348968931440892
7,human7_antalgic6/human7_antalgic6_SkeletonData4.csv,antalgic,steppage,0.002060886991404526,6.438195752809002e-06,0.017235573210197874,0.8565068294222974,0.001222002406611073,0.12296826977373644
7,human7_antalgic6/human7_antalgic6_SkeletonData5.csv,antalgic,trendelenburg,0.029454049110176826,4.625971580928695e-06,0.004213825996795781,0.009640948538414258,0.0005585969589526152,0.9561279534240796
7,human7_antalgic6/human7_antalgic6_SkeletonData6.csv,antalgic,steppage,0.006950302420969696,6.4531641002924535e-06,0.03116483897664477,0.9065300243502303,0.003272817157807518,0.05207556393024731
7,human7_antalgic7/human7_antalgic7_SkeletonData2.csv,antalgic,trendelenburg,0.007156971610671472,7.268241999200986e-05,0.030572076612410952,0.47660705264713615,0.0037999818593991933,0.4817912348503902
7,human7_antalgic7/human7_antalgic7_SkeletonData3.csv,antalgic,antalgic,0.46431832001412465,0.00013157633547165827,0.024735948439913957,0.0040529215843752645,0.06115455060252891,0.44560668302358547
7,human7_antalgic7/human7_antalgic7_SkeletonData4.csv,antalgic,steppage,0.04289670073761,0.000174917818939679,0.07323339461324876,0.42161982307331647,0.045289824466913896,0.4167853392899713
7,human7_antalgic7/human7_antalgic7_SkeletonData5.csv,antalgic,antalgic,0.7570166049174692,0.00017528280501619988,0.05631951530168446,0.004175375475901452,0.03755983601903116,0.14475338548089764
7,human7_antalgic7/human7_antalgic7_SkeletonData6.csv,antalgic,stiff_legged,0.2389130403701309,8.714720311617207e-05,0.2448228483179365,0.1077222764421477,0.2786109602748294,0.12984372739183936
7,human7_antalgic9/human7_antalgic9_SkeletonData1.csv,antalgic,antalgic,0.6150457511719922,1.268968524315625e-05,0.0009386944906290799,0.0009541207069735581,0.009833795154826902,0.3732149487903351
7,human7_antalgic9/human7_antalgic9_SkeletonData2.csv,antalgic,steppage,0.005006621816512347,1.7196608896345627e-06,0.042630251960235795,0.7880685481516325,0.0005447150053409163,0.16374814340538874
7,human7_antalgic9/human7_antalgic9_SkeletonData3.csv,antalgic,trendelenburg,0.17479989208391422,0.0003327519846865668,0.22264036703116086,0.028000094417964527,0.05196217630308252,0.5222647181791913
7,human7_antalgic9/human7_antalgic9_SkeletonData4.csv,antalgic,steppage,0.01773111478904838,5.1377626708153925e-05,0.11961780689026523,0.6517670101715721,0.015539721003094545,0.19529296951931158
7,human7_antalgic9/human7_antalgic9_SkeletonData5.csv,antalgic,normal,0.16735742155307823,4.496221033817136e-05,0.633683850121393,0.039154079755796184,0.036087807484149824,0.1236718788752445
7,human7_antalgic9/human7_antalgic9_SkeletonData6.csv,antalgic,steppage,0.033533589305551934,5.054737999401031e-05,0.2210723467796271,0.39865325878301394,0.15446673455684137,0.19222352319497155
7,human7_lurch14/human7_lurch14_SkeletonData1.csv,lurch,lurch,0.001976616593702154,0.9312123864139812,4.22600126608675e-06,4.983602323612441e-07,0.012151458479458675,0.05465481415135949
7,human7_lurch14/human7_lurch14_SkeletonData2.csv,lurch,trendelenburg,7.670943014512174e-05,0.15930002381138972,0.03481106075331256,0.14701862798443807,0.08036485786016158,0.5784287201605529
7,human7_lurch14/human7_lurch14_SkeletonData3.csv,lurch,lurch,0.0014846147246760516,0.9492662064437689,2.3283184381298946e-06,1.7048372277650777e-07,0.030096702103484498,0.019149977925909833
7,human7_lurch14/human7_lurch14_SkeletonData4.csv,lurch,trendelenburg,8.171472761181667e-05,0.38994118835729674,0.0005098094315287083,0.00010952244322285796,0.007670590763129828,0.6016871742772101
7,human7_lurch14/human7_lurch14_SkeletonData5.csv,lurch,lurch,0.031632059805709725,0.7271215794266324,1.9086810986519693e-05,1.6348916880509348e-06,0.15453944603506692,0.08668619302991648
7,human7_lurch14/human7_lurch14_SkeletonData6.csv,lurch,trendelenburg,0.0014696658716671631,0.1948202368320783,0.06694008358005506,0.05117126316518194,0.30636878051456207,0.3792299700364556
7,human7_lurch16/human7_lurch16_SkeletonData1.csv,lurch,lurch,1.7893673181427545e-06,0.9977342805080855,3.5681335275303145e-09,2.0912332684124311e-10,3.995739285692149e-05,0.002223968954482821
7,human7_lurch16/human7_lurch16_SkeletonData2.csv,lurch,lurch,8.402681304789215e-08,0.9931231751658065,2.2663127104452077e-06,7.809266965178931e-07,0.00010184014068942977,0.006771853427284158
7,human7_lurch16/human7_lurch16_SkeletonData3.csv,lurch,lurch,9.294815365273972e-06,0.9974323423012352,1.3891904612232376e-08,1.0458660079924845e-08,3.816979641190174e-05,0.0025201687364226374
7,human7_lurch16/human7_lurch16_SkeletonData4.csv,lurch,lurch,1.4776494072435256e-06,0.9839083133030241,0.00014248451429757042,6.782228427989541e-06,0.0001010615393760187,0.015839880765467208
7,human7_lurch16/human7_lurch16_SkeletonData5.csv,lurch,lurch,5.597350362614109e-05,0.9986259410266043,5.00913491192893e-08,2.224152380158358e-08,0.00020176504685284237,0.0011162480900436397
7,human7_lurch16/human7_lurch16_SkeletonData6.csv,lurch,lurch,9.678398412231638e-06,0.9912085409529016,5.661967375676589e-07,4.959676744396969e-06,0.00047959172143545486,0.00829666305376871
7,human7_lurch17/human7_lurch17_SkeletonData1.csv,lurch,lurch,0.0001732647924482398,0.9853043935701878,4.347582590511662e-08,7.892305352793021e-09,0.00033753132838799054,0.01418475894084468
7,human7_lurch17/human7_lurch17_SkeletonData2.csv,lurch,lurch,8.147030272325126e-07,0.9203623868206934,8.06946270789094e-06,9.57050137900809e-06,0.00014768090135451313,0.07947147761083785
7,human7_lurch17/human7_lurch17_SkeletonData3.csv,lurch,lurch,5.14325285579524e-06,0.998758990691148,1.4379877195333199e-09,2.650033100112015e-09,0.0002497988206226643,0.0009860631473526038
7,human7_lurch17/human7_lurch17_SkeletonData4.csv,lurch,lurch,3.2271151924705006e-06,0.993975150860708,6.52172026995632e-08,8.208691916108716e-07,5.9409492176689086e-05,0.005961326445528438
7,human7_lurch17/human7_lurch17_SkeletonData5.csv,lurch,lurch,4.853581432112435e-05,0.9945591211625004,7.504251336982322e-09,3.8357297580807666e-09,0.0002301111834911826,0.005162220499706032
7,human7_lurch17/human7_lurch17_SkeletonData6.csv,lurch,lurch,1.4036688750881023e-06,0.7905986685505504,0.013900770657195766,0.01943502993668364,0.0001805727043242546,0.17588355448237097
7,human7_lurch18/human7_lurch18_SkeletonData2.csv,lurch,lurch,6.610647341853073e-07,0.5056785357642256,0.000227406573622074,6.028749138684619e-06,6.622445786436637e-05,0.4940211433904151
7,human7_lurch18/human7_lurch18_SkeletonData3.csv,lurch,lurch,6.0432084868014865e-05,0.9974570260831596,8.242169977115648e-09,1.934092924470989e-09,0.0005986839501776122,0.001883847705532097
7,human7_lurch18/human7_lurch18_SkeletonData4.csv,lurch,lurch,7.866871799426424e-06,0.9732134430713448,7.048873491788318e-07,1.1103158011091357e-05,0.0026994053066179955,0.02406747670487744
7,human7_lurch2/human7_lurch2_SkeletonData1.csv,lurch,lurch,0.000567215557488402,0.9915765762625275,5.617790051883996e-07,3.469504445087738e-08,0.0018457972630689509,0.006009814442865399
7,human7_lurch2/human7_lurch2_SkeletonData2.csv,lurch,lurch,0.0001488689336199446,0.9762572263664739,2.4733512041352114e-06,1.3873300141795052e-05,9.500249306272026e-05,0.023482555555497484
7,human7_lurch2/human7_lurch2_SkeletonData3.csv,lurch,lurch,5.4976825755958095e-05,0.9951886317825173,3.726787473707067e-08,5.798911914515249e-09,0.00018802763374993782,0.004568320691190373
7,human7_lurch2/human7_lurch2_SkeletonData4.csv,lurch,lurch,5.959956839685536e-07,0.9605259463767823,5.2236416365840065e-06,9.35449867846251e-06,0.00011241553680530352,0.03934646395041351
7,human7_lurch2/human7_lurch2_SkeletonData5.csv,lurch,lurch,0.0008737113470674067,0.9932892777127246,4.0039373421925617e-07,1.580311891280432e-08,0.0008295270597797591,0.005007067683575083
7,human7_lurch2/human7_lurch2_SkeletonData6.csv,lurch,lurch,2.7122072859747555e-06,0.8336308540682605,0.004045689429466787,0.0006658998349368138,0.00035354229377878134,0.16130130216627125
7,human7_lurch3/human7_lurch3_SkeletonData1.csv,lurch,lurch,0.000683930817698949,0.9884107061013632,5.119401523408008e-07,4.100769156495391e-08,0.001894019015736074,0.009010791117357947
7,human7_lurch3/human7_lurch3_SkeletonData2.csv,lurch,trendelenburg,0.0002726923338012185,0.42449230741682425,2.2187979916653205e-06,7.935343234181503e-05,0.0005177813294325664,0.5746356466896085
7,human7_lurch3/human7_lurch3_SkeletonData3.csv,lurch,lurch,5.4063972848405696e-06,0.9986156218575685,1.732060603580881e-08,3.082471169443195e-09,0.00040056748358373946,0.0009783838584857018
7,human7_lurch3/human7_lurch3_SkeletonData4.csv,lurch,lurch,9.465467646438158e-07,0.9905298754179489,7.488487241742859e-06,2.2604601324178926e-06,0.0006660812142807072,0.008793347873631544
7,human7_lurch3/human7_lurch3_SkeletonData5.csv,lurch,lurch,0.012559725449099413,0.9610244432961167,6.152302717505579e-08,1.0995929090778076e-08,0.023259500387442046,0.0031562583483856774
7,human7_lurch4/human7_lurch4_SkeletonData1.csv,lurch,lurch,0.0002433082176094067,0.990211501590448,6.366967525950535e-08,7.926439985467921e-09,0.0009840731207202337,0.008561045475107294
7,human7_lurch4/human7_lurch4_SkeletonData2.csv,lurch,lurch,1.5207408785557528e-05,0.638978870408907,1.2011977190530462e-06,3.955264657247394e-05,3.235547015812589e-05,0.3609328128678577
7,human7_lurch4/human7_lurch4_SkeletonData3.csv,lurch,lurch,0.0001249445107193197,0.9966463430360137,5.656962834027603e-08,1.3249111701649447e-08,0.0006518961789375279,0.0025767464555893063
7,human7_lurch4/human7_lurch4_SkeletonData5.csv,lurch,lurch,0.0036509909841750212,0.9245051176535626,5.749844639869442e-08,2.604323147438669e-07,0.058623679595293327,0.013219893836208009
7,human7_lurch4/human7_lurch4_SkeletonData6.csv,lurch,lurch,1.6648918252318604e-05,0.9804650591707499,2.5893371804882083e-06,4.567584792080403e-06,0.0008966122172272215,0.018614522771798123
7,human7_lurch8/human7_lurch8_SkeletonData1.csv,lurch,lurch,0.00043902819453252057,0.9724265324289116,1.5296534633765424e-06,3.873917341877014e-07,0.0046631366497267455,0.02246938568163149
7,human7_lurch8/human7_lurch8_SkeletonData2.csv,lurch,lurch,3.8548880189437995e-05,0.5606170062705654,0.0006804682142883475,0.013809530863704298,0.015409784697178446,0.40944466107407396
7,human7_lurch8/human7_lurch8_SkeletonData3.csv,lurch,lurch,0.0002547456101752392,0.9809040346540342,1.9032622762012519e-06,6.663448275294079e-07,0.0045935570328901375,0.014245093095796527
7,human7_lurch8/human7_lurch8_SkeletonData4.csv,lurch,trendelenburg,0.000464641675042472,0.48118008359316256,9.261317004162836e-05,0.00043403025215233023,0.0076537924935715165,0.5101748388160295
7,human7_lurch8/human7_lurch8_SkeletonData5.csv,lurch,lurch,0.0013853671541088062,0.9667804471036157,9.363099508517591e-07,2.825858232424624e-07,0.02454584510073934,0.007287121745762387
7,human7_lurch8/human7_lurch8_SkeletonData6.csv,lurch,lurch,6.84617362527297e-05,0.9635849818757178,1.1322620809233538e-05,0.00010669902000044492,0.007819394054961012,0.02840914069225878
7,human7_normal1/human7_normal1_SkeletonData1.csv,normal,normal,0.017139429040840457,9.720505901926664e-05,0.9341716439530434,0.0005600456393666608,0.04582545095356201,0.0022062253541681107
7,human7_normal1/human7_normal1_SkeletonData2.csv,normal,normal,0.0037782487777647976,2.0924585842097366e-05,0.9715935469680798,0.019773236851928482,0.0040739040681411764,0.0007601387482436668
7,human7_normal1/human7_normal1_SkeletonData3.csv,normal,normal,0.0011632542985068799,4.792596898289367e-05,0.9357441299516672,0.05072818986622042,0.005764700198642702,0.006551799715979933
7,human7_normal1/human7_normal1_SkeletonData4.csv,normal,normal,0.00139680634976012,9.400395573110907e-06,0.9620537741660584,0.031440813913587703,0.0019703659976045337,0.003128839177416015
7,human7_normal1/human7_normal1_SkeletonData5.csv,normal,normal,0.010752920632751488,7.302224264960107e-06,0.9737538431236137,0.0017329174677210265,0.009968253542079386,0.0037847630095694104
7,human7_normal1/human7_normal1_SkeletonData6.csv,normal,normal,0.0020724051783884245,1.3399396880185288e-05,0.9918724856319598,0.0024698728619426463,0.0007175135524002433,0.0028543233784286692
7,human7_normal11/human7_normal11_SkeletonData1.csv,normal,normal,0.02591497611717606,0.0002431730561704779,0.9426222385164215,0.0024038506015804325,0.0228924338670489,0.005923327841602466
7,human7_normal11/human7_normal11_SkeletonData2.csv,normal,normal,0.009631856787512683,9.355579470994481e-06,0.9472005450893738,0.0325504169353561,0.009631685848885928,0.0009761397594005455
7,human7_normal11/human7_normal11_SkeletonData3.csv,normal,normal,0.0014265258309217705,0.00022427960754992527,0.9546779357154428,0.02918747691245093,0.0034664800359136593,0.011017301897720589
7,human7_normal11/human7_normal11_SkeletonData5.csv,normal,normal,0.0017588839956876403,0.0006185548156408225,0.9209634014340082,0.0012699801801184017,0.00837352739351482,0.06701565218103005
7,human7_normal11/human7_normal11_SkeletonData6.csv,normal,normal,0.004056534033509953,6.529518923466303e-05,0.976182991459069,0.0018461090336182931,0.01689614100921111,0.0009529292753570518
7,human7_normal12/human7_normal12_SkeletonData1.csv,normal,normal,0.040130705106685885,0.00206469952434047,0.9042852144816774,0.0003015362953020864,0.035717553165934585,0.017500291426059578
7,human7_normal12/human7_normal12_SkeletonData2.csv,normal,normal,0.0008488353358885463,3.613994254955195e-06,0.9836275240108936,0.009511892015934859,0.0001870210811156917,0.0058211135619122166
7,human7_normal12/human7_normal12_SkeletonData3.csv,normal,normal,0.00017718920724679363,2.644973408660273e-06,0.9802741106414039,0.015348347034861359,0.0028357106631839027,0.0013619974798952824
7,human7_normal12/human7_normal12_SkeletonData4.csv,normal,normal,0.0007974053222024091,4.200517832674622e-06,0.852272257967053,0.14181793566044823,0.0014011052413414127,0.0037070952911222397
7,human7_normal12/human7_normal12_SkeletonData5.csv,normal,normal,0.013552404370568783,0.00010611752079239174,0.951304482705826,0.005589934808116893,0.0193114714265625,0.010135589168133357
7,human7_normal12/human7_normal12_SkeletonData6.csv,normal,normal,0.001807825280888889,1.3686604748793686e-05,0.993597783730285,0.0013625107580140044,0.0025603314177246365,0.0006578622083388921
7,human7_normal13/human7_normal13_SkeletonData1.csv,normal,normal,0.029481383750288772,0.003645977619743205,0.9489564265823027,0.0031793145296084833,0.007076490787783051,0.007660406730273724
7,human7_normal13/human7_normal13_SkeletonData2.csv,normal,normal,0.0036868198082344165,1.1124021017297537e-05,0.9441922514303295,0.044444142511724724,0.005171567633272103,0.002494094595422109
7,human7_normal13/human7_normal13_SkeletonData3.csv,normal,normal,0.0025158518558731,0.0001637841866274405,0.9016624241770548,0.082066573780243,0.009347717076755606,0.00424364892344596
7,human7_normal13/human7_normal13_SkeletonData4.csv,normal,normal,0.0004850312062803783,2.5371887021056807e-05,0.9702456131478777,0.025377499531150344,0.0019888656179279066,0.0018776186097424566
7,human7_normal13/human7_normal13_SkeletonData5.csv,normal,normal,0.003741151944713292,0.00014889356350072109,0.9799962528704462,0.00046973664987033463,0.011224198159758694,0.004419766811710763
7,human7_normal13/human7_normal13_SkeletonData6.csv,normal,normal,0.009994341827309893,1.4982238808744757e-05,0.9834216804080277,0.000851221197353117,0.005208949953688712,0.0005088243748120195
7,human7_normal18/human7_normal18_SkeletonData2.csv,normal,normal,0.003765207788313427,1.381210241764306e-05,0.9504892162203307,0.038681944953668314,0.004163795441743129,0.002886023493527
7,human7_normal18/human7_normal18_SkeletonData3.csv,normal,normal,0.00013583544200682361,0.0004342768592256856,0.9057124908132804,0.09070146943011796,0.001168079163415801,0.0018478482919532964
7,human7_normal18/human7_normal18_SkeletonData4.csv,normal,normal,9.917431435659465e-05,0.00010033262297281088,0.9328003920798613,0.05946695900613575,0.0012914593567769155,0.006241682619896649
7,human7_normal18/human7_normal18_SkeletonData5.csv,normal,normal,0.0003960111428716555,4.2598354112773495e-05,0.9962245416766092,0.0003228765864541224,0.001908438423649792,0.0011055338163025437
7,human7_normal18/human7_normal18_SkeletonData6.csv,normal,normal,0.002553032828729093,5.51121536754141e-05,0.987647032703251,0.001784688607168513,0.005768601824279875,0.002191531882896101
7,human7_normal4/human7_normal4_SkeletonData2.csv,normal,normal,0.018718122938054835,1.4614674312770778e-05,0.7897715519131387,0.1788128737277944,0.009285063298840553,0.003397773447858515
7,human7_normal4/human7_normal4_SkeletonData3.csv,normal,normal,0.002124848693399877,1.2747658615610119e-05,0.9864582180730177,0.0036587008578653863,0.006030095888613625,0.0017153888284877185
7,human7_normal4/human7_normal4_SkeletonData4.csv,normal,normal,0.0007550778094729723,2.018724566403445e-05,0.8845243938796711,0.10987339862348548,0.004024823658009246,0.0008021187836970496
7,human7_normal4/human7_normal4_SkeletonData5.csv,normal,normal,0.005437200881895324,1.0141179663728934e-05,0.987806516631986,0.00044636977277087556,0.006007233783616998,0.00029253775006727077
7,human7_normal4/human7_normal4_SkeletonData6.csv,normal,normal,0.003478519464423084,3.5027312106282234e-05,0.9848957171205239,0.001184331085306849,0.009097614391283955,0.0013087906263558578
7,human7_normal6/human7_normal6_SkeletonData2.csv,normal,normal,0.007977883467645507,1.329357191077264e-05,0.8820476680668579,0.09848838021408876,0.008451339798857687,0.0030214348806393678
7,human7_normal6/human7_normal6_SkeletonData3.csv,normal,normal,0.0034834700650461297,5.938514585335211e-05,0.9822933133617255,0.001671066871142233,0.010359181215054273,0.0021335833411785313
7,human7_normal6/human7_normal6_SkeletonData4.csv,normal,normal,0.0006313508815521775,3.151196722297246e-05,0.912691735283504,0.07876483759311702,0.003159251593497198,0.004721312681106518
7,human7_normal6/human7_normal6_SkeletonData5.csv,normal,normal,0.0033907477273368417,0.00011983571822488082,0.979424085347708,0.0011767993517392704,0.00516843476303555,0.010720097091955535
7,human7_normal6/human7_normal6_SkeletonData6.csv,normal,normal,0.0048863925734525335,1.2184432729588694e-05,0.9806909282160372,0.0022733449718919316,0.011855256672195062,0.0002818931336936691
7,human7_normal9/human7_normal9_SkeletonData1.csv,normal,normal,0.13140669480907805,4.835673508031287e-05,0.8119869206895661,0.002715985053737516,0.036049952127923994,0.01779209058461417
7,human7_normal9/human7_normal9_SkeletonData2.csv,normal,normal,0.0011576917679859053,1.2934429541061027e-06,0.9941017391319977,0.003206115306231495,0.0005677932871814845,0.0009653670636493864
7,human7_normal9/human7_normal9_SkeletonData3.csv,normal,normal,0.002811053575008986,2.0992620777431685e-05,0.9818451315525828,0.002574788057504617,0.006787117939364404,0.005960916254761773
7,human7_normal9/human7_normal9_SkeletonData4.csv,normal,normal,0.002834118705826727,1.1265329414243955e-05,0.9763677478377356,0.005999633220145974,0.014181998623758872,0.0006052362831187252
7,human7_normal9/human7_normal9_SkeletonData5.csv,normal,normal,0.014476840613608015,1.6169213126745555e-05,0.9093114733667891,0.04653887217258947,0.006557204063943069,0.02309944056994351
7,human7_normal9/human7_normal9_SkeletonData6.csv,normal,normal,0.0024838803807857826,2.510382780162733e-06,0.953919261589223,0.030877009740083998,0.012453059255187172,0.0002642786519399198
7,human7_steppage12/human7_steppage12_SkeletonData2.csv,steppage,steppage,0.00014161488754323224,9.236417186993643e-06,0.006965128475140056,0.9924360392289803,6.601894792510632e-05,0.00038196204322441305
7,human7_steppage12/human7_steppage12_SkeletonData3.csv,steppage,steppage,0.0012661219200127214,0.21701749800820314,0.03426349182893713,0.6837741285486549,0.014253635033277612,0.04942512466091451
7,human7_steppage12/human7_steppage12_SkeletonData5.csv,steppage,steppage,4.94580128630428e-06,0.00017624962722428806,0.004287759175680734,0.9948778668033763,9.87232524170964e-06,0.0006433062671907639
7,human7_steppage12/human7_steppage12_SkeletonData6.csv,steppage,steppage,4.895639959264275e-06,0.000117825033108661,0.0016237870104510777,0.9957293431468784,2.8963158135614327e-06,0.0025212528537889344
7,human7_steppage13/human7_steppage13_SkeletonData1.csv,steppage,steppage,0.011713371212717151,0.018112634367426772,0.35810488590879885,0.5458552325391407,0.01613937095512576,0.050074505016790886
7,human7_steppage13/human7_steppage13_SkeletonData2.csv,steppage,steppage,0.0011240634675480118,0.003020456977104143,0.08062160524324864,0.8101664722254702,0.00024839358548719786,0.10481900850114187
7,human7_steppage13/human7_steppage13_SkeletonData3.csv,steppage,steppage,0.000896282813574242,0.031152282284789192,0.18993039006308868,0.7534401482879876,0.004834634072427847,0.01974626247813275
7,human7_steppage13/human7_steppage13_SkeletonData4.csv,steppage,steppage,0.0024617652068888557,0.026884074354924972,0.08788617208454697,0.47774383384837316,0.000598727566927968,0.4044254269383379
7,human7_steppage13/human7_steppage13_SkeletonData5.csv,steppage,steppage,0.031096525959613368,0.036587604060603206,0.4027215311528375,0.4813332941904615,0.03115336822245614,0.01710767641402828
7,human7_steppage13/human7_steppage13_SkeletonData6.csv,steppage,steppage,0.00020515912406576464,0.00027649179038914895,0.42681381901670284,0.5455926572772304,5.7307807819757646e-05,0.027054564983792127
7,human7_steppage17/human7_steppage17_SkeletonData1.csv,steppage,steppage,0.00017635245992315943,6.076947062031275e-05,0.03674578779687356,0.9617024537613298,0.00033693814340074566,0.0009776983678526424
7,human7_steppage17/human7_steppage17_SkeletonData2.csv,steppage,steppage,5.324537492681161e-05,0.00019186469761747516,0.006856500939050024,0.9255852418610615,7.852933138836299e-05,0.0672346177959559
7,human7_steppage17/human7_steppage17_SkeletonData3.csv,steppage,steppage,0.0007885643804233607,0.0006373519157236397,0.0893772698893484,0.8946450418030535,0.0053314006045738285,0.009220371406877217
7,human7_steppage17/human7_steppage17_SkeletonData4.csv,steppage,steppage,0.00033763815198231846,4.2664217154342045e-05,0.014427244855273982,0.9802571838115024,0.0003494012171150061,0.004585867746972161
7,human7_steppage17/human7_steppage17_SkeletonData5.csv,steppage,steppage,0.028721706586055447,0.0010737736545968497,0.07284500183255925,0.8306127829101728,0.05230623572170708,0.0144404992949086
7,human7_steppage17/human7_steppage17_SkeletonData6.csv,steppage,steppage,0.034537253422857586,0.001692925788574142,0.11001592041105887,0.8219109677857073,0.023910894802324847,0.007932037789477337
7,human7_steppage18/human7_steppage18_SkeletonData1.csv,steppage,steppage,0.00018294896592903822,0.0002400904069262839,0.01276257926490055,0.981849779934441,0.00022361773485585012,0.004740983692947237
7,human7_steppage18/human7_steppage18_SkeletonData2.csv,steppage,steppage,2.598363419260006e-05,1.5694438674502694e-05,0.0034984457377779327,0.9944261478522013,3.048055832447075e-05,0.002003247778829128
7,human7_steppage18/human7_steppage18_SkeletonData3.csv,steppage,steppage,6.180995532099655e-05,0.00017173901084095519,0.02247007034085905,0.9759777278518998,0.0003321453696833396,0.0009865074713958026
7,human7_steppage18/human7_steppage18_SkeletonData5.csv,steppage,steppage,0.0024181738670364422,0.00047367141249672704,0.05724352074959186,0.9225728315861585,0.007246675675441641,0.010045126709274953
7,human7_steppage18/human7_steppage18_SkeletonData6.csv,steppage,steppage,8.856746505517979e-06,1.419324672038739e-06,5.637405770737629e-05,0.9988672368133354,0.0009838065677266888,8.230649005283713e-05
7,human7_steppage6/human7_steppage6_SkeletonData1.csv,steppage,normal,0.0009604539471444161,0.0010603315284986642,0.4985791733534472,0.4921405524093576,0.00199089029724286,0.005268598464309323
7,human7_steppage6/human7_steppage6_SkeletonData2.csv,steppage,steppage,4.73666389884652e-05,9.424845525713137e-05,0.04694903113576704,0.9494103648946851,5.9156169187360445e-05,0.003439832706114936
7,human7_steppage6/human7_steppage6_SkeletonData3.csv,steppage,steppage,0.0014852714133646065,0.23123354733376592,0.24930503993961883,0.458011562061919,0.012085258682933574,0.047879320568398026
7,human7_steppage6/human7_steppage6_SkeletonData5.csv,steppage,steppage,0.0012566999859714497,0.024426063885245767,0.07457653245442443,0.8639308974133721,0.0019501151680086815,0.033859691092977456
7,human7_steppage6/human7_steppage6_SkeletonData6.csv,steppage,steppage,0.00037773074437340585,0.0004796288019587388,0.194656418390217,0.7968386681595026,0.0003845363744697863,0.007263017529478424
7,human7_steppage7/human7_steppage7_SkeletonData1.csv,steppage,steppage,0.0027381262155335116,0.012954279662895911,0.24901136653804412,0.648513783020275,0.011145170996042963,0.07563727356720851
7,human7_steppage7/human7_steppage7_SkeletonData2.csv,steppage,steppage,0.00017785063430139956,0.00044328620953190624,0.03451199765826297,0.9369237195754411,0.00011144031570124248,0.02783170560676131
7,human7_steppage7/human7_steppage7_SkeletonData3.csv,steppage,steppage,0.0008587259078665974,0.022171010900775032,0.3249281196900457,0.6277105302159225,0.008971929400211926,0.015359683885178249
7,human7_steppage7/human7_steppage7_SkeletonData5.csv,steppage,normal,0.014339337106663462,0.02018665979692983,0.5377622381053704,0.31071194644754274,0.07813398371381304,0.03886583482968056
7,human7_steppage7/human7_steppage7_SkeletonData6.csv,steppage,steppage,0.00018095405555205025,2.5839414859151627e-05,0.4613078784908609,0.5312996355894611,3.181892799447423e-05,0.0071538735212722145
7,human7_steppage8/human7_steppage8_SkeletonData1.csv,steppage,normal,0.024624053037978204,0.03138988284729273,0.4942000827993195,0.32849808140528425,0.04346184609459364,0.07782605381553175
7,human7_steppage8/human7_steppage8_SkeletonData2.csv,steppage,steppage,0.00019493126518361676,1.759305096128407e-05,0.010572086276690339,0.9712625136625278,0.00012724562042366105,0.01782563012421307
7,human7_steppage8/human7_steppage8_SkeletonData3.csv,steppage,steppage,0.0016615399505585898,0.0019855005190969567,0.1180761987266074,0.8685406695797602,0.0047183407382185355,0.005017750485758341
7,human7_steppage8/human7_steppage8_SkeletonData4.csv,steppage,steppage,0.0002965136412488451,7.059661945310205e-05,0.09677453965867595,0.889794926330671,0.00030036055015571764,0.01276306319979517
7,human7_steppage8/human7_steppage8_SkeletonData5.csv,steppage,steppage,0.0033256146164559997,0.0002235360899570845,0.1797752519562536,0.8118630631813892,0.0028539272777435626,0.0019586068782006354
7,human7_steppage8/human7_steppage8_SkeletonData6.csv,steppage,steppage,0.00012199503725379352,1.0159390006126693e-05,0.062119494472723885,0.9206302517035672,9.732709141903698e-06,0.017108366687307024
7,human7_steppage9/human7_steppage9_SkeletonData1.csv,steppage,normal,0.008446114012286279,0.002872846292481341,0.509793712952587,0.4514196954723871,0.021597960890516646,0.00586967037974176
7,human7_steppage9/human7_steppage9_SkeletonData2.csv,steppage,steppage,0.00010149790880296044,9.68006684617867e-06,0.01791835196483429,0.9800130721276947,1.2929208161647732e-05,0.0019444687236601
7,human7_steppage9/human7_steppage9_SkeletonData3.csv,steppage,steppage,0.0029161299628938275,0.0016148694622275213,0.3565888950654973,0.6045783590969813,0.012523666298963052,0.021778080113436887
7,human7_steppage9/human7_steppage9_SkeletonData4.csv,steppage,steppage,0.004053666273173252,0.00022326158929272658,0.38422162617740163,0.5123363025073622,0.0005915417991592907,0.09857360165361095
7,human7_steppage9/human7_steppage9_SkeletonData5.csv,steppage,normal,0.02101795111850867,0.0007157834724393944,0.5356450123419345,0.4092866558202235,0.03115268928680782,0.0021819079600861233
7,human7_steppage9/human7_steppage9_SkeletonData6.csv,steppage,steppage,0.00473123342545167,1.4500558355120921e-05,0.1296783845327174,0.8598429034942839,0.0032632677874117554,0.002469710201780176
7,human7_stiff_legged1/human7_stiff_legged1_SkeletonData2.csv,stiff_legged,stiff_legged,0.10124456124046907,3.5684875875605167e-07,2.0923586996463216e-05,3.909543472006409e-08,0.8987303803940665,3.7388342744603765e-06
7,human7_stiff_legged1/human7_stiff_legged1_SkeletonData3.csv,stiff_legged,stiff_legged,0.10225188239262406,1.6770427717459305e-07,0.00043945527365135494,1.456740207000741e-07,0.8973064713035659,1.8776518609691142e-06
7,human7_stiff_legged1/human7_stiff_legged1_SkeletonData4.csv,stiff_legged,stiff_legged,0.1992994380323071,2.5717840467654693e-07,5.528193489293779e-05,1.3203841027915851e-07,0.8006327736679235,1.2117148061472563e-05
7,human7_stiff_legged1/human7_stiff_legged1_SkeletonData5.csv,stiff_legged,stiff_legged,0.28461164495368974,1.7527093230934728e-09,0.0005457890620277331,5.762487616596408e-08,0.7148417828180601,7.23788636994306e-07
7,human7_stiff_legged1/human7_stiff_legged1_SkeletonData6.csv,stiff_legged,stiff_legged,0.11348951682858245,2.058878325663647e-08,3.115328393336456e-05,2.7251258560533506e-08,0.8864788870287756,3.950186667885619e-07
7,human7_stiff_legged13/human7_stiff_legged13_SkeletonData1.csv,stiff_legged,antalgic,0.8912137147419048,3.024042139186606e-06,2.4490948995407016e-06,2.1102001702063598e-09,0.10870038066154908,8.042934930694754e-05
7,human7_stiff_legged13/human7_stiff_legged13_SkeletonData2.csv,stiff_legged,stiff_legged,0.3038075236178343,1.2639212170889497e-05,0.00021681580558905153,1.4679452463813605e-05,0.6938638661441245,0.002084475767817327
7,human7_stiff_legged13/human7_stiff_legged13_SkeletonData3.csv,stiff_legged,stiff_legged,0.12072660936019804,3.5143476450091645e-05,5.07296190778054e-05,9.163464539202278e-07,0.8788981427136153,0.0002884584842048667
7,human7_stiff_legged13/human7_stiff_legged13_SkeletonData5.csv,stiff_legged,stiff_legged,0.4348719715233943,6.608410038164201e-06,0.0008236429035586094,5.157191538332586e-07,0.5628618120546156,0.0014354493892394268
7,human7_stiff_legged13/human7_stiff_legged13_SkeletonData6.csv,stiff_legged,stiff_legged,0.05885890664605112,1.8508136468238006e-05,0.00018403712261997482,1.8383366624580916e-06,0.939847141208663,0.0010895685495351396
7,human7_stiff_legged15/human7_stiff_legged15_SkeletonData1.csv,stiff_legged,stiff_legged,0.25890300627565,8.78246373261665e-06,6.644481749145764e-06,1.399040895345939e-08,0.7401764990523603,0.0009050537360989899
7,human7_stiff_legged15/human7_stiff_legged15_SkeletonData2.csv,stiff_legged,stiff_legged,0.219498312758018,2.2373563922644808e-05,0.0005637889971601046,1.8447628275519946e-05,0.7738330026196935,0.006064074432930371
7,human7_stiff_legged15/human7_stiff_legged15_SkeletonData3.csv,stiff_legged,stiff_legged,0.22979419735024606,7.247139566109916e-07,3.436181544331772e-07,4.733296169671899e-10,0.7701463143943619,5.841944995134331e-05
7,human7_stiff_legged15/human7_stiff_legged15_SkeletonData5.csv,stiff_legged,stiff_legged,0.32747289890412107,1.5049892023275835e-05,0.0003851399554027995,1.6348587585592304e-07,0.6717806142694489,0.0003461334931281588
7,human7_stiff_legged15/human7_stiff_legged15_SkeletonData6.csv,stiff_legged,stiff_legged,0.11869139692994307,1.0494675279609478e-06,3.9416068340780155e-05,4.361740564486294e-07,0.8811881275964328,7.957376369889701e-05
7,human7_stiff_legged17/human7_stiff_legged17_SkeletonData1.csv,stiff_legged,antalgic,0.6796232225212961,8.473922486409424e-06,0.0011358888716936568,1.4843976576956931e-07,0.3188592429933116,0.0003730232514464399
7,human7_stiff_legged17/human7_stiff_legged17_SkeletonData2.csv,stiff_legged,antalgic,0.5743141662776962,4.7583060949752896e-05,0.0016450071574314283,0.0002825576262960597,0.33648073421017466,0.08722995166745201
7,human7_stiff_legged17/human7_stiff_legged17_SkeletonData3.csv,stiff_legged,stiff_legged,0.14734684820545643,2.3400880784717215e-05,0.00012160130933032511,2.8349375251757024e-06,0.8524454976442569,5.981702264657814e-05
7,human7_stiff_legged17/human7_stiff_legged17_SkeletonData4.csv,stiff_legged,stiff_legged,0.06698964424020609,8.70808049954722e-05,0.0013579199615807965,1.549081815426399e-05,0.883377077409041,0.04817278676602234
7,human7_stiff_legged17/human7_stiff_legged17_SkeletonData5.csv,stiff_legged,stiff_legged,0.1961808043046059,1.7522600989238914e-05,0.00017523572986473862,2.946629177700712e-07,0.8034216664665534,0.00020447623506878566
7,human7_stiff_legged17/human7_stiff_legged17_SkeletonData6.csv,stiff_legged,stiff_legged,0.17164678447386914,3.335544529050765e-06,3.198888834129614e-05,1.4994705378255826e-06,0.828022682110143,0.0002937095125798391
7,human7_stiff_legged19/human7_stiff_legged19_SkeletonData1.csv,stiff_legged,stiff_legged,0.4701385726137888,3.8081641095528927e-06,0.0012551939639130144,8.073523306413624e-08,0.5283913828277975,0.0002109616951580944
7,human7_stiff_legged19/human7_stiff_legged19_SkeletonData2.csv,stiff_legged,stiff_legged,0.11629084765334216,7.815573019184528e-06,0.0003559454527772479,3.345677971657848e-06,0.8820757680327869,0.0012662776101029468
7,human7_stiff_legged19/human7_stiff_legged19_SkeletonData3.csv,stiff_legged,stiff_legged,0.25805717190166266,4.839718553408927e-06,0.0008682228243133041,1.6775166730735677e-07,0.740722511537268,0.0003470862665352891
7,human7_stiff_legged19/human7_stiff_legged19_SkeletonData4.csv,stiff_legged,stiff_legged,0.342869888616202,8.776678947448202e-06,0.001867670845531607,1.1705979858048084e-05,0.6525188655264205,0.0027230923530404383
7,human7_stiff_legged19/human7_stiff_legged19_SkeletonData5.csv,stiff_legged,antalgic,0.5976468186878662,2.6069319888235654e-06,0.00027519220147842016,1.2115873258597664e-07,0.4020103517999801,6.490921995383978e-05
7,human7_stiff_legged19/human7_stiff_legged19_SkeletonData6.csv,stiff_legged,stiff_legged,0.4696880295181024,4.528954608116951e-07,0.00015234213078439812,7.747537381198282e-07,0.5301248952365981,3.350546531613679e-05
7,human7_stiff_legged3/human7_stiff_legged3_SkeletonData1.csv,stiff_legged,stiff_legged,0.48088283729415254,3.0955644122520572e-06,0.0004609945832893816,8.646207524460336e-08,0.518588619846575,6.436624949561547e-05
7,human7_stiff_legged3/human7_stiff_legged3_SkeletonData2.csv,stiff_legged,stiff_legged,0.15746571290928185,5.933171384428385e-06,0.0006730868426713561,3.69145439287002e-05,0.8403504387613082,0.0014679137714253157
7,human7_stiff_legged3/human7_stiff_legged3_SkeletonData3.csv,stiff_legged,stiff_legged,0.03897936439381349,2.7268626708565544e-06,0.00013992640823566848,5.240925718191975e-08,0.9607925199642179,8.540996180482832e-05
7,human7_stiff_legged3/human7_stiff_legged3_SkeletonData5.csv,stiff_legged,stiff_legged,0.14241358538198276,2.7399537067217615e-06,0.001147015353952026,4.7231981805839483e-07,0.8563026991422712,0.00013348784826930333
7,human7_stiff_legged3/human7_stiff_legged3_SkeletonData6.csv,stiff_legged,stiff_legged,0.11239967936466878,1.0364444097427678e-06,8.750516091855478e-05,3.5332387643862455e-07,0.8874663494303763,4.5076275750299114e-05
7,human7_stiff_legged5/human7_stiff_legged5_SkeletonData1.csv,stiff_legged,stiff_legged,0.28982191378180344,3.3860182957547324e-06,0.005759033690611461,4.2062269226453385e-05,0.7042016250939027,0.000171979146160125
7,human7_stiff_legged5/human7_stiff_legged5_SkeletonData2.csv,stiff_legged,stiff_legged,0.15255229229304557,2.4248035628068382e-05,0.001097215477971571,3.602409058445029e-05,0.8381472451870882,0.008142974915682227
7,human7_stiff_legged5/human7_stiff_legged5_SkeletonData3.csv,stiff_legged,stiff_legged,0.0568269180382953,8.691966117652842e-05,9.732437058698786e-05,4.719528054562643e-08,0.9425042216730694,0.0004845690615911756
7,human7_stiff_legged5/human7_stiff_legged5_SkeletonData4.csv,stiff_legged,stiff_legged,0.11174227879841739,8.931700148993106e-05,0.0016324531717555953,1.0359391917449713e-06,0.8801277132625352,0.006407201826610057
7,human7_stiff_legged5/human7_stiff_legged5_SkeletonData5.csv,stiff_legged,stiff_legged,0.351419436963651,1.5758581291408264e-07,3.1804315554943794e-07,5.2676866373225594e-09,0.6485782150870184,1.8670526754779746e-06
7,human7_stiff_legged5/human7_stiff_legged5_SkeletonData6.csv,stiff_legged,stiff_legged,0.06465978152930961,5.276908820384582e-07,3.965481420300652e-05,2.66062286619388e-07,0.9352482844875462,5.148541577269878e-05
7,human7_stiff_legged6/human7_stiff_legged6_SkeletonData1.csv,stiff_legged,antalgic,0.6539383679394252,4.32281947702343e-07,2.7944482081114618e-06,2.9891710040879942e-09,0.34604322860374415,1.5173737503905084e-05
7,human7_stiff_legged6/human7_stiff_legged6_SkeletonData2.csv,stiff_legged,stiff_legged,0.15372635397425774,2.9750405863975777e-06,0.0003032143718063121,2.176945585328255e-05,0.8453641962144667,0.0005814909430296465
7,human7_stiff_legged6/human7_stiff_legged6_SkeletonData3.csv,stiff_legged,stiff_legged,0.08766140823777292,2.771040607798509e-06,0.0005515094172596064,1.9093264888103401e-07,0.9117396549487367,4.446542297420391e-05
7,human7_stiff_legged6/human7_stiff_legged6_SkeletonData5.csv,stiff_legged,stiff_legged,0.10832780003412776,1.5512006017076516e-06,0.00040986078418026544,2.7005575482972375e-07,0.8911492161871907,0.00011130173814480119
7,human7_stiff_legged6/human7_stiff_legged6_SkeletonData6.csv,stiff_legged,stiff_legged,0.06841933330926081,2.51016489394317e-07,3.6923804499370325e-05,8.579817406829099e-08,0.9315343557596495,9.050311926796128e-06
7,human7_trendelenburg1/human7_trendelenburg1_SkeletonData1.csv,trendelenburg,antalgic,0.5920771397557671,0.006331721642925569,0.009955421961919644,0.02232481827955794,0.24140655989787524,0.12790433846195443
7,human7_trendelenburg1/human7_trendelenburg1_SkeletonData2.csv,trendelenburg,steppage,0.0004619562763710409,0.000624296981335439,0.004665859635378122,0.6268880134734933,0.00016850241206501515,0.36719137122135714
7,human7_trendelenburg1/human7_trendelenburg1_SkeletonData3.csv,trendelenburg,stiff_legged,0.06153819539564345,0.007888254847278398,0.015945599801084318,0.00428214985231252,0.8125508394518177,0.09779496065186356
7,human7_trendelenburg1/human7_trendelenburg1_SkeletonData4.csv,trendelenburg,steppage,0.0019753948448694826,0.040348514309873094,0.07820072379467481,0.574899174831049,0.019601690901573803,0.2849745013179598
7,human7_trendelenburg1/human7_trendelenburg1_SkeletonData5.csv,trendelenburg,stiff_legged,0.035498461742600323,0.00011444808174616431,0.02549851611339764,0.0032398359022349442,0.927056342003005,0.008592396157015743
7,human7_trendelenburg1/human7_trendelenburg1_SkeletonData6.csv,trendelenburg,stiff_legged,0.19200660907728884,0.003931692866422149,0.1350957774902703,0.03583571489230188,0.34395126079443805,0.2891789448792787
7,human7_trendelenburg10/human7_trendelenburg10_SkeletonData1.csv,trendelenburg,stiff_legged,0.36055197108473336,0.0017929791436684843,0.01846743335494494,0.0001931687730220682,0.5354230357063001,0.08357141193733106
7,human7_trendelenburg10/human7_trendelenburg10_SkeletonData2.csv,trendelenburg,trendelenburg,0.017109676038853834,0.0008696000716515486,0.017902374519136212,0.09246390226720758,0.01668881510060808,0.8549656320025427
7,human7_trendelenburg10/human7_trendelenburg10_SkeletonData3.csv,trendelenburg,stiff_legged,0.04294550030028548,0.00031247495714387406,0.012887470237603765,3.962190823054329e-05,0.9264544489296604,0.017360483667075932
7,human7_trendelenburg10/human7_trendelenburg10_SkeletonData4.csv,trendelenburg,trendelenburg,0.08973071654753223,0.00022950642711055987,0.24173964641936277,0.13522510922254927,0.056019954656103516,0.47705506672734166
7,human7_trendelenburg10/human7_trendelenburg10_SkeletonData5.csv,trendelenburg,normal,0.20379098232532358,0.0005865359651910642,0.4421224834802452,0.004994424629387133,0.26848970096187214,0.08001587263798089
7,human7_trendelenburg11/human7_trendelenburg11_SkeletonData1.csv,trendelenburg,stiff_legged,0.23140199414431376,0.000676130024375635,0.0002633179994540093,0.0004314888591834436,0.7651309135416825,0.002096155430990742
7,human7_trendelenburg11/human7_trendelenburg11_SkeletonData2.csv,trendelenburg,trendelenburg,0.03714861621914471,0.0001260352073420064,0.2917735328264041,0.01973345253277265,0.07442967180489234,0.5767886914094441
7,human7_trendelenburg11/human7_trendelenburg11_SkeletonData3.csv,trendelenburg,stiff_legged,0.15179914146773024,0.0022768815992993633,0.024263124559707024,0.0008261237779642027,0.7772116542819698,0.04362307431332929
7,human7_trendelenburg11/human7_trendelenburg11_SkeletonData4.csv,trendelenburg,steppage,0.11115044921218559,0.000550334072287181,0.19784260392372946,0.39857466442889516,0.03624891018600689,0.2556330381768957
7,human7_trendelenburg11/human7_trendelenburg11_SkeletonData5.csv,trendelenburg,stiff_legged,0.44558777731696836,1.3617678549997927e-05,0.03108688201622023,0.002970822927704222,0.5035966122002917,0.01674428786026555
7,human7_trendelenburg11/human7_trendelenburg11_SkeletonData6.csv,trendelenburg,antalgic,0.5198291933092067,2.276951514973028e-06,0.17743183159514422,0.18616496759090448,0.08959422887258418,0.02697750168064549
7,human7_trendelenburg14/human7_trendelenburg14_SkeletonData1.csv,trendelenburg,antalgic,0.8810019052966348,4.118095706153012e-06,5.361260291197296e-07,1.554572512040924e-05,0.11893306759915699,4.4827157352416805e-05
7,human7_trendelenburg14/human7_trendelenburg14_SkeletonData2.csv,trendelenburg,trendelenburg,0.19465410060295452,2.9028534458541196e-05,0.128392720526667,0.19539450358183974,0.02243375950151789,0.4590958872525623
7,human7_trendelenburg14/human7_trendelenburg14_SkeletonData3.csv,trendelenburg,stiff_legged,0.1417943590250515,0.00028822615340138615,0.056912082322060555,0.0005023308611558641,0.76436587937118,0.03613712226715081
7,human7_trendelenburg14/human7_trendelenburg14_SkeletonData4.csv,trendelenburg,steppage,0.27192000504737895,0.0001537500695553125,0.09714467245302849,0.30605387907462145,0.09891271437755574,0.22581497897786001
7,human7_trendelenburg14/human7_trendelenburg14_SkeletonData5.csv,trendelenburg,stiff_legged,0.3514058654860014,3.225831895186926e-05,0.08510044952893951,0.0014135756508739522,0.5570857266182259,0.00496212439700743
7,human7_trendelenburg14/human7_trendelenburg14_SkeletonData6.csv,trendelenburg,antalgic,0.48146612056366583,1.4718009282951383e-05,0.15646877864900505,0.13806898811966883,0.18989024805880833,0.03409114659956878
7,human7_trendelenburg17/human7_trendelenburg17_SkeletonData1.csv,trendelenburg,stiff_legged,0.17974901815066646,8.940448340183684e-05,0.04545984897857874,0.0009182689513783447,0.6705130020421948,0.10327045739377982
7,human7_trendelenburg17/human7_trendelenburg17_SkeletonData2.csv,trendelenburg,trendelenburg,0.10570901781207191,0.00011714535646152266,0.4085072551832343,0.01057286587566998,0.022238766728342407,0.45285494904421975
7,human7_trendelenburg17/human7_trendelenburg17_SkeletonData3.csv,trendelenburg,stiff_legged,0.2261283909172305,0.00031554783697864157,0.08165677921010657,0.0016861834825326152,0.677020680730131,0.013192417823020703
7,human7_trendelenburg17/human7_trendelenburg17_SkeletonData4.csv,trendelenburg,antalgic,0.399578180543712,0.00016200577695373746,0.2497295960076545,0.08352427294159799,0.13359458561784393,0.13341135911223778
7,human7_trendelenburg17/human7_trendelenburg17_SkeletonData5.csv,trendelenburg,antalgic,0.5472292477985173,0.00012464083180603982,0.04736467452786627,0.00017154130247572265,0.4026768475610146,0.0024330479783200537
7,human7_trendelenburg17/human7_trendelenburg17_SkeletonData6.csv,trendelenburg,antalgic,0.6572683605524969,0.00021199723555631608,0.12174361642840889,0.016388596331815625,0.16494498025248627,0.03944244919923587
7,human7_trendelenburg20/human7_trendelenburg20_SkeletonData1.csv,trendelenburg,normal,0.053341878282712245,0.0001939696064221635,0.5213177093228669,0.012193772797070682,0.15824825922811278,0.2547044107628152
7,human7_trendelenburg20/human7_trendelenburg20_SkeletonData2.csv,trendelenburg,trendelenburg,0.037026044689939495,0.000203434971549507,0.2214586581167543,0.09190184592600885,0.07020273515329421,0.5792072811424537
7,human7_trendelenburg20/human7_trendelenburg20_SkeletonData3.csv,trendelenburg,stiff_legged,0.031600263589027996,0.001602487280240226,0.31195093921377326,0.0022311094027226497,0.5604146360663183,0.09220056444791772
7,human7_trendelenburg20/human7_trendelenburg20_SkeletonData4.csv,trendelenburg,trendelenburg,0.024694562991671533,0.0005338543348414357,0.35262996574425315,0.1175535750834354,0.01724696984778357,0.48734107199801485
7,human7_trendelenburg20/human7_trendelenburg20_SkeletonData5.csv,trendelenburg,normal,0.2762889835083269,1.8674638694291863e-05,0.45170079992271456,0.003465322667388441,0.26404282805782253,0.004483391205053223
7,human7_trendelenburg20/human7_trendelenburg20_SkeletonData6.csv,trendelenburg,normal,0.11317367431149351,1.3864062739107793e-05,0.6434082623641927,0.10629776417159828,0.03217465748943182,0.1049317776005446
7,human7_trendelenburg3/human7_trendelenburg3_SkeletonData2.csv,trendelenburg,stiff_legged,0.10498137485138555,6.887722914442364e-05,0.37872400431593367,0.10206494443817309,0.3901866137653328,0.023974185400030466
7,human7_trendelenburg3/human7_trendelenburg3_SkeletonData3.csv,trendelenburg,stiff_legged,0.21128368278323165,0.0065486123354652195,0.025705480601920672,0.0015042879422699886,0.677556649470072,0.07740128686704054
7,human7_trendelenburg3/human7_trendelenburg3_SkeletonData4.csv,trendelenburg,trendelenburg,0.01803629412179794,0.009489027539494899,0.07714202866862703,0.12334265739979036,0.010941003493556149,0.7610489887767335
7,human7_trendelenburg3/human7_trendelenburg3_SkeletonData5.csv,trendelenburg,antalgic,0.5341019678896672,0.0016236073630825098,0.0034927381391138654,2.0823630401793406e-05,0.4552607966951059,0.00550006628262871
7,human7_trendelenburg3/human7_trendelenburg3_SkeletonData6.csv,trendelenburg,normal,0.262269478698599,0.0027478729263297214,0.3741112949879032,0.022966196254113044,0.25269174075290013,0.0852134163801549
7,human7_trendelenburg9/human7_trendelenburg9_SkeletonData1.csv,trendelenburg,stiff_legged,0.4555172628883408,0.000732965174701167,0.0010135821455352213,3.1811973991142775e-05,0.5382018678306874,0.004502509986744308
7,human7_trendelenburg9/human7_trendelenburg9_SkeletonData2.csv,trendelenburg,trendelenburg,0.2638333728795441,0.0004108260783325144,0.012381940289179277,0.03130825083922799,0.325308213859296,0.3667573960544201
7,human7_trendelenburg9/human7_trendelenburg9_SkeletonData3.csv,trendelenburg,stiff_legged,0.3918832989297168,0.0006681683157602634,0.011556834227707544,0.000694689739381885,0.4894917819466732,0.10570522684076031
7,human7_trendelenburg9/human7_trendelenburg9_SkeletonData4.csv,trendelenburg,trendelenburg,0.11386551950335945,0.0008383979160474473,0.18445745146499695,0.13453455602237968,0.15032151837086136,0.415982556722355
7,human7_trendelenburg9/human7_trendelenburg9_SkeletonData5.csv,trendelenburg,antalgic,0.5112595164707303,0.0001197046575643355,0.160177075052769,0.020153968902897054,0.24915872987734533,0.05913100503869395
7,human7_trendelenburg9/human7_trendelenburg9_SkeletonData6.csv,trendelenburg,antalgic,0.40979570380197183,9.627392426604081e-05,0.19821552487946603,0.12386356894512454,0.22719272560405326,0.04083620284511838
